<?xml version="1.0" encoding="utf-8" standalone="yes"?>
<gpx version="1.0" creator="K9TrailsAnalyzer" xmlns="http://www.topografix.com/GPX/1/1" xmlns:xsi="http://www.w3.org/2001/XMLSchema-instance" xmlns:locus="https://www.locusmap.app" xsi:schemaLocation="http://www.topografix.com/GPX/1/1 http://www.topografix.com/GPX/1/1/gpx.xsd" xmlns:k9="https://github.com/mwrnckx/K9-Trails-Analyzer/gpxextenze/1.0">
  <metadata>
    <extensions>   <k9:trailStats LevelOfBlinding="DoubleBlindAssisted" DogName="Goro" HandlerName="Šizuo Onodera" > </k9:trailStats >
      <k9:report lang="en">
        <k9:goal>testing the application</k9:goal>
        <k9:trail>1,9 km, ⌛ 0,8 h, forest, footpaths, gravel</k9:trail>
        <k9:performance>Good work but not precise</k9:performance>
        
        
        <k9:numberOfArticlesFound>6</k9:numberOfArticlesFound>
                       <k9:weather temperature="3" windSpeed="2.55" windDirection="318" precipitation="0" relHumidity="85" cloudCover="100">🌡3 °C,  🌬2,6 m/s NW, 💧85 %,   ☔​0 mm/h, 🌥100 %</k9:weather>
      
      </k9:report>
   
    </extensions>
  </metadata>
 
  <trk>
    <extensions>   
      <k9:TrackType>RunnerTrail</k9:TrackType>
    </extensions>
    <name>2026-03-29 08:13</name>
    <desc><![CDATA[📍 testing the application<br>👣 1,9 km, ⌛ 0,8 h, forest, footpaths, gravel<br>🏅 Best work  - precise<br>🌡3 °C,  🌬2,6 m/s NW, 💧85 %,   ☔​0 mm/h, 🌥100 %]]></desc>
    <trkseg>
      <trkpt lat="50.1413683" lon="14.4241800">
        <ele>290.74</ele>
        <time>2026-03-29T06:13:57.000Z</time>
        <course>251.000</course>
        <hdop>1.60</hdop>
      </trkpt>
      <trkpt lat="50.1413600" lon="14.4241417">
        <ele>291.22</ele>
        <time>2026-03-29T06:14:00.000Z</time>
        <course>251.000</course>
        <hdop>1.70</hdop>
      </trkpt>
      <trkpt lat="50.1413500" lon="14.4240950">
        <ele>291.22</ele>
        <time>2026-03-29T06:14:03.000Z</time>
        <course>251.000</course>
        <hdop>1.80</hdop>
      </trkpt>
      <trkpt lat="50.1413383" lon="14.4240400">
        <ele>290.49</ele>
        <time>2026-03-29T06:14:05.000Z</time>
        <course>251.000</course>
        <hdop>1.70</hdop>
      </trkpt>
      <trkpt lat="50.1413283" lon="14.4239967">
        <ele>289.03</ele>
        <time>2026-03-29T06:14:08.000Z</time>
        <course>251.000</course>
        <hdop>1.70</hdop>
      </trkpt>
      <trkpt lat="50.1413167" lon="14.4239433">
        <ele>287.32</ele>
        <time>2026-03-29T06:14:11.000Z</time>
        <course>251.000</course>
        <hdop>1.70</hdop>
      </trkpt>
      <trkpt lat="50.1413133" lon="14.4239250">
        <ele>287.39</ele>
        <time>2026-03-29T06:14:14.000Z</time>
        <course>251.000</course>
        <hdop>1.70</hdop>
      </trkpt>
      <trkpt lat="50.1412817" lon="14.4239383">
        <ele>288.36</ele>
        <time>2026-03-29T06:14:17.000Z</time>
        <course>185.300</course>
        <hdop>1.80</hdop>
      </trkpt>
      <trkpt lat="50.1412583" lon="14.4239500">
        <ele>288.88</ele>
        <time>2026-03-29T06:14:20.000Z</time>
        <course>201.340</course>
        <hdop>1.90</hdop>
      </trkpt>
      <trkpt lat="50.1412233" lon="14.4239650">
        <ele>289.01</ele>
        <time>2026-03-29T06:14:23.000Z</time>
        <course>211.040</course>
        <hdop>2.00</hdop>
      </trkpt>
      <trkpt lat="50.1411950" lon="14.4239733">
        <ele>288.44</ele>
        <time>2026-03-29T06:14:26.000Z</time>
        <course>211.040</course>
        <hdop>1.90</hdop>
      </trkpt>
      <trkpt lat="50.1411600" lon="14.4239883">
        <ele>287.62</ele>
        <time>2026-03-29T06:14:29.000Z</time>
        <course>174.880</course>
        <hdop>1.80</hdop>
      </trkpt>
      <trkpt lat="50.1411217" lon="14.4239950">
        <ele>286.75</ele>
        <time>2026-03-29T06:14:32.000Z</time>
        <course>161.150</course>
        <hdop>1.90</hdop>
      </trkpt>
      <trkpt lat="50.1410767" lon="14.4240367">
        <ele>286.66</ele>
        <time>2026-03-29T06:14:36.000Z</time>
        <course>160.920</course>
        <hdop>2.10</hdop>
      </trkpt>
      <trkpt lat="50.1410500" lon="14.4240467">
        <ele>286.02</ele>
        <time>2026-03-29T06:14:38.000Z</time>
        <course>151.160</course>
        <hdop>1.90</hdop>
      </trkpt>
      <trkpt lat="50.1410117" lon="14.4240700">
        <ele>285.61</ele>
        <time>2026-03-29T06:14:41.000Z</time>
        <course>141.130</course>
        <hdop>2.00</hdop>
      </trkpt>
      <trkpt lat="50.1409867" lon="14.4241000">
        <ele>285.28</ele>
        <time>2026-03-29T06:14:43.000Z</time>
        <course>143.810</course>
        <hdop>2.00</hdop>
      </trkpt>
      <trkpt lat="50.1409833" lon="14.4241083">
        <ele>284.99</ele>
        <time>2026-03-29T06:14:46.000Z</time>
        <course>259.100</course>
        <hdop>1.80</hdop>
      </trkpt>
      <trkpt lat="50.1409867" lon="14.4240767">
        <ele>284.82</ele>
        <time>2026-03-29T06:14:49.000Z</time>
        <course>256.890</course>
        <hdop>1.80</hdop>
      </trkpt>
      <trkpt lat="50.1409950" lon="14.4240367">
        <ele>284.37</ele>
        <time>2026-03-29T06:14:52.000Z</time>
        <course>285.660</course>
        <hdop>1.80</hdop>
      </trkpt>
      <trkpt lat="50.1409983" lon="14.4239867">
        <ele>284.71</ele>
        <time>2026-03-29T06:14:55.000Z</time>
        <course>242.250</course>
        <hdop>1.90</hdop>
      </trkpt>
      <trkpt lat="50.1409917" lon="14.4239617">
        <ele>284.40</ele>
        <time>2026-03-29T06:14:58.000Z</time>
        <course>282.370</course>
        <hdop>1.70</hdop>
      </trkpt>
      <trkpt lat="50.1409850" lon="14.4239450">
        <ele>284.15</ele>
        <time>2026-03-29T06:15:01.000Z</time>
        <course>281.860</course>
        <hdop>1.70</hdop>
      </trkpt>
      <trkpt lat="50.1409817" lon="14.4240000">
        <ele>284.61</ele>
        <time>2026-03-29T06:15:07.000Z</time>
        <course>286.270</course>
        <hdop>1.70</hdop>
      </trkpt>
      <trkpt lat="50.1409833" lon="14.4240533">
        <ele>284.90</ele>
        <time>2026-03-29T06:15:10.000Z</time>
        <course>286.270</course>
        <hdop>1.70</hdop>
      </trkpt>
      <trkpt lat="50.1409817" lon="14.4241067">
        <ele>284.48</ele>
        <time>2026-03-29T06:15:13.000Z</time>
        <course>75.650</course>
        <hdop>1.80</hdop>
      </trkpt>
      <trkpt lat="50.1409883" lon="14.4241683">
        <ele>283.71</ele>
        <time>2026-03-29T06:15:16.000Z</time>
        <course>67.480</course>
        <hdop>1.80</hdop>
      </trkpt>
      <trkpt lat="50.1409900" lon="14.4242150">
        <ele>283.20</ele>
        <time>2026-03-29T06:15:19.000Z</time>
        <course>78.320</course>
        <hdop>1.80</hdop>
      </trkpt>
      <trkpt lat="50.1410017" lon="14.4242600">
        <ele>282.19</ele>
        <time>2026-03-29T06:15:22.000Z</time>
        <course>78.340</course>
        <hdop>1.80</hdop>
      </trkpt>
      <trkpt lat="50.1410117" lon="14.4243067">
        <ele>281.72</ele>
        <time>2026-03-29T06:15:25.000Z</time>
        <course>84.630</course>
        <hdop>1.70</hdop>
      </trkpt>
      <trkpt lat="50.1410267" lon="14.4243433">
        <ele>281.74</ele>
        <time>2026-03-29T06:15:27.000Z</time>
        <course>67.200</course>
        <hdop>1.70</hdop>
      </trkpt>
      <trkpt lat="50.1410367" lon="14.4243850">
        <ele>281.83</ele>
        <time>2026-03-29T06:15:29.000Z</time>
        <course>64.610</course>
        <hdop>1.80</hdop>
      </trkpt>
      <trkpt lat="50.1410450" lon="14.4244283">
        <ele>281.86</ele>
        <time>2026-03-29T06:15:32.000Z</time>
        <course>60.620</course>
        <hdop>1.90</hdop>
      </trkpt>
      <trkpt lat="50.1410567" lon="14.4244817">
        <ele>282.13</ele>
        <time>2026-03-29T06:15:35.000Z</time>
        <course>78.060</course>
        <hdop>1.80</hdop>
      </trkpt>
      <trkpt lat="50.1410583" lon="14.4245200">
        <ele>282.34</ele>
        <time>2026-03-29T06:15:38.000Z</time>
        <course>93.280</course>
        <hdop>1.80</hdop>
      </trkpt>
      <trkpt lat="50.1410717" lon="14.4245667">
        <ele>285.41</ele>
        <time>2026-03-29T06:15:41.000Z</time>
        <course>85.680</course>
        <hdop>1.70</hdop>
      </trkpt>
      <trkpt lat="50.1410833" lon="14.4246267">
        <ele>287.63</ele>
        <time>2026-03-29T06:15:44.000Z</time>
        <course>76.300</course>
        <hdop>1.80</hdop>
      </trkpt>
      <trkpt lat="50.1410867" lon="14.4246717">
        <ele>289.01</ele>
        <time>2026-03-29T06:15:47.000Z</time>
        <course>84.720</course>
        <hdop>1.80</hdop>
      </trkpt>
      <trkpt lat="50.1410983" lon="14.4247117">
        <ele>289.87</ele>
        <time>2026-03-29T06:15:50.000Z</time>
        <course>66.900</course>
        <hdop>1.90</hdop>
      </trkpt>
      <trkpt lat="50.1411033" lon="14.4247567">
        <ele>290.11</ele>
        <time>2026-03-29T06:15:53.000Z</time>
        <course>80.650</course>
        <hdop>1.90</hdop>
      </trkpt>
      <trkpt lat="50.1411100" lon="14.4247950">
        <ele>290.41</ele>
        <time>2026-03-29T06:15:56.000Z</time>
        <course>79.480</course>
        <hdop>1.90</hdop>
      </trkpt>
      <trkpt lat="50.1411250" lon="14.4248417">
        <ele>290.33</ele>
        <time>2026-03-29T06:15:59.000Z</time>
        <course>71.430</course>
        <hdop>1.80</hdop>
      </trkpt>
      <trkpt lat="50.1411333" lon="14.4248900">
        <ele>290.54</ele>
        <time>2026-03-29T06:16:02.000Z</time>
        <course>95.210</course>
        <hdop>1.60</hdop>
      </trkpt>
      <trkpt lat="50.1411333" lon="14.4249117">
        <ele>290.30</ele>
        <time>2026-03-29T06:16:05.000Z</time>
        <course>95.210</course>
        <hdop>1.60</hdop>
      </trkpt>
      <trkpt lat="50.1411450" lon="14.4249617">
        <ele>289.88</ele>
        <time>2026-03-29T06:16:08.000Z</time>
        <course>50.430</course>
        <hdop>1.60</hdop>
      </trkpt>
      <trkpt lat="50.1411517" lon="14.4250050">
        <ele>290.11</ele>
        <time>2026-03-29T06:16:11.000Z</time>
        <course>98.980</course>
        <hdop>1.70</hdop>
      </trkpt>
      <trkpt lat="50.1411417" lon="14.4250283">
        <ele>289.39</ele>
        <time>2026-03-29T06:16:14.000Z</time>
        <course>69.530</course>
        <hdop>1.90</hdop>
      </trkpt>
      <trkpt lat="50.1411550" lon="14.4250650">
        <ele>288.58</ele>
        <time>2026-03-29T06:16:16.000Z</time>
        <course>81.430</course>
        <hdop>1.80</hdop>
      </trkpt>
      <trkpt lat="50.1411583" lon="14.4251233">
        <ele>287.39</ele>
        <time>2026-03-29T06:16:19.000Z</time>
        <course>73.230</course>
        <hdop>1.80</hdop>
      </trkpt>
      <trkpt lat="50.1411700" lon="14.4251733">
        <ele>286.37</ele>
        <time>2026-03-29T06:16:22.000Z</time>
        <course>73.000</course>
        <hdop>1.80</hdop>
      </trkpt>
      <trkpt lat="50.1411833" lon="14.4252167">
        <ele>285.14</ele>
        <time>2026-03-29T06:16:25.000Z</time>
        <course>55.130</course>
        <hdop>1.90</hdop>
      </trkpt>
      <trkpt lat="50.1412033" lon="14.4252633">
        <ele>283.59</ele>
        <time>2026-03-29T06:16:28.000Z</time>
        <course>68.870</course>
        <hdop>1.90</hdop>
      </trkpt>
      <trkpt lat="50.1412117" lon="14.4253067">
        <ele>282.52</ele>
        <time>2026-03-29T06:16:31.000Z</time>
        <course>95.060</course>
        <hdop>1.90</hdop>
      </trkpt>
      <trkpt lat="50.1412017" lon="14.4253433">
        <ele>283.43</ele>
        <time>2026-03-29T06:16:34.000Z</time>
        <course>133.380</course>
        <hdop>1.90</hdop>
      </trkpt>
      <trkpt lat="50.1411900" lon="14.4253433">
        <ele>284.15</ele>
        <time>2026-03-29T06:16:37.000Z</time>
        <course>212.810</course>
        <hdop>1.90</hdop>
      </trkpt>
      <trkpt lat="50.1411783" lon="14.4253517">
        <ele>284.32</ele>
        <time>2026-03-29T06:16:40.000Z</time>
        <course>157.640</course>
        <hdop>1.90</hdop>
      </trkpt>
      <trkpt lat="50.1411550" lon="14.4253733">
        <ele>284.61</ele>
        <time>2026-03-29T06:16:43.000Z</time>
        <course>146.120</course>
        <hdop>1.80</hdop>
      </trkpt>
      <trkpt lat="50.1411333" lon="14.4253967">
        <ele>285.08</ele>
        <time>2026-03-29T06:16:46.000Z</time>
        <course>145.250</course>
        <hdop>1.80</hdop>
      </trkpt>
      <trkpt lat="50.1411167" lon="14.4254117">
        <ele>284.99</ele>
        <time>2026-03-29T06:16:49.000Z</time>
        <course>126.150</course>
        <hdop>1.70</hdop>
      </trkpt>
      <trkpt lat="50.1411017" lon="14.4254317">
        <ele>284.75</ele>
        <time>2026-03-29T06:16:52.000Z</time>
        <course>142.900</course>
        <hdop>1.80</hdop>
      </trkpt>
      <trkpt lat="50.1410867" lon="14.4254583">
        <ele>284.68</ele>
        <time>2026-03-29T06:16:55.000Z</time>
        <course>161.530</course>
        <hdop>1.80</hdop>
      </trkpt>
      <trkpt lat="50.1410667" lon="14.4254717">
        <ele>284.13</ele>
        <time>2026-03-29T06:16:58.000Z</time>
        <course>168.440</course>
        <hdop>1.90</hdop>
      </trkpt>
      <trkpt lat="50.1410383" lon="14.4254767">
        <ele>282.79</ele>
        <time>2026-03-29T06:17:01.000Z</time>
        <course>179.900</course>
        <hdop>1.80</hdop>
      </trkpt>
      <trkpt lat="50.1410133" lon="14.4254817">
        <ele>281.20</ele>
        <time>2026-03-29T06:17:04.000Z</time>
        <course>168.930</course>
        <hdop>1.80</hdop>
      </trkpt>
      <trkpt lat="50.1409833" lon="14.4254850">
        <ele>280.05</ele>
        <time>2026-03-29T06:17:07.000Z</time>
        <course>189.880</course>
        <hdop>1.80</hdop>
      </trkpt>
      <trkpt lat="50.1409633" lon="14.4254783">
        <ele>278.71</ele>
        <time>2026-03-29T06:17:10.000Z</time>
        <course>207.670</course>
        <hdop>1.80</hdop>
      </trkpt>
      <trkpt lat="50.1409267" lon="14.4254850">
        <ele>276.80</ele>
        <time>2026-03-29T06:17:13.000Z</time>
        <course>191.990</course>
        <hdop>1.80</hdop>
      </trkpt>
      <trkpt lat="50.1408967" lon="14.4254950">
        <ele>275.48</ele>
        <time>2026-03-29T06:17:16.000Z</time>
        <course>167.990</course>
        <hdop>1.90</hdop>
      </trkpt>
      <trkpt lat="50.1408767" lon="14.4255317">
        <ele>274.88</ele>
        <time>2026-03-29T06:17:19.000Z</time>
        <course>122.880</course>
        <hdop>1.90</hdop>
      </trkpt>
      <trkpt lat="50.1408700" lon="14.4255733">
        <ele>274.23</ele>
        <time>2026-03-29T06:17:22.000Z</time>
        <course>128.990</course>
        <hdop>1.90</hdop>
      </trkpt>
      <trkpt lat="50.1408567" lon="14.4256000">
        <ele>273.75</ele>
        <time>2026-03-29T06:17:25.000Z</time>
        <course>84.770</course>
        <hdop>1.90</hdop>
      </trkpt>
      <trkpt lat="50.1408350" lon="14.4256233">
        <ele>273.62</ele>
        <time>2026-03-29T06:17:28.000Z</time>
        <course>128.550</course>
        <hdop>1.90</hdop>
      </trkpt>
      <trkpt lat="50.1408117" lon="14.4256500">
        <ele>274.06</ele>
        <time>2026-03-29T06:17:31.000Z</time>
        <course>139.360</course>
        <hdop>2.10</hdop>
      </trkpt>
      <trkpt lat="50.1407950" lon="14.4256800">
        <ele>274.58</ele>
        <time>2026-03-29T06:17:34.000Z</time>
        <course>137.480</course>
        <hdop>2.10</hdop>
      </trkpt>
      <trkpt lat="50.1407917" lon="14.4257267">
        <ele>274.62</ele>
        <time>2026-03-29T06:17:37.000Z</time>
        <course>110.080</course>
        <hdop>2.00</hdop>
      </trkpt>
      <trkpt lat="50.1407900" lon="14.4257650">
        <ele>274.20</ele>
        <time>2026-03-29T06:17:40.000Z</time>
        <course>107.850</course>
        <hdop>2.00</hdop>
      </trkpt>
      <trkpt lat="50.1407967" lon="14.4258100">
        <ele>273.88</ele>
        <time>2026-03-29T06:17:43.000Z</time>
        <course>94.970</course>
        <hdop>2.10</hdop>
      </trkpt>
      <trkpt lat="50.1408067" lon="14.4258617">
        <ele>273.48</ele>
        <time>2026-03-29T06:17:46.000Z</time>
        <course>92.220</course>
        <hdop>2.10</hdop>
      </trkpt>
      <trkpt lat="50.1408050" lon="14.4259233">
        <ele>272.84</ele>
        <time>2026-03-29T06:17:49.000Z</time>
        <course>93.000</course>
        <hdop>2.00</hdop>
      </trkpt>
      <trkpt lat="50.1408033" lon="14.4259800">
        <ele>272.33</ele>
        <time>2026-03-29T06:17:52.000Z</time>
        <course>93.000</course>
        <hdop>1.90</hdop>
      </trkpt>
      <trkpt lat="50.1407983" lon="14.4260350">
        <ele>271.86</ele>
        <time>2026-03-29T06:17:55.000Z</time>
        <course>97.000</course>
        <hdop>1.90</hdop>
      </trkpt>
      <trkpt lat="50.1407967" lon="14.4260717">
        <ele>271.23</ele>
        <time>2026-03-29T06:17:58.000Z</time>
        <course>97.000</course>
        <hdop>1.80</hdop>
      </trkpt>
      <trkpt lat="50.1407967" lon="14.4260800">
        <ele>269.97</ele>
        <time>2026-03-29T06:18:01.000Z</time>
        <course>99.110</course>
        <hdop>1.70</hdop>
      </trkpt>
      <trkpt lat="50.1407983" lon="14.4261083">
        <ele>269.31</ele>
        <time>2026-03-29T06:18:04.000Z</time>
        <course>79.300</course>
        <hdop>1.80</hdop>
      </trkpt>
      <trkpt lat="50.1407950" lon="14.4261500">
        <ele>269.49</ele>
        <time>2026-03-29T06:18:07.000Z</time>
        <course>106.000</course>
        <hdop>1.80</hdop>
      </trkpt>
      <trkpt lat="50.1407883" lon="14.4262017">
        <ele>270.14</ele>
        <time>2026-03-29T06:18:10.000Z</time>
        <course>97.000</course>
        <hdop>1.80</hdop>
      </trkpt>
      <trkpt lat="50.1407800" lon="14.4262550">
        <ele>270.66</ele>
        <time>2026-03-29T06:18:13.000Z</time>
        <course>106.000</course>
        <hdop>1.80</hdop>
      </trkpt>
      <trkpt lat="50.1407700" lon="14.4263100">
        <ele>270.86</ele>
        <time>2026-03-29T06:18:16.000Z</time>
        <course>106.000</course>
        <hdop>1.70</hdop>
      </trkpt>
      <trkpt lat="50.1407650" lon="14.4263367">
        <ele>270.94</ele>
        <time>2026-03-29T06:18:19.000Z</time>
        <course>106.000</course>
        <hdop>1.70</hdop>
      </trkpt>
      <trkpt lat="50.1407567" lon="14.4263783">
        <ele>271.37</ele>
        <time>2026-03-29T06:18:21.000Z</time>
        <course>113.000</course>
        <hdop>1.70</hdop>
      </trkpt>
      <trkpt lat="50.1407450" lon="14.4264167">
        <ele>271.99</ele>
        <time>2026-03-29T06:18:24.000Z</time>
        <course>113.000</course>
        <hdop>1.80</hdop>
      </trkpt>
      <trkpt lat="50.1407367" lon="14.4264500">
        <ele>272.50</ele>
        <time>2026-03-29T06:18:27.000Z</time>
        <course>113.000</course>
        <hdop>1.70</hdop>
      </trkpt>
      <trkpt lat="50.1407250" lon="14.4264900">
        <ele>273.46</ele>
        <time>2026-03-29T06:18:30.000Z</time>
        <course>113.000</course>
        <hdop>1.70</hdop>
      </trkpt>
      <trkpt lat="50.1407250" lon="14.4265067">
        <ele>273.87</ele>
        <time>2026-03-29T06:18:33.000Z</time>
        <course>113.000</course>
        <hdop>1.70</hdop>
      </trkpt>
      <trkpt lat="50.1407167" lon="14.4265200">
        <ele>274.01</ele>
        <time>2026-03-29T06:18:36.000Z</time>
        <course>182.230</course>
        <hdop>1.60</hdop>
      </trkpt>
      <trkpt lat="50.1406833" lon="14.4264750">
        <ele>273.87</ele>
        <time>2026-03-29T06:18:43.000Z</time>
        <course>173.680</course>
        <hdop>1.70</hdop>
      </trkpt>
      <trkpt lat="50.1406717" lon="14.4264250">
        <ele>273.89</ele>
        <time>2026-03-29T06:18:46.000Z</time>
        <course>238.860</course>
        <hdop>1.80</hdop>
      </trkpt>
      <trkpt lat="50.1406567" lon="14.4263883">
        <ele>273.92</ele>
        <time>2026-03-29T06:18:49.000Z</time>
        <course>236.520</course>
        <hdop>1.90</hdop>
      </trkpt>
      <trkpt lat="50.1406500" lon="14.4263550">
        <ele>274.23</ele>
        <time>2026-03-29T06:18:52.000Z</time>
        <course>257.340</course>
        <hdop>1.90</hdop>
      </trkpt>
      <trkpt lat="50.1406433" lon="14.4263217">
        <ele>273.71</ele>
        <time>2026-03-29T06:18:55.000Z</time>
        <course>234.760</course>
        <hdop>2.00</hdop>
      </trkpt>
      <trkpt lat="50.1406217" lon="14.4262667">
        <ele>273.24</ele>
        <time>2026-03-29T06:18:59.000Z</time>
        <course>236.440</course>
        <hdop>2.00</hdop>
      </trkpt>
      <trkpt lat="50.1406050" lon="14.4262150">
        <ele>273.18</ele>
        <time>2026-03-29T06:19:04.000Z</time>
        <course>203.970</course>
        <hdop>2.60</hdop>
      </trkpt>
      <trkpt lat="50.1405917" lon="14.4261800">
        <ele>273.21</ele>
        <time>2026-03-29T06:19:07.000Z</time>
        <course>282.160</course>
        <hdop>2.20</hdop>
      </trkpt>
      <trkpt lat="50.1405583" lon="14.4261383">
        <ele>272.86</ele>
        <time>2026-03-29T06:19:12.000Z</time>
        <course>282.160</course>
        <hdop>2.10</hdop>
      </trkpt>
      <trkpt lat="50.1405250" lon="14.4261100">
        <ele>272.50</ele>
        <time>2026-03-29T06:19:15.000Z</time>
        <course>282.160</course>
        <hdop>2.00</hdop>
      </trkpt>
      <trkpt lat="50.1404817" lon="14.4260733">
        <ele>272.29</ele>
        <time>2026-03-29T06:19:19.000Z</time>
        <course>203.680</course>
        <hdop>2.00</hdop>
      </trkpt>
      <trkpt lat="50.1404617" lon="14.4260383">
        <ele>272.70</ele>
        <time>2026-03-29T06:19:22.000Z</time>
        <course>197.440</course>
        <hdop>2.00</hdop>
      </trkpt>
      <trkpt lat="50.1404517" lon="14.4260133">
        <ele>272.56</ele>
        <time>2026-03-29T06:19:25.000Z</time>
        <course>225.910</course>
        <hdop>1.90</hdop>
      </trkpt>
      <trkpt lat="50.1404267" lon="14.4259967">
        <ele>271.75</ele>
        <time>2026-03-29T06:19:28.000Z</time>
        <course>223.390</course>
        <hdop>1.80</hdop>
      </trkpt>
      <trkpt lat="50.1404067" lon="14.4259750">
        <ele>271.60</ele>
        <time>2026-03-29T06:19:31.000Z</time>
        <course>216.370</course>
        <hdop>1.90</hdop>
      </trkpt>
      <trkpt lat="50.1403783" lon="14.4259467">
        <ele>272.76</ele>
        <time>2026-03-29T06:19:32.000Z</time>
        <course>216.220</course>
        <hdop>1.60</hdop>
      </trkpt>
      <trkpt lat="50.1403600" lon="14.4259167">
        <ele>273.06</ele>
        <time>2026-03-29T06:19:35.000Z</time>
        <course>222.730</course>
        <hdop>1.80</hdop>
      </trkpt>
      <trkpt lat="50.1403383" lon="14.4258800">
        <ele>272.79</ele>
        <time>2026-03-29T06:19:38.000Z</time>
        <course>228.400</course>
        <hdop>2.10</hdop>
      </trkpt>
      <trkpt lat="50.1403400" lon="14.4258133">
        <ele>272.36</ele>
        <time>2026-03-29T06:19:41.000Z</time>
        <course>257.620</course>
        <hdop>2.20</hdop>
      </trkpt>
      <trkpt lat="50.1403500" lon="14.4257650">
        <ele>272.19</ele>
        <time>2026-03-29T06:19:43.000Z</time>
        <course>271.160</course>
        <hdop>2.10</hdop>
      </trkpt>
      <trkpt lat="50.1403650" lon="14.4257300">
        <ele>271.81</ele>
        <time>2026-03-29T06:19:45.000Z</time>
        <course>284.380</course>
        <hdop>2.10</hdop>
      </trkpt>
      <trkpt lat="50.1403767" lon="14.4256917">
        <ele>271.58</ele>
        <time>2026-03-29T06:19:47.000Z</time>
        <course>282.800</course>
        <hdop>2.10</hdop>
      </trkpt>
      <trkpt lat="50.1403833" lon="14.4256450">
        <ele>271.60</ele>
        <time>2026-03-29T06:19:49.000Z</time>
        <course>282.120</course>
        <hdop>2.10</hdop>
      </trkpt>
      <trkpt lat="50.1403833" lon="14.4255900">
        <ele>272.05</ele>
        <time>2026-03-29T06:19:51.000Z</time>
        <course>273.880</course>
        <hdop>2.10</hdop>
      </trkpt>
      <trkpt lat="50.1403800" lon="14.4255367">
        <ele>272.55</ele>
        <time>2026-03-29T06:19:53.000Z</time>
        <course>271.520</course>
        <hdop>2.10</hdop>
      </trkpt>
      <trkpt lat="50.1403750" lon="14.4254933">
        <ele>272.99</ele>
        <time>2026-03-29T06:19:55.000Z</time>
        <course>264.310</course>
        <hdop>2.00</hdop>
      </trkpt>
      <trkpt lat="50.1403633" lon="14.4254500">
        <ele>273.26</ele>
        <time>2026-03-29T06:19:58.000Z</time>
        <course>258.690</course>
        <hdop>2.00</hdop>
      </trkpt>
      <trkpt lat="50.1403533" lon="14.4254183">
        <ele>273.10</ele>
        <time>2026-03-29T06:20:01.000Z</time>
        <course>260.310</course>
        <hdop>2.00</hdop>
      </trkpt>
      <trkpt lat="50.1403467" lon="14.4253817">
        <ele>272.51</ele>
        <time>2026-03-29T06:20:04.000Z</time>
        <course>263.080</course>
        <hdop>2.00</hdop>
      </trkpt>
      <trkpt lat="50.1403433" lon="14.4253517">
        <ele>272.01</ele>
        <time>2026-03-29T06:20:07.000Z</time>
        <course>261.680</course>
        <hdop>2.10</hdop>
      </trkpt>
      <trkpt lat="50.1403467" lon="14.4253167">
        <ele>271.24</ele>
        <time>2026-03-29T06:20:10.000Z</time>
        <course>272.520</course>
        <hdop>2.10</hdop>
      </trkpt>
      <trkpt lat="50.1403517" lon="14.4252750">
        <ele>270.70</ele>
        <time>2026-03-29T06:20:13.000Z</time>
        <course>284.800</course>
        <hdop>2.10</hdop>
      </trkpt>
      <trkpt lat="50.1403583" lon="14.4252367">
        <ele>270.36</ele>
        <time>2026-03-29T06:20:16.000Z</time>
        <course>244.490</course>
        <hdop>2.10</hdop>
      </trkpt>
      <trkpt lat="50.1403633" lon="14.4252033">
        <ele>270.25</ele>
        <time>2026-03-29T06:20:19.000Z</time>
        <course>244.020</course>
        <hdop>1.90</hdop>
      </trkpt>
      <trkpt lat="50.1403367" lon="14.4251817">
        <ele>270.22</ele>
        <time>2026-03-29T06:20:22.000Z</time>
        <course>235.720</course>
        <hdop>2.00</hdop>
      </trkpt>
      <trkpt lat="50.1403217" lon="14.4251467">
        <ele>270.32</ele>
        <time>2026-03-29T06:20:25.000Z</time>
        <course>317.120</course>
        <hdop>2.20</hdop>
      </trkpt>
      <trkpt lat="50.1403117" lon="14.4250967">
        <ele>271.00</ele>
        <time>2026-03-29T06:20:28.000Z</time>
        <course>255.380</course>
        <hdop>2.20</hdop>
      </trkpt>
      <trkpt lat="50.1403033" lon="14.4250517">
        <ele>270.80</ele>
        <time>2026-03-29T06:20:31.000Z</time>
        <course>257.940</course>
        <hdop>2.10</hdop>
      </trkpt>
      <trkpt lat="50.1402950" lon="14.4250083">
        <ele>270.40</ele>
        <time>2026-03-29T06:20:34.000Z</time>
        <course>261.910</course>
        <hdop>2.10</hdop>
      </trkpt>
      <trkpt lat="50.1402817" lon="14.4249633">
        <ele>270.01</ele>
        <time>2026-03-29T06:20:36.000Z</time>
        <course>254.690</course>
        <hdop>2.00</hdop>
      </trkpt>
      <trkpt lat="50.1402833" lon="14.4249167">
        <ele>269.34</ele>
        <time>2026-03-29T06:20:38.000Z</time>
        <course>262.980</course>
        <hdop>2.00</hdop>
      </trkpt>
      <trkpt lat="50.1402850" lon="14.4248700">
        <ele>269.13</ele>
        <time>2026-03-29T06:20:40.000Z</time>
        <course>272.680</course>
        <hdop>2.00</hdop>
      </trkpt>
      <trkpt lat="50.1402833" lon="14.4248200">
        <ele>268.78</ele>
        <time>2026-03-29T06:20:43.000Z</time>
        <course>267.750</course>
        <hdop>1.90</hdop>
      </trkpt>
      <trkpt lat="50.1402883" lon="14.4247583">
        <ele>268.86</ele>
        <time>2026-03-29T06:20:46.000Z</time>
        <course>280.450</course>
        <hdop>1.90</hdop>
      </trkpt>
      <trkpt lat="50.1402983" lon="14.4247150">
        <ele>269.06</ele>
        <time>2026-03-29T06:20:49.000Z</time>
        <course>286.020</course>
        <hdop>1.90</hdop>
      </trkpt>
      <trkpt lat="50.1403017" lon="14.4246917">
        <ele>269.21</ele>
        <time>2026-03-29T06:20:52.000Z</time>
        <course>151.240</course>
        <hdop>1.90</hdop>
      </trkpt>
      <trkpt lat="50.1402983" lon="14.4247300">
        <ele>268.91</ele>
        <time>2026-03-29T06:20:55.000Z</time>
        <course>120.060</course>
        <hdop>2.00</hdop>
      </trkpt>
      <trkpt lat="50.1402850" lon="14.4247683">
        <ele>268.19</ele>
        <time>2026-03-29T06:20:58.000Z</time>
        <course>126.790</course>
        <hdop>2.10</hdop>
      </trkpt>
      <trkpt lat="50.1402517" lon="14.4247833">
        <ele>267.87</ele>
        <time>2026-03-29T06:21:01.000Z</time>
        <course>164.350</course>
        <hdop>2.00</hdop>
      </trkpt>
      <trkpt lat="50.1402233" lon="14.4247750">
        <ele>267.86</ele>
        <time>2026-03-29T06:21:04.000Z</time>
        <course>189.590</course>
        <hdop>2.00</hdop>
      </trkpt>
      <trkpt lat="50.1402167" lon="14.4247383">
        <ele>267.91</ele>
        <time>2026-03-29T06:21:07.000Z</time>
        <course>259.960</course>
        <hdop>2.00</hdop>
      </trkpt>
      <trkpt lat="50.1402033" lon="14.4247100">
        <ele>268.11</ele>
        <time>2026-03-29T06:21:10.000Z</time>
        <course>242.070</course>
        <hdop>2.00</hdop>
      </trkpt>
      <trkpt lat="50.1401833" lon="14.4247017">
        <ele>268.25</ele>
        <time>2026-03-29T06:21:13.000Z</time>
        <course>208.260</course>
        <hdop>2.20</hdop>
      </trkpt>
      <trkpt lat="50.1401517" lon="14.4246883">
        <ele>268.67</ele>
        <time>2026-03-29T06:21:16.000Z</time>
        <course>214.390</course>
        <hdop>2.20</hdop>
      </trkpt>
      <trkpt lat="50.1401200" lon="14.4246567">
        <ele>269.54</ele>
        <time>2026-03-29T06:21:19.000Z</time>
        <course>216.230</course>
        <hdop>2.10</hdop>
      </trkpt>
      <trkpt lat="50.1400983" lon="14.4246433">
        <ele>269.55</ele>
        <time>2026-03-29T06:21:22.000Z</time>
        <course>190.540</course>
        <hdop>2.00</hdop>
      </trkpt>
      <trkpt lat="50.1400817" lon="14.4246200">
        <ele>269.58</ele>
        <time>2026-03-29T06:21:25.000Z</time>
        <course>212.530</course>
        <hdop>2.00</hdop>
      </trkpt>
      <trkpt lat="50.1400817" lon="14.4245817">
        <ele>269.54</ele>
        <time>2026-03-29T06:21:28.000Z</time>
        <course>252.010</course>
        <hdop>2.10</hdop>
      </trkpt>
      <trkpt lat="50.1400883" lon="14.4245217">
        <ele>269.61</ele>
        <time>2026-03-29T06:21:31.000Z</time>
        <course>269.340</course>
        <hdop>2.10</hdop>
      </trkpt>
      <trkpt lat="50.1400867" lon="14.4244683">
        <ele>269.73</ele>
        <time>2026-03-29T06:21:33.000Z</time>
        <course>280.490</course>
        <hdop>2.10</hdop>
      </trkpt>
      <trkpt lat="50.1400950" lon="14.4244233">
        <ele>270.28</ele>
        <time>2026-03-29T06:21:35.000Z</time>
        <course>299.250</course>
        <hdop>2.10</hdop>
      </trkpt>
      <trkpt lat="50.1401150" lon="14.4243817">
        <ele>270.43</ele>
        <time>2026-03-29T06:21:37.000Z</time>
        <course>319.990</course>
        <hdop>2.20</hdop>
      </trkpt>
      <trkpt lat="50.1401300" lon="14.4243350">
        <ele>270.34</ele>
        <time>2026-03-29T06:21:39.000Z</time>
        <course>293.560</course>
        <hdop>2.10</hdop>
      </trkpt>
      <trkpt lat="50.1401367" lon="14.4242833">
        <ele>269.91</ele>
        <time>2026-03-29T06:21:42.000Z</time>
        <course>285.390</course>
        <hdop>2.10</hdop>
      </trkpt>
      <trkpt lat="50.1401233" lon="14.4242300">
        <ele>269.97</ele>
        <time>2026-03-29T06:21:45.000Z</time>
        <course>298.870</course>
        <hdop>2.20</hdop>
      </trkpt>
      <trkpt lat="50.1401250" lon="14.4241617">
        <ele>271.13</ele>
        <time>2026-03-29T06:21:50.000Z</time>
        <course>290.650</course>
        <hdop>2.20</hdop>
      </trkpt>
      <trkpt lat="50.1401417" lon="14.4240883">
        <ele>270.69</ele>
        <time>2026-03-29T06:21:56.000Z</time>
        <course>285.430</course>
        <hdop>2.30</hdop>
      </trkpt>
      <trkpt lat="50.1401500" lon="14.4240367">
        <ele>269.15</ele>
        <time>2026-03-29T06:21:59.000Z</time>
        <course>280.700</course>
        <hdop>2.30</hdop>
      </trkpt>
      <trkpt lat="50.1401467" lon="14.4239950">
        <ele>267.88</ele>
        <time>2026-03-29T06:22:02.000Z</time>
        <course>310.970</course>
        <hdop>2.40</hdop>
      </trkpt>
      <trkpt lat="50.1401350" lon="14.4239583">
        <ele>266.85</ele>
        <time>2026-03-29T06:22:05.000Z</time>
        <course>254.540</course>
        <hdop>2.40</hdop>
      </trkpt>
      <trkpt lat="50.1401233" lon="14.4239183">
        <ele>265.84</ele>
        <time>2026-03-29T06:22:08.000Z</time>
        <course>245.090</course>
        <hdop>2.20</hdop>
      </trkpt>
      <trkpt lat="50.1401200" lon="14.4238683">
        <ele>265.43</ele>
        <time>2026-03-29T06:22:11.000Z</time>
        <course>302.300</course>
        <hdop>2.10</hdop>
      </trkpt>
      <trkpt lat="50.1401300" lon="14.4238367">
        <ele>264.35</ele>
        <time>2026-03-29T06:22:14.000Z</time>
        <course>315.150</course>
        <hdop>2.20</hdop>
      </trkpt>
      <trkpt lat="50.1401417" lon="14.4237917">
        <ele>263.43</ele>
        <time>2026-03-29T06:22:17.000Z</time>
        <course>302.140</course>
        <hdop>2.10</hdop>
      </trkpt>
      <trkpt lat="50.1401517" lon="14.4237633">
        <ele>262.90</ele>
        <time>2026-03-29T06:22:20.000Z</time>
        <course>306.210</course>
        <hdop>2.10</hdop>
      </trkpt>
      <trkpt lat="50.1401400" lon="14.4237317">
        <ele>262.50</ele>
        <time>2026-03-29T06:22:23.000Z</time>
        <course>276.900</course>
        <hdop>2.10</hdop>
      </trkpt>
      <trkpt lat="50.1401200" lon="14.4237050">
        <ele>261.81</ele>
        <time>2026-03-29T06:22:26.000Z</time>
        <course>258.130</course>
        <hdop>2.00</hdop>
      </trkpt>
      <trkpt lat="50.1401083" lon="14.4236667">
        <ele>261.81</ele>
        <time>2026-03-29T06:22:29.000Z</time>
        <course>264.670</course>
        <hdop>2.10</hdop>
      </trkpt>
      <trkpt lat="50.1401017" lon="14.4236267">
        <ele>261.40</ele>
        <time>2026-03-29T06:22:32.000Z</time>
        <course>263.440</course>
        <hdop>2.10</hdop>
      </trkpt>
      <trkpt lat="50.1400983" lon="14.4235800">
        <ele>260.86</ele>
        <time>2026-03-29T06:22:35.000Z</time>
        <course>267.620</course>
        <hdop>2.00</hdop>
      </trkpt>
      <trkpt lat="50.1401017" lon="14.4235133">
        <ele>260.45</ele>
        <time>2026-03-29T06:22:38.000Z</time>
        <course>277.150</course>
        <hdop>2.10</hdop>
      </trkpt>
      <trkpt lat="50.1400950" lon="14.4234650">
        <ele>260.42</ele>
        <time>2026-03-29T06:22:40.000Z</time>
        <course>276.680</course>
        <hdop>2.00</hdop>
      </trkpt>
      <trkpt lat="50.1401033" lon="14.4234150">
        <ele>260.10</ele>
        <time>2026-03-29T06:22:42.000Z</time>
        <course>286.250</course>
        <hdop>2.00</hdop>
      </trkpt>
      <trkpt lat="50.1401117" lon="14.4233383">
        <ele>259.64</ele>
        <time>2026-03-29T06:22:45.000Z</time>
        <course>265.070</course>
        <hdop>2.10</hdop>
      </trkpt>
      <trkpt lat="50.1401167" lon="14.4233067">
        <ele>260.19</ele>
        <time>2026-03-29T06:22:48.000Z</time>
        <course>276.260</course>
        <hdop>2.00</hdop>
      </trkpt>
      <trkpt lat="50.1401283" lon="14.4232750">
        <ele>260.27</ele>
        <time>2026-03-29T06:22:51.000Z</time>
        <course>294.550</course>
        <hdop>1.90</hdop>
      </trkpt>
      <trkpt lat="50.1401417" lon="14.4232400">
        <ele>260.53</ele>
        <time>2026-03-29T06:22:54.000Z</time>
        <course>290.250</course>
        <hdop>1.90</hdop>
      </trkpt>
      <trkpt lat="50.1401667" lon="14.4232033">
        <ele>260.97</ele>
        <time>2026-03-29T06:22:57.000Z</time>
        <course>299.050</course>
        <hdop>2.00</hdop>
      </trkpt>
      <trkpt lat="50.1401867" lon="14.4231733">
        <ele>261.84</ele>
        <time>2026-03-29T06:23:00.000Z</time>
        <course>308.240</course>
        <hdop>2.00</hdop>
      </trkpt>
      <trkpt lat="50.1402083" lon="14.4231233">
        <ele>262.85</ele>
        <time>2026-03-29T06:23:03.000Z</time>
        <course>297.840</course>
        <hdop>2.00</hdop>
      </trkpt>
      <trkpt lat="50.1402267" lon="14.4230833">
        <ele>263.49</ele>
        <time>2026-03-29T06:23:06.000Z</time>
        <course>299.810</course>
        <hdop>1.90</hdop>
      </trkpt>
      <trkpt lat="50.1402383" lon="14.4230383">
        <ele>263.85</ele>
        <time>2026-03-29T06:23:09.000Z</time>
        <course>289.160</course>
        <hdop>1.90</hdop>
      </trkpt>
      <trkpt lat="50.1402600" lon="14.4230050">
        <ele>265.20</ele>
        <time>2026-03-29T06:23:12.000Z</time>
        <course>297.520</course>
        <hdop>1.90</hdop>
      </trkpt>
      <trkpt lat="50.1402750" lon="14.4229800">
        <ele>266.11</ele>
        <time>2026-03-29T06:23:15.000Z</time>
        <course>302.150</course>
        <hdop>1.80</hdop>
      </trkpt>
      <trkpt lat="50.1402733" lon="14.4229550">
        <ele>266.51</ele>
        <time>2026-03-29T06:23:18.000Z</time>
        <course>269.660</course>
        <hdop>1.80</hdop>
      </trkpt>
      <trkpt lat="50.1402767" lon="14.4229400">
        <ele>267.50</ele>
        <time>2026-03-29T06:23:21.000Z</time>
        <course>303.750</course>
        <hdop>1.80</hdop>
      </trkpt>
      <trkpt lat="50.1402917" lon="14.4229183">
        <ele>268.54</ele>
        <time>2026-03-29T06:23:24.000Z</time>
        <course>311.400</course>
        <hdop>1.80</hdop>
      </trkpt>
      <trkpt lat="50.1403100" lon="14.4228733">
        <ele>269.68</ele>
        <time>2026-03-29T06:23:27.000Z</time>
        <course>314.780</course>
        <hdop>1.80</hdop>
      </trkpt>
      <trkpt lat="50.1403283" lon="14.4228350">
        <ele>270.88</ele>
        <time>2026-03-29T06:23:30.000Z</time>
        <course>309.590</course>
        <hdop>1.80</hdop>
      </trkpt>
      <trkpt lat="50.1403400" lon="14.4228033">
        <ele>272.10</ele>
        <time>2026-03-29T06:23:33.000Z</time>
        <course>303.340</course>
        <hdop>1.80</hdop>
      </trkpt>
      <trkpt lat="50.1403533" lon="14.4227833">
        <ele>272.99</ele>
        <time>2026-03-29T06:23:36.000Z</time>
        <course>310.300</course>
        <hdop>1.90</hdop>
      </trkpt>
      <trkpt lat="50.1403717" lon="14.4227517">
        <ele>273.55</ele>
        <time>2026-03-29T06:23:39.000Z</time>
        <course>311.920</course>
        <hdop>1.90</hdop>
      </trkpt>
      <trkpt lat="50.1403850" lon="14.4227250">
        <ele>274.29</ele>
        <time>2026-03-29T06:23:42.000Z</time>
        <course>308.600</course>
        <hdop>1.90</hdop>
      </trkpt>
      <trkpt lat="50.1403983" lon="14.4227083">
        <ele>274.70</ele>
        <time>2026-03-29T06:23:45.000Z</time>
        <course>327.740</course>
        <hdop>1.80</hdop>
      </trkpt>
      <trkpt lat="50.1404100" lon="14.4226933">
        <ele>275.06</ele>
        <time>2026-03-29T06:23:48.000Z</time>
        <course>342.770</course>
        <hdop>1.80</hdop>
      </trkpt>
      <trkpt lat="50.1404150" lon="14.4226750">
        <ele>274.94</ele>
        <time>2026-03-29T06:23:51.000Z</time>
        <course>276.590</course>
        <hdop>1.80</hdop>
      </trkpt>
      <trkpt lat="50.1404033" lon="14.4226617">
        <ele>274.82</ele>
        <time>2026-03-29T06:23:54.000Z</time>
        <course>181.660</course>
        <hdop>1.90</hdop>
      </trkpt>
      <trkpt lat="50.1403767" lon="14.4226783">
        <ele>275.41</ele>
        <time>2026-03-29T06:23:57.000Z</time>
        <course>171.600</course>
        <hdop>1.80</hdop>
      </trkpt>
      <trkpt lat="50.1403517" lon="14.4226800">
        <ele>275.54</ele>
        <time>2026-03-29T06:24:00.000Z</time>
        <course>171.840</course>
        <hdop>1.80</hdop>
      </trkpt>
      <trkpt lat="50.1403217" lon="14.4226867">
        <ele>275.82</ele>
        <time>2026-03-29T06:24:02.000Z</time>
        <course>175.520</course>
        <hdop>1.80</hdop>
      </trkpt>
      <trkpt lat="50.1402917" lon="14.4226917">
        <ele>275.69</ele>
        <time>2026-03-29T06:24:04.000Z</time>
        <course>193.930</course>
        <hdop>1.80</hdop>
      </trkpt>
      <trkpt lat="50.1402633" lon="14.4226800">
        <ele>275.13</ele>
        <time>2026-03-29T06:24:07.000Z</time>
        <course>199.280</course>
        <hdop>1.70</hdop>
      </trkpt>
      <trkpt lat="50.1402300" lon="14.4226800">
        <ele>274.99</ele>
        <time>2026-03-29T06:24:10.000Z</time>
        <course>174.180</course>
        <hdop>1.70</hdop>
      </trkpt>
      <trkpt lat="50.1402050" lon="14.4226783">
        <ele>274.84</ele>
        <time>2026-03-29T06:24:13.000Z</time>
        <course>182.250</course>
        <hdop>1.80</hdop>
      </trkpt>
      <trkpt lat="50.1401767" lon="14.4226633">
        <ele>274.52</ele>
        <time>2026-03-29T06:24:16.000Z</time>
        <course>205.360</course>
        <hdop>1.80</hdop>
      </trkpt>
      <trkpt lat="50.1401417" lon="14.4226400">
        <ele>273.62</ele>
        <time>2026-03-29T06:24:19.000Z</time>
        <course>229.840</course>
        <hdop>1.80</hdop>
      </trkpt>
      <trkpt lat="50.1401133" lon="14.4226067">
        <ele>272.88</ele>
        <time>2026-03-29T06:24:22.000Z</time>
        <course>235.240</course>
        <hdop>1.70</hdop>
      </trkpt>
      <trkpt lat="50.1401083" lon="14.4225767">
        <ele>272.49</ele>
        <time>2026-03-29T06:24:25.000Z</time>
        <course>276.380</course>
        <hdop>1.70</hdop>
      </trkpt>
      <trkpt lat="50.1401050" lon="14.4225333">
        <ele>272.26</ele>
        <time>2026-03-29T06:24:28.000Z</time>
        <course>271.370</course>
        <hdop>1.60</hdop>
      </trkpt>
      <trkpt lat="50.1400850" lon="14.4224767">
        <ele>272.35</ele>
        <time>2026-03-29T06:24:31.000Z</time>
        <course>255.090</course>
        <hdop>1.80</hdop>
      </trkpt>
      <trkpt lat="50.1400750" lon="14.4224350">
        <ele>271.56</ele>
        <time>2026-03-29T06:24:34.000Z</time>
        <course>248.180</course>
        <hdop>1.70</hdop>
      </trkpt>
      <trkpt lat="50.1400683" lon="14.4223950">
        <ele>270.60</ele>
        <time>2026-03-29T06:24:37.000Z</time>
        <course>252.530</course>
        <hdop>1.70</hdop>
      </trkpt>
      <trkpt lat="50.1400633" lon="14.4223533">
        <ele>270.09</ele>
        <time>2026-03-29T06:24:39.000Z</time>
        <course>258.310</course>
        <hdop>1.70</hdop>
      </trkpt>
      <trkpt lat="50.1400633" lon="14.4223133">
        <ele>269.93</ele>
        <time>2026-03-29T06:24:42.000Z</time>
        <course>284.250</course>
        <hdop>1.90</hdop>
      </trkpt>
      <trkpt lat="50.1400667" lon="14.4222633">
        <ele>269.87</ele>
        <time>2026-03-29T06:24:45.000Z</time>
        <course>273.960</course>
        <hdop>2.00</hdop>
      </trkpt>
      <trkpt lat="50.1400650" lon="14.4222117">
        <ele>270.05</ele>
        <time>2026-03-29T06:24:48.000Z</time>
        <course>276.800</course>
        <hdop>2.00</hdop>
      </trkpt>
      <trkpt lat="50.1400550" lon="14.4221683">
        <ele>270.54</ele>
        <time>2026-03-29T06:24:50.000Z</time>
        <course>287.010</course>
        <hdop>2.00</hdop>
      </trkpt>
      <trkpt lat="50.1400567" lon="14.4221283">
        <ele>270.64</ele>
        <time>2026-03-29T06:24:53.000Z</time>
        <course>272.880</course>
        <hdop>2.00</hdop>
      </trkpt>
      <trkpt lat="50.1400650" lon="14.4220917">
        <ele>270.13</ele>
        <time>2026-03-29T06:24:56.000Z</time>
        <course>298.440</course>
        <hdop>2.30</hdop>
      </trkpt>
      <trkpt lat="50.1400767" lon="14.4220467">
        <ele>269.38</ele>
        <time>2026-03-29T06:24:59.000Z</time>
        <course>300.880</course>
        <hdop>2.10</hdop>
      </trkpt>
      <trkpt lat="50.1400783" lon="14.4220117">
        <ele>269.01</ele>
        <time>2026-03-29T06:25:02.000Z</time>
        <course>295.270</course>
        <hdop>2.10</hdop>
      </trkpt>
      <trkpt lat="50.1400783" lon="14.4219667">
        <ele>268.52</ele>
        <time>2026-03-29T06:25:06.000Z</time>
        <course>289.290</course>
        <hdop>2.10</hdop>
      </trkpt>
      <trkpt lat="50.1400800" lon="14.4219283">
        <ele>268.34</ele>
        <time>2026-03-29T06:25:09.000Z</time>
        <course>287.410</course>
        <hdop>2.10</hdop>
      </trkpt>
      <trkpt lat="50.1400800" lon="14.4219050">
        <ele>268.42</ele>
        <time>2026-03-29T06:25:12.000Z</time>
        <course>301.000</course>
        <hdop>2.00</hdop>
      </trkpt>
      <trkpt lat="50.1400783" lon="14.4218983">
        <ele>268.37</ele>
        <time>2026-03-29T06:25:15.000Z</time>
        <course>287.320</course>
        <hdop>1.90</hdop>
      </trkpt>
      <trkpt lat="50.1400783" lon="14.4217717">
        <ele>267.40</ele>
        <time>2026-03-29T06:25:32.000Z</time>
        <course>262.510</course>
        <hdop>2.60</hdop>
      </trkpt>
      <trkpt lat="50.1400733" lon="14.4217367">
        <ele>267.21</ele>
        <time>2026-03-29T06:25:35.000Z</time>
        <course>272.750</course>
        <hdop>2.50</hdop>
      </trkpt>
      <trkpt lat="50.1401017" lon="14.4217050">
        <ele>265.64</ele>
        <time>2026-03-29T06:25:39.000Z</time>
        <course>329.210</course>
        <hdop>2.90</hdop>
      </trkpt>
      <trkpt lat="50.1401333" lon="14.4216500">
        <ele>264.21</ele>
        <time>2026-03-29T06:25:41.000Z</time>
        <course>268.010</course>
        <hdop>2.90</hdop>
      </trkpt>
      <trkpt lat="50.1400733" lon="14.4216150">
        <ele>259.85</ele>
        <time>2026-03-29T06:25:45.000Z</time>
        <course>203.610</course>
        <hdop>2.50</hdop>
      </trkpt>
      <trkpt lat="50.1400783" lon="14.4215733">
        <ele>260.21</ele>
        <time>2026-03-29T06:25:48.000Z</time>
        <course>238.090</course>
        <hdop>2.60</hdop>
      </trkpt>
      <trkpt lat="50.1400700" lon="14.4215250">
        <ele>260.08</ele>
        <time>2026-03-29T06:25:52.000Z</time>
        <course>285.310</course>
        <hdop>2.30</hdop>
      </trkpt>
      <trkpt lat="50.1400600" lon="14.4214850">
        <ele>259.92</ele>
        <time>2026-03-29T06:25:55.000Z</time>
        <course>273.420</course>
        <hdop>2.20</hdop>
      </trkpt>
      <trkpt lat="50.1400400" lon="14.4214317">
        <ele>260.41</ele>
        <time>2026-03-29T06:25:58.000Z</time>
        <course>228.660</course>
        <hdop>2.20</hdop>
      </trkpt>
      <trkpt lat="50.1400233" lon="14.4213933">
        <ele>260.90</ele>
        <time>2026-03-29T06:26:00.000Z</time>
        <course>242.400</course>
        <hdop>2.20</hdop>
      </trkpt>
      <trkpt lat="50.1400117" lon="14.4213367">
        <ele>261.27</ele>
        <time>2026-03-29T06:26:03.000Z</time>
        <course>259.270</course>
        <hdop>2.10</hdop>
      </trkpt>
      <trkpt lat="50.1400033" lon="14.4212867">
        <ele>261.46</ele>
        <time>2026-03-29T06:26:06.000Z</time>
        <course>262.060</course>
        <hdop>2.10</hdop>
      </trkpt>
      <trkpt lat="50.1399950" lon="14.4212700">
        <ele>261.85</ele>
        <time>2026-03-29T06:26:09.000Z</time>
        <course>267.280</course>
        <hdop>2.10</hdop>
      </trkpt>
      <trkpt lat="50.1400017" lon="14.4212850">
        <ele>261.55</ele>
        <time>2026-03-29T06:26:12.000Z</time>
        <course>270.090</course>
        <hdop>2.00</hdop>
      </trkpt>
      <trkpt lat="50.1400033" lon="14.4212717">
        <ele>260.87</ele>
        <time>2026-03-29T06:26:15.000Z</time>
        <course>275.700</course>
        <hdop>2.10</hdop>
      </trkpt>
      <trkpt lat="50.1400117" lon="14.4212167">
        <ele>260.29</ele>
        <time>2026-03-29T06:26:20.000Z</time>
        <course>270.230</course>
        <hdop>2.20</hdop>
      </trkpt>
      <trkpt lat="50.1400067" lon="14.4211633">
        <ele>260.07</ele>
        <time>2026-03-29T06:26:23.000Z</time>
        <course>259.000</course>
        <hdop>2.00</hdop>
      </trkpt>
      <trkpt lat="50.1400017" lon="14.4211300">
        <ele>259.87</ele>
        <time>2026-03-29T06:26:26.000Z</time>
        <course>258.000</course>
        <hdop>2.00</hdop>
      </trkpt>
      <trkpt lat="50.1399983" lon="14.4210800">
        <ele>259.62</ele>
        <time>2026-03-29T06:26:30.000Z</time>
        <course>257.000</course>
        <hdop>2.00</hdop>
      </trkpt>
      <trkpt lat="50.1399917" lon="14.4210350">
        <ele>259.48</ele>
        <time>2026-03-29T06:26:33.000Z</time>
        <course>257.000</course>
        <hdop>1.90</hdop>
      </trkpt>
      <trkpt lat="50.1399800" lon="14.4209650">
        <ele>259.27</ele>
        <time>2026-03-29T06:26:37.000Z</time>
        <course>257.000</course>
        <hdop>1.90</hdop>
      </trkpt>
      <trkpt lat="50.1399717" lon="14.4209067">
        <ele>259.16</ele>
        <time>2026-03-29T06:26:40.000Z</time>
        <course>257.000</course>
        <hdop>1.90</hdop>
      </trkpt>
      <trkpt lat="50.1399633" lon="14.4208517">
        <ele>259.14</ele>
        <time>2026-03-29T06:26:42.000Z</time>
        <course>257.000</course>
        <hdop>2.00</hdop>
      </trkpt>
      <trkpt lat="50.1399567" lon="14.4208017">
        <ele>258.89</ele>
        <time>2026-03-29T06:26:44.000Z</time>
        <course>257.000</course>
        <hdop>2.00</hdop>
      </trkpt>
      <trkpt lat="50.1399483" lon="14.4207500">
        <ele>258.76</ele>
        <time>2026-03-29T06:26:46.000Z</time>
        <course>257.000</course>
        <hdop>2.00</hdop>
      </trkpt>
      <trkpt lat="50.1399417" lon="14.4206983">
        <ele>258.64</ele>
        <time>2026-03-29T06:26:48.000Z</time>
        <course>260.000</course>
        <hdop>2.00</hdop>
      </trkpt>
      <trkpt lat="50.1399367" lon="14.4206533">
        <ele>259.20</ele>
        <time>2026-03-29T06:26:50.000Z</time>
        <course>260.000</course>
        <hdop>1.90</hdop>
      </trkpt>
      <trkpt lat="50.1399317" lon="14.4206033">
        <ele>259.05</ele>
        <time>2026-03-29T06:26:53.000Z</time>
        <course>260.000</course>
        <hdop>1.90</hdop>
      </trkpt>
      <trkpt lat="50.1399400" lon="14.4205750">
        <ele>259.10</ele>
        <time>2026-03-29T06:26:56.000Z</time>
        <course>271.180</course>
        <hdop>1.90</hdop>
      </trkpt>
      <trkpt lat="50.1399717" lon="14.4205500">
        <ele>258.98</ele>
        <time>2026-03-29T06:26:58.000Z</time>
        <course>316.830</course>
        <hdop>2.00</hdop>
      </trkpt>
      <trkpt lat="50.1400067" lon="14.4205300">
        <ele>259.05</ele>
        <time>2026-03-29T06:27:00.000Z</time>
        <course>332.180</course>
        <hdop>2.00</hdop>
      </trkpt>
      <trkpt lat="50.1400333" lon="14.4205083">
        <ele>259.09</ele>
        <time>2026-03-29T06:27:02.000Z</time>
        <course>320.660</course>
        <hdop>2.00</hdop>
      </trkpt>
      <trkpt lat="50.1400600" lon="14.4204817">
        <ele>259.26</ele>
        <time>2026-03-29T06:27:04.000Z</time>
        <course>334.820</course>
        <hdop>2.10</hdop>
      </trkpt>
      <trkpt lat="50.1401017" lon="14.4204717">
        <ele>260.78</ele>
        <time>2026-03-29T06:27:07.000Z</time>
        <course>358.560</course>
        <hdop>2.10</hdop>
      </trkpt>
      <trkpt lat="50.1401217" lon="14.4204650">
        <ele>261.34</ele>
        <time>2026-03-29T06:27:10.000Z</time>
        <course>338.580</course>
        <hdop>2.10</hdop>
      </trkpt>
      <trkpt lat="50.1401367" lon="14.4204517">
        <ele>261.60</ele>
        <time>2026-03-29T06:27:14.000Z</time>
        <course>282.250</course>
        <hdop>2.10</hdop>
      </trkpt>
      <trkpt lat="50.1401433" lon="14.4204400">
        <ele>261.46</ele>
        <time>2026-03-29T06:27:17.000Z</time>
        <course>283.130</course>
        <hdop>2.10</hdop>
      </trkpt>
      <trkpt lat="50.1401383" lon="14.4204100">
        <ele>261.24</ele>
        <time>2026-03-29T06:27:20.000Z</time>
        <course>283.130</course>
        <hdop>2.00</hdop>
      </trkpt>
      <trkpt lat="50.1401450" lon="14.4203683">
        <ele>260.60</ele>
        <time>2026-03-29T06:27:23.000Z</time>
        <course>292.780</course>
        <hdop>2.10</hdop>
      </trkpt>
      <trkpt lat="50.1401567" lon="14.4203267">
        <ele>259.86</ele>
        <time>2026-03-29T06:27:26.000Z</time>
        <course>298.240</course>
        <hdop>2.10</hdop>
      </trkpt>
      <trkpt lat="50.1401617" lon="14.4203000">
        <ele>258.47</ele>
        <time>2026-03-29T06:27:29.000Z</time>
        <course>296.000</course>
        <hdop>2.00</hdop>
      </trkpt>
      <trkpt lat="50.1401767" lon="14.4202550">
        <ele>257.46</ele>
        <time>2026-03-29T06:27:32.000Z</time>
        <course>296.000</course>
        <hdop>2.00</hdop>
      </trkpt>
      <trkpt lat="50.1401850" lon="14.4202267">
        <ele>256.69</ele>
        <time>2026-03-29T06:27:35.000Z</time>
        <course>299.000</course>
        <hdop>2.00</hdop>
      </trkpt>
      <trkpt lat="50.1401933" lon="14.4202050">
        <ele>256.17</ele>
        <time>2026-03-29T06:27:38.000Z</time>
        <course>299.000</course>
        <hdop>2.00</hdop>
      </trkpt>
      <trkpt lat="50.1402000" lon="14.4201883">
        <ele>255.60</ele>
        <time>2026-03-29T06:27:41.000Z</time>
        <course>300.000</course>
        <hdop>2.00</hdop>
      </trkpt>
      <trkpt lat="50.1402033" lon="14.4201650">
        <ele>254.81</ele>
        <time>2026-03-29T06:27:44.000Z</time>
        <course>300.000</course>
        <hdop>2.00</hdop>
      </trkpt>
      <trkpt lat="50.1402217" lon="14.4201200">
        <ele>254.58</ele>
        <time>2026-03-29T06:27:48.000Z</time>
        <course>303.000</course>
        <hdop>2.00</hdop>
      </trkpt>
      <trkpt lat="50.1402350" lon="14.4200883">
        <ele>254.17</ele>
        <time>2026-03-29T06:27:51.000Z</time>
        <course>303.000</course>
        <hdop>2.00</hdop>
      </trkpt>
      <trkpt lat="50.1402450" lon="14.4200633">
        <ele>253.67</ele>
        <time>2026-03-29T06:27:54.000Z</time>
        <course>304.000</course>
        <hdop>2.00</hdop>
      </trkpt>
      <trkpt lat="50.1402733" lon="14.4199983">
        <ele>259.17</ele>
        <time>2026-03-29T06:27:56.000Z</time>
        <course>304.000</course>
        <hdop>1.70</hdop>
      </trkpt>
      <trkpt lat="50.1402883" lon="14.4199633">
        <ele>260.56</ele>
        <time>2026-03-29T06:27:59.000Z</time>
        <course>304.000</course>
        <hdop>1.90</hdop>
      </trkpt>
      <trkpt lat="50.1403017" lon="14.4199333">
        <ele>259.83</ele>
        <time>2026-03-29T06:28:02.000Z</time>
        <course>304.000</course>
        <hdop>1.90</hdop>
      </trkpt>
      <trkpt lat="50.1403117" lon="14.4199117">
        <ele>258.63</ele>
        <time>2026-03-29T06:28:05.000Z</time>
        <course>304.000</course>
        <hdop>2.00</hdop>
      </trkpt>
      <trkpt lat="50.1403217" lon="14.4198883">
        <ele>257.63</ele>
        <time>2026-03-29T06:28:08.000Z</time>
        <course>308.000</course>
        <hdop>2.00</hdop>
      </trkpt>
      <trkpt lat="50.1403367" lon="14.4198650">
        <ele>257.00</ele>
        <time>2026-03-29T06:28:11.000Z</time>
        <course>308.000</course>
        <hdop>2.00</hdop>
      </trkpt>
      <trkpt lat="50.1403533" lon="14.4198333">
        <ele>256.56</ele>
        <time>2026-03-29T06:28:14.000Z</time>
        <course>308.000</course>
        <hdop>2.10</hdop>
      </trkpt>
      <trkpt lat="50.1403767" lon="14.4198100">
        <ele>255.54</ele>
        <time>2026-03-29T06:28:17.000Z</time>
        <course>314.610</course>
        <hdop>2.10</hdop>
      </trkpt>
      <trkpt lat="50.1403917" lon="14.4197833">
        <ele>254.71</ele>
        <time>2026-03-29T06:28:20.000Z</time>
        <course>322.730</course>
        <hdop>2.10</hdop>
      </trkpt>
      <trkpt lat="50.1404067" lon="14.4197317">
        <ele>254.44</ele>
        <time>2026-03-29T06:28:23.000Z</time>
        <course>281.270</course>
        <hdop>2.20</hdop>
      </trkpt>
      <trkpt lat="50.1404100" lon="14.4196817">
        <ele>254.17</ele>
        <time>2026-03-29T06:28:25.000Z</time>
        <course>138.240</course>
        <hdop>2.40</hdop>
      </trkpt>
      <trkpt lat="50.1404217" lon="14.4196300">
        <ele>254.59</ele>
        <time>2026-03-29T06:28:28.000Z</time>
        <course>318.010</course>
        <hdop>2.40</hdop>
      </trkpt>
      <trkpt lat="50.1404467" lon="14.4196017">
        <ele>254.93</ele>
        <time>2026-03-29T06:28:31.000Z</time>
        <course>318.120</course>
        <hdop>2.30</hdop>
      </trkpt>
      <trkpt lat="50.1404550" lon="14.4195517">
        <ele>255.12</ele>
        <time>2026-03-29T06:28:34.000Z</time>
        <course>310.510</course>
        <hdop>2.30</hdop>
      </trkpt>
      <trkpt lat="50.1404550" lon="14.4195117">
        <ele>255.53</ele>
        <time>2026-03-29T06:28:37.000Z</time>
        <course>260.620</course>
        <hdop>2.30</hdop>
      </trkpt>
      <trkpt lat="50.1404600" lon="14.4194567">
        <ele>254.47</ele>
        <time>2026-03-29T06:28:40.000Z</time>
        <course>276.170</course>
        <hdop>2.20</hdop>
      </trkpt>
      <trkpt lat="50.1404750" lon="14.4194217">
        <ele>253.80</ele>
        <time>2026-03-29T06:28:43.000Z</time>
        <course>289.910</course>
        <hdop>2.30</hdop>
      </trkpt>
      <trkpt lat="50.1404867" lon="14.4193667">
        <ele>252.69</ele>
        <time>2026-03-29T06:28:46.000Z</time>
        <course>287.910</course>
        <hdop>2.50</hdop>
      </trkpt>
      <trkpt lat="50.1405033" lon="14.4193333">
        <ele>251.36</ele>
        <time>2026-03-29T06:28:48.000Z</time>
        <course>296.400</course>
        <hdop>2.50</hdop>
      </trkpt>
      <trkpt lat="50.1405150" lon="14.4193000">
        <ele>250.53</ele>
        <time>2026-03-29T06:28:51.000Z</time>
        <course>286.940</course>
        <hdop>2.30</hdop>
      </trkpt>
      <trkpt lat="50.1405217" lon="14.4192817">
        <ele>250.56</ele>
        <time>2026-03-29T06:28:54.000Z</time>
        <course>262.280</course>
        <hdop>2.30</hdop>
      </trkpt>
      <trkpt lat="50.1405333" lon="14.4192567">
        <ele>250.38</ele>
        <time>2026-03-29T06:28:57.000Z</time>
        <course>24.180</course>
        <hdop>2.50</hdop>
      </trkpt>
      <trkpt lat="50.1405767" lon="14.4192417">
        <ele>250.76</ele>
        <time>2026-03-29T06:29:00.000Z</time>
        <course>10.790</course>
        <hdop>2.40</hdop>
      </trkpt>
      <trkpt lat="50.1406250" lon="14.4192433">
        <ele>252.26</ele>
        <time>2026-03-29T06:29:02.000Z</time>
        <course>8.500</course>
        <hdop>2.40</hdop>
      </trkpt>
      <trkpt lat="50.1406967" lon="14.4192533">
        <ele>253.98</ele>
        <time>2026-03-29T06:29:05.000Z</time>
        <course>17.250</course>
        <hdop>2.30</hdop>
      </trkpt>
      <trkpt lat="50.1407217" lon="14.4192450">
        <ele>255.45</ele>
        <time>2026-03-29T06:29:08.000Z</time>
        <course>4.430</course>
        <hdop>2.20</hdop>
      </trkpt>
      <trkpt lat="50.1407417" lon="14.4192517">
        <ele>257.39</ele>
        <time>2026-03-29T06:29:11.000Z</time>
        <course>38.720</course>
        <hdop>2.20</hdop>
      </trkpt>
      <trkpt lat="50.1407467" lon="14.4192567">
        <ele>258.81</ele>
        <time>2026-03-29T06:29:14.000Z</time>
        <course>37.620</course>
        <hdop>2.00</hdop>
      </trkpt>
      <trkpt lat="50.1407483" lon="14.4192417">
        <ele>259.57</ele>
        <time>2026-03-29T06:29:17.000Z</time>
        <course>308.680</course>
        <hdop>1.90</hdop>
      </trkpt>
      <trkpt lat="50.1407567" lon="14.4192333">
        <ele>260.07</ele>
        <time>2026-03-29T06:29:20.000Z</time>
        <course>308.680</course>
        <hdop>1.90</hdop>
      </trkpt>
      <trkpt lat="50.1407917" lon="14.4192250">
        <ele>261.44</ele>
        <time>2026-03-29T06:29:28.000Z</time>
        <course>300.530</course>
        <hdop>2.00</hdop>
      </trkpt>
      <trkpt lat="50.1408050" lon="14.4191933">
        <ele>262.17</ele>
        <time>2026-03-29T06:29:31.000Z</time>
        <course>306.780</course>
        <hdop>2.00</hdop>
      </trkpt>
      <trkpt lat="50.1408183" lon="14.4191733">
        <ele>262.67</ele>
        <time>2026-03-29T06:29:34.000Z</time>
        <course>320.420</course>
        <hdop>1.90</hdop>
      </trkpt>
      <trkpt lat="50.1408367" lon="14.4191467">
        <ele>262.74</ele>
        <time>2026-03-29T06:29:37.000Z</time>
        <course>314.970</course>
        <hdop>1.80</hdop>
      </trkpt>
      <trkpt lat="50.1408500" lon="14.4191083">
        <ele>262.54</ele>
        <time>2026-03-29T06:29:40.000Z</time>
        <course>269.160</course>
        <hdop>1.70</hdop>
      </trkpt>
      <trkpt lat="50.1408467" lon="14.4190683">
        <ele>262.61</ele>
        <time>2026-03-29T06:29:43.000Z</time>
        <course>254.510</course>
        <hdop>1.80</hdop>
      </trkpt>
      <trkpt lat="50.1408433" lon="14.4190450">
        <ele>262.72</ele>
        <time>2026-03-29T06:29:46.000Z</time>
        <course>217.290</course>
        <hdop>2.00</hdop>
      </trkpt>
      <trkpt lat="50.1408317" lon="14.4190233">
        <ele>263.27</ele>
        <time>2026-03-29T06:29:49.000Z</time>
        <course>227.660</course>
        <hdop>1.90</hdop>
      </trkpt>
      <trkpt lat="50.1408317" lon="14.4190117">
        <ele>263.29</ele>
        <time>2026-03-29T06:29:52.000Z</time>
        <course>222.110</course>
        <hdop>1.90</hdop>
      </trkpt>
      <trkpt lat="50.1408267" lon="14.4189700">
        <ele>263.67</ele>
        <time>2026-03-29T06:29:55.000Z</time>
        <course>222.110</course>
        <hdop>1.90</hdop>
      </trkpt>
      <trkpt lat="50.1408117" lon="14.4189183">
        <ele>264.44</ele>
        <time>2026-03-29T06:29:58.000Z</time>
        <course>222.110</course>
        <hdop>1.90</hdop>
      </trkpt>
      <trkpt lat="50.1408033" lon="14.4188867">
        <ele>264.51</ele>
        <time>2026-03-29T06:30:01.000Z</time>
        <course>258.730</course>
        <hdop>1.80</hdop>
      </trkpt>
      <trkpt lat="50.1408017" lon="14.4188600">
        <ele>265.11</ele>
        <time>2026-03-29T06:30:04.000Z</time>
        <course>253.140</course>
        <hdop>2.00</hdop>
      </trkpt>
      <trkpt lat="50.1407900" lon="14.4188200">
        <ele>265.04</ele>
        <time>2026-03-29T06:30:07.000Z</time>
        <course>254.290</course>
        <hdop>1.80</hdop>
      </trkpt>
      <trkpt lat="50.1407767" lon="14.4187950">
        <ele>265.33</ele>
        <time>2026-03-29T06:30:10.000Z</time>
        <course>224.720</course>
        <hdop>1.70</hdop>
      </trkpt>
      <trkpt lat="50.1407750" lon="14.4187617">
        <ele>265.57</ele>
        <time>2026-03-29T06:30:13.000Z</time>
        <course>285.460</course>
        <hdop>1.80</hdop>
      </trkpt>
      <trkpt lat="50.1407833" lon="14.4187133">
        <ele>266.19</ele>
        <time>2026-03-29T06:30:16.000Z</time>
        <course>276.270</course>
        <hdop>1.80</hdop>
      </trkpt>
      <trkpt lat="50.1407933" lon="14.4187150">
        <ele>266.50</ele>
        <time>2026-03-29T06:30:19.000Z</time>
        <course>294.990</course>
        <hdop>1.70</hdop>
      </trkpt>
      <trkpt lat="50.1408017" lon="14.4187033">
        <ele>266.58</ele>
        <time>2026-03-29T06:30:22.000Z</time>
        <course>298.150</course>
        <hdop>1.60</hdop>
      </trkpt>
      <trkpt lat="50.1407967" lon="14.4186700">
        <ele>267.03</ele>
        <time>2026-03-29T06:30:27.000Z</time>
        <course>261.860</course>
        <hdop>1.70</hdop>
      </trkpt>
      <trkpt lat="50.1407850" lon="14.4186333">
        <ele>267.25</ele>
        <time>2026-03-29T06:30:30.000Z</time>
        <course>253.860</course>
        <hdop>1.80</hdop>
      </trkpt>
      <trkpt lat="50.1407717" lon="14.4185933">
        <ele>267.04</ele>
        <time>2026-03-29T06:30:33.000Z</time>
        <course>254.190</course>
        <hdop>1.80</hdop>
      </trkpt>
      <trkpt lat="50.1407750" lon="14.4185767">
        <ele>267.40</ele>
        <time>2026-03-29T06:30:36.000Z</time>
        <course>272.200</course>
        <hdop>1.70</hdop>
      </trkpt>
      <trkpt lat="50.1407750" lon="14.4185783">
        <ele>267.51</ele>
        <time>2026-03-29T06:30:39.000Z</time>
        <course>179.250</course>
        <hdop>1.60</hdop>
      </trkpt>
      <trkpt lat="50.1407683" lon="14.4185350">
        <ele>268.66</ele>
        <time>2026-03-29T06:30:52.000Z</time>
        <course>91.350</course>
        <hdop>1.60</hdop>
      </trkpt>
      <trkpt lat="50.1407533" lon="14.4184917">
        <ele>269.52</ele>
        <time>2026-03-29T06:30:55.000Z</time>
        <course>272.070</course>
        <hdop>1.80</hdop>
      </trkpt>
      <trkpt lat="50.1407533" lon="14.4184600">
        <ele>270.46</ele>
        <time>2026-03-29T06:30:58.000Z</time>
        <course>346.410</course>
        <hdop>1.80</hdop>
      </trkpt>
      <trkpt lat="50.1407833" lon="14.4184433">
        <ele>271.00</ele>
        <time>2026-03-29T06:31:01.000Z</time>
        <course>343.690</course>
        <hdop>1.90</hdop>
      </trkpt>
      <trkpt lat="50.1408217" lon="14.4184567">
        <ele>271.91</ele>
        <time>2026-03-29T06:31:04.000Z</time>
        <course>5.620</course>
        <hdop>1.80</hdop>
      </trkpt>
      <trkpt lat="50.1408500" lon="14.4184583">
        <ele>272.61</ele>
        <time>2026-03-29T06:31:07.000Z</time>
        <course>328.320</course>
        <hdop>1.70</hdop>
      </trkpt>
      <trkpt lat="50.1408617" lon="14.4184483">
        <ele>273.04</ele>
        <time>2026-03-29T06:31:10.000Z</time>
        <course>325.230</course>
        <hdop>1.60</hdop>
      </trkpt>
      <trkpt lat="50.1408700" lon="14.4184400">
        <ele>272.91</ele>
        <time>2026-03-29T06:31:13.000Z</time>
        <course>335.730</course>
        <hdop>1.60</hdop>
      </trkpt>
      <trkpt lat="50.1409217" lon="14.4184267">
        <ele>274.13</ele>
        <time>2026-03-29T06:31:23.000Z</time>
        <course>353.380</course>
        <hdop>1.70</hdop>
      </trkpt>
      <trkpt lat="50.1409500" lon="14.4184433">
        <ele>273.82</ele>
        <time>2026-03-29T06:31:26.000Z</time>
        <course>18.660</course>
        <hdop>1.70</hdop>
      </trkpt>
      <trkpt lat="50.1409700" lon="14.4184783">
        <ele>272.90</ele>
        <time>2026-03-29T06:31:29.000Z</time>
        <course>33.350</course>
        <hdop>1.70</hdop>
      </trkpt>
      <trkpt lat="50.1409967" lon="14.4185017">
        <ele>272.38</ele>
        <time>2026-03-29T06:31:32.000Z</time>
        <course>26.760</course>
        <hdop>1.70</hdop>
      </trkpt>
      <trkpt lat="50.1410233" lon="14.4185333">
        <ele>271.40</ele>
        <time>2026-03-29T06:31:35.000Z</time>
        <course>37.910</course>
        <hdop>1.80</hdop>
      </trkpt>
      <trkpt lat="50.1410383" lon="14.4185800">
        <ele>271.11</ele>
        <time>2026-03-29T06:31:37.000Z</time>
        <course>42.330</course>
        <hdop>1.80</hdop>
      </trkpt>
      <trkpt lat="50.1410633" lon="14.4186000">
        <ele>270.22</ele>
        <time>2026-03-29T06:31:39.000Z</time>
        <course>23.410</course>
        <hdop>1.80</hdop>
      </trkpt>
      <trkpt lat="50.1410900" lon="14.4186183">
        <ele>269.43</ele>
        <time>2026-03-29T06:31:42.000Z</time>
        <course>15.300</course>
        <hdop>1.70</hdop>
      </trkpt>
      <trkpt lat="50.1411200" lon="14.4186033">
        <ele>269.10</ele>
        <time>2026-03-29T06:31:45.000Z</time>
        <course>340.520</course>
        <hdop>1.80</hdop>
      </trkpt>
      <trkpt lat="50.1411367" lon="14.4185900">
        <ele>268.99</ele>
        <time>2026-03-29T06:31:48.000Z</time>
        <course>352.960</course>
        <hdop>2.00</hdop>
      </trkpt>
      <trkpt lat="50.1411567" lon="14.4185967">
        <ele>270.15</ele>
        <time>2026-03-29T06:31:51.000Z</time>
        <course>1.560</course>
        <hdop>1.90</hdop>
      </trkpt>
      <trkpt lat="50.1411750" lon="14.4186167">
        <ele>270.21</ele>
        <time>2026-03-29T06:31:54.000Z</time>
        <course>22.380</course>
        <hdop>1.70</hdop>
      </trkpt>
      <trkpt lat="50.1412033" lon="14.4186467">
        <ele>270.04</ele>
        <time>2026-03-29T06:31:57.000Z</time>
        <course>43.060</course>
        <hdop>1.80</hdop>
      </trkpt>
      <trkpt lat="50.1412317" lon="14.4186883">
        <ele>270.43</ele>
        <time>2026-03-29T06:32:00.000Z</time>
        <course>47.700</course>
        <hdop>1.80</hdop>
      </trkpt>
      <trkpt lat="50.1412550" lon="14.4187050">
        <ele>270.84</ele>
        <time>2026-03-29T06:32:03.000Z</time>
        <course>2.980</course>
        <hdop>1.70</hdop>
      </trkpt>
      <trkpt lat="50.1412900" lon="14.4187317">
        <ele>270.98</ele>
        <time>2026-03-29T06:32:06.000Z</time>
        <course>37.090</course>
        <hdop>1.70</hdop>
      </trkpt>
      <trkpt lat="50.1413200" lon="14.4187583">
        <ele>271.03</ele>
        <time>2026-03-29T06:32:09.000Z</time>
        <course>20.000</course>
        <hdop>1.80</hdop>
      </trkpt>
      <trkpt lat="50.1413500" lon="14.4187717">
        <ele>270.46</ele>
        <time>2026-03-29T06:32:12.000Z</time>
        <course>25.690</course>
        <hdop>1.70</hdop>
      </trkpt>
      <trkpt lat="50.1413717" lon="14.4187767">
        <ele>269.72</ele>
        <time>2026-03-29T06:32:15.000Z</time>
        <course>2.240</course>
        <hdop>1.90</hdop>
      </trkpt>
      <trkpt lat="50.1414050" lon="14.4187867">
        <ele>269.27</ele>
        <time>2026-03-29T06:32:18.000Z</time>
        <course>9.930</course>
        <hdop>1.80</hdop>
      </trkpt>
      <trkpt lat="50.1414367" lon="14.4187900">
        <ele>268.71</ele>
        <time>2026-03-29T06:32:21.000Z</time>
        <course>9.310</course>
        <hdop>1.70</hdop>
      </trkpt>
      <trkpt lat="50.1414683" lon="14.4188033">
        <ele>267.84</ele>
        <time>2026-03-29T06:32:24.000Z</time>
        <course>357.560</course>
        <hdop>1.80</hdop>
      </trkpt>
      <trkpt lat="50.1414933" lon="14.4188183">
        <ele>267.09</ele>
        <time>2026-03-29T06:32:27.000Z</time>
        <course>21.680</course>
        <hdop>1.80</hdop>
      </trkpt>
      <trkpt lat="50.1415167" lon="14.4188533">
        <ele>266.50</ele>
        <time>2026-03-29T06:32:30.000Z</time>
        <course>40.670</course>
        <hdop>1.90</hdop>
      </trkpt>
      <trkpt lat="50.1415383" lon="14.4188833">
        <ele>266.26</ele>
        <time>2026-03-29T06:32:33.000Z</time>
        <course>19.160</course>
        <hdop>1.80</hdop>
      </trkpt>
      <trkpt lat="50.1415600" lon="14.4189000">
        <ele>265.81</ele>
        <time>2026-03-29T06:32:36.000Z</time>
        <course>22.090</course>
        <hdop>1.80</hdop>
      </trkpt>
      <trkpt lat="50.1415767" lon="14.4189350">
        <ele>265.84</ele>
        <time>2026-03-29T06:32:38.000Z</time>
        <course>56.770</course>
        <hdop>1.70</hdop>
      </trkpt>
      <trkpt lat="50.1415967" lon="14.4189700">
        <ele>266.12</ele>
        <time>2026-03-29T06:32:41.000Z</time>
        <course>51.640</course>
        <hdop>1.70</hdop>
      </trkpt>
      <trkpt lat="50.1416200" lon="14.4190083">
        <ele>266.21</ele>
        <time>2026-03-29T06:32:44.000Z</time>
        <course>38.330</course>
        <hdop>1.80</hdop>
      </trkpt>
      <trkpt lat="50.1416383" lon="14.4190317">
        <ele>266.24</ele>
        <time>2026-03-29T06:32:47.000Z</time>
        <course>31.350</course>
        <hdop>1.80</hdop>
      </trkpt>
      <trkpt lat="50.1416650" lon="14.4190433">
        <ele>265.80</ele>
        <time>2026-03-29T06:32:50.000Z</time>
        <course>0.240</course>
        <hdop>1.80</hdop>
      </trkpt>
      <trkpt lat="50.1416867" lon="14.4190433">
        <ele>265.23</ele>
        <time>2026-03-29T06:32:53.000Z</time>
        <course>5.430</course>
        <hdop>1.90</hdop>
      </trkpt>
      <trkpt lat="50.1417133" lon="14.4190467">
        <ele>264.96</ele>
        <time>2026-03-29T06:32:56.000Z</time>
        <course>12.190</course>
        <hdop>1.90</hdop>
      </trkpt>
      <trkpt lat="50.1417383" lon="14.4190500">
        <ele>264.77</ele>
        <time>2026-03-29T06:32:59.000Z</time>
        <course>0.630</course>
        <hdop>1.90</hdop>
      </trkpt>
      <trkpt lat="50.1417567" lon="14.4190500">
        <ele>264.45</ele>
        <time>2026-03-29T06:33:02.000Z</time>
        <course>3.410</course>
        <hdop>1.90</hdop>
      </trkpt>
      <trkpt lat="50.1417717" lon="14.4190717">
        <ele>264.10</ele>
        <time>2026-03-29T06:33:05.000Z</time>
        <course>30.110</course>
        <hdop>1.90</hdop>
      </trkpt>
      <trkpt lat="50.1417900" lon="14.4190950">
        <ele>264.09</ele>
        <time>2026-03-29T06:33:08.000Z</time>
        <course>22.730</course>
        <hdop>2.00</hdop>
      </trkpt>
      <trkpt lat="50.1417917" lon="14.4190900">
        <ele>264.04</ele>
        <time>2026-03-29T06:33:11.000Z</time>
        <course>10.310</course>
        <hdop>1.90</hdop>
      </trkpt>
      <trkpt lat="50.1418100" lon="14.4190633">
        <ele>263.89</ele>
        <time>2026-03-29T06:33:14.000Z</time>
        <course>10.310</course>
        <hdop>1.80</hdop>
      </trkpt>
      <trkpt lat="50.1418267" lon="14.4190283">
        <ele>263.32</ele>
        <time>2026-03-29T06:33:17.000Z</time>
        <course>10.310</course>
        <hdop>1.90</hdop>
      </trkpt>
      <trkpt lat="50.1418483" lon="14.4189900">
        <ele>262.34</ele>
        <time>2026-03-29T06:33:20.000Z</time>
        <course>316.400</course>
        <hdop>1.90</hdop>
      </trkpt>
      <trkpt lat="50.1418633" lon="14.4189350">
        <ele>261.36</ele>
        <time>2026-03-29T06:33:23.000Z</time>
        <course>304.870</course>
        <hdop>2.00</hdop>
      </trkpt>
      <trkpt lat="50.1418750" lon="14.4188917">
        <ele>260.68</ele>
        <time>2026-03-29T06:33:26.000Z</time>
        <course>298.790</course>
        <hdop>1.90</hdop>
      </trkpt>
      <trkpt lat="50.1418933" lon="14.4188650">
        <ele>260.06</ele>
        <time>2026-03-29T06:33:29.000Z</time>
        <course>239.820</course>
        <hdop>1.90</hdop>
      </trkpt>
      <trkpt lat="50.1419050" lon="14.4188283">
        <ele>259.26</ele>
        <time>2026-03-29T06:33:32.000Z</time>
        <course>298.550</course>
        <hdop>1.80</hdop>
      </trkpt>
      <trkpt lat="50.1419050" lon="14.4187883">
        <ele>258.97</ele>
        <time>2026-03-29T06:33:35.000Z</time>
        <course>282.990</course>
        <hdop>1.90</hdop>
      </trkpt>
      <trkpt lat="50.1419017" lon="14.4187400">
        <ele>258.34</ele>
        <time>2026-03-29T06:33:38.000Z</time>
        <course>261.870</course>
        <hdop>2.10</hdop>
      </trkpt>
      <trkpt lat="50.1419050" lon="14.4186700">
        <ele>257.51</ele>
        <time>2026-03-29T06:33:41.000Z</time>
        <course>276.930</course>
        <hdop>2.00</hdop>
      </trkpt>
      <trkpt lat="50.1419117" lon="14.4186300">
        <ele>256.65</ele>
        <time>2026-03-29T06:33:45.000Z</time>
        <course>324.310</course>
        <hdop>2.30</hdop>
      </trkpt>
      <trkpt lat="50.1419067" lon="14.4185583">
        <ele>255.61</ele>
        <time>2026-03-29T06:33:50.000Z</time>
        <course>261.430</course>
        <hdop>2.20</hdop>
      </trkpt>
      <trkpt lat="50.1418950" lon="14.4185183">
        <ele>256.01</ele>
        <time>2026-03-29T06:33:52.000Z</time>
        <course>255.800</course>
        <hdop>2.20</hdop>
      </trkpt>
      <trkpt lat="50.1418800" lon="14.4184917">
        <ele>256.88</ele>
        <time>2026-03-29T06:33:55.000Z</time>
        <course>210.250</course>
        <hdop>2.10</hdop>
      </trkpt>
      <trkpt lat="50.1418733" lon="14.4185083">
        <ele>257.60</ele>
        <time>2026-03-29T06:33:58.000Z</time>
        <course>151.620</course>
        <hdop>2.00</hdop>
      </trkpt>
      <trkpt lat="50.1418683" lon="14.4185183">
        <ele>258.05</ele>
        <time>2026-03-29T06:34:01.000Z</time>
        <course>151.720</course>
        <hdop>2.00</hdop>
      </trkpt>
      <trkpt lat="50.1418300" lon="14.4184967">
        <ele>258.36</ele>
        <time>2026-03-29T06:34:14.000Z</time>
        <course>153.780</course>
        <hdop>2.20</hdop>
      </trkpt>
      <trkpt lat="50.1418317" lon="14.4184683">
        <ele>258.51</ele>
        <time>2026-03-29T06:34:17.000Z</time>
        <course>153.780</course>
        <hdop>2.20</hdop>
      </trkpt>
      <trkpt lat="50.1418400" lon="14.4184233">
        <ele>259.04</ele>
        <time>2026-03-29T06:34:20.000Z</time>
        <course>153.780</course>
        <hdop>2.00</hdop>
      </trkpt>
      <trkpt lat="50.1418283" lon="14.4183983">
        <ele>258.72</ele>
        <time>2026-03-29T06:34:23.000Z</time>
        <course>240.900</course>
        <hdop>2.00</hdop>
      </trkpt>
      <trkpt lat="50.1418150" lon="14.4183650">
        <ele>258.64</ele>
        <time>2026-03-29T06:34:26.000Z</time>
        <course>239.760</course>
        <hdop>2.00</hdop>
      </trkpt>
      <trkpt lat="50.1418033" lon="14.4183250">
        <ele>258.20</ele>
        <time>2026-03-29T06:34:29.000Z</time>
        <course>242.580</course>
        <hdop>2.00</hdop>
      </trkpt>
      <trkpt lat="50.1417917" lon="14.4182750">
        <ele>257.43</ele>
        <time>2026-03-29T06:34:32.000Z</time>
        <course>244.040</course>
        <hdop>2.00</hdop>
      </trkpt>
      <trkpt lat="50.1417783" lon="14.4182233">
        <ele>256.39</ele>
        <time>2026-03-29T06:34:35.000Z</time>
        <course>247.180</course>
        <hdop>2.00</hdop>
      </trkpt>
      <trkpt lat="50.1417567" lon="14.4181817">
        <ele>255.76</ele>
        <time>2026-03-29T06:34:38.000Z</time>
        <course>241.000</course>
        <hdop>2.00</hdop>
      </trkpt>
      <trkpt lat="50.1417167" lon="14.4181200">
        <ele>255.26</ele>
        <time>2026-03-29T06:34:43.000Z</time>
        <course>225.310</course>
        <hdop>2.10</hdop>
      </trkpt>
      <trkpt lat="50.1417083" lon="14.4180883">
        <ele>254.51</ele>
        <time>2026-03-29T06:34:46.000Z</time>
        <course>239.560</course>
        <hdop>2.00</hdop>
      </trkpt>
      <trkpt lat="50.1416983" lon="14.4180433">
        <ele>254.11</ele>
        <time>2026-03-29T06:34:49.000Z</time>
        <course>248.060</course>
        <hdop>1.90</hdop>
      </trkpt>
      <trkpt lat="50.1416967" lon="14.4180067">
        <ele>252.89</ele>
        <time>2026-03-29T06:34:52.000Z</time>
        <course>261.320</course>
        <hdop>1.90</hdop>
      </trkpt>
      <trkpt lat="50.1416883" lon="14.4179717">
        <ele>251.42</ele>
        <time>2026-03-29T06:34:55.000Z</time>
        <course>260.170</course>
        <hdop>1.90</hdop>
      </trkpt>
      <trkpt lat="50.1416667" lon="14.4179250">
        <ele>250.11</ele>
        <time>2026-03-29T06:34:58.000Z</time>
        <course>228.070</course>
        <hdop>1.90</hdop>
      </trkpt>
      <trkpt lat="50.1416450" lon="14.4178733">
        <ele>248.97</ele>
        <time>2026-03-29T06:35:01.000Z</time>
        <course>239.570</course>
        <hdop>1.90</hdop>
      </trkpt>
      <trkpt lat="50.1416350" lon="14.4178200">
        <ele>248.47</ele>
        <time>2026-03-29T06:35:03.000Z</time>
        <course>262.100</course>
        <hdop>2.00</hdop>
      </trkpt>
      <trkpt lat="50.1416350" lon="14.4177700">
        <ele>248.29</ele>
        <time>2026-03-29T06:35:06.000Z</time>
        <course>286.700</course>
        <hdop>2.00</hdop>
      </trkpt>
      <trkpt lat="50.1416433" lon="14.4177383">
        <ele>247.72</ele>
        <time>2026-03-29T06:35:09.000Z</time>
        <course>291.300</course>
        <hdop>1.90</hdop>
      </trkpt>
      <trkpt lat="50.1416483" lon="14.4177000">
        <ele>246.99</ele>
        <time>2026-03-29T06:35:12.000Z</time>
        <course>288.260</course>
        <hdop>1.90</hdop>
      </trkpt>
      <trkpt lat="50.1416417" lon="14.4176667">
        <ele>245.94</ele>
        <time>2026-03-29T06:35:15.000Z</time>
        <course>276.400</course>
        <hdop>1.90</hdop>
      </trkpt>
      <trkpt lat="50.1416283" lon="14.4176267">
        <ele>245.98</ele>
        <time>2026-03-29T06:35:19.000Z</time>
        <course>258.520</course>
        <hdop>2.00</hdop>
      </trkpt>
      <trkpt lat="50.1416067" lon="14.4175850">
        <ele>246.54</ele>
        <time>2026-03-29T06:35:22.000Z</time>
        <course>237.070</course>
        <hdop>2.00</hdop>
      </trkpt>
      <trkpt lat="50.1415983" lon="14.4175650">
        <ele>247.85</ele>
        <time>2026-03-29T06:35:25.000Z</time>
        <course>244.650</course>
        <hdop>1.90</hdop>
      </trkpt>
      <trkpt lat="50.1415833" lon="14.4174833">
        <ele>249.04</ele>
        <time>2026-03-29T06:35:33.000Z</time>
        <course>260.010</course>
        <hdop>2.00</hdop>
      </trkpt>
      <trkpt lat="50.1415750" lon="14.4174300">
        <ele>249.39</ele>
        <time>2026-03-29T06:35:35.000Z</time>
        <course>255.770</course>
        <hdop>2.00</hdop>
      </trkpt>
      <trkpt lat="50.1415433" lon="14.4173867">
        <ele>250.30</ele>
        <time>2026-03-29T06:35:37.000Z</time>
        <course>240.620</course>
        <hdop>2.00</hdop>
      </trkpt>
      <trkpt lat="50.1415150" lon="14.4173567">
        <ele>251.06</ele>
        <time>2026-03-29T06:35:39.000Z</time>
        <course>231.120</course>
        <hdop>1.90</hdop>
      </trkpt>
      <trkpt lat="50.1415033" lon="14.4173300">
        <ele>251.08</ele>
        <time>2026-03-29T06:35:42.000Z</time>
        <course>236.250</course>
        <hdop>1.90</hdop>
      </trkpt>
      <trkpt lat="50.1414967" lon="14.4173150">
        <ele>251.04</ele>
        <time>2026-03-29T06:35:45.000Z</time>
        <course>227.390</course>
        <hdop>1.80</hdop>
      </trkpt>
      <trkpt lat="50.1414833" lon="14.4173017">
        <ele>250.50</ele>
        <time>2026-03-29T06:35:48.000Z</time>
        <course>210.020</course>
        <hdop>1.70</hdop>
      </trkpt>
      <trkpt lat="50.1414533" lon="14.4172833">
        <ele>250.01</ele>
        <time>2026-03-29T06:35:51.000Z</time>
        <course>210.190</course>
        <hdop>1.80</hdop>
      </trkpt>
      <trkpt lat="50.1414367" lon="14.4172817">
        <ele>249.48</ele>
        <time>2026-03-29T06:35:54.000Z</time>
        <course>192.240</course>
        <hdop>1.80</hdop>
      </trkpt>
      <trkpt lat="50.1414200" lon="14.4172933">
        <ele>249.58</ele>
        <time>2026-03-29T06:35:57.000Z</time>
        <course>165.920</course>
        <hdop>1.80</hdop>
      </trkpt>
      <trkpt lat="50.1413983" lon="14.4172850">
        <ele>249.90</ele>
        <time>2026-03-29T06:36:00.000Z</time>
        <course>179.560</course>
        <hdop>1.80</hdop>
      </trkpt>
      <trkpt lat="50.1413733" lon="14.4172783">
        <ele>250.61</ele>
        <time>2026-03-29T06:36:03.000Z</time>
        <course>182.000</course>
        <hdop>1.80</hdop>
      </trkpt>
      <trkpt lat="50.1413500" lon="14.4172733">
        <ele>251.59</ele>
        <time>2026-03-29T06:36:06.000Z</time>
        <course>182.560</course>
        <hdop>1.80</hdop>
      </trkpt>
      <trkpt lat="50.1413317" lon="14.4172650">
        <ele>253.19</ele>
        <time>2026-03-29T06:36:09.000Z</time>
        <course>185.230</course>
        <hdop>1.90</hdop>
      </trkpt>
      <trkpt lat="50.1413133" lon="14.4172667">
        <ele>254.59</ele>
        <time>2026-03-29T06:36:12.000Z</time>
        <course>185.610</course>
        <hdop>1.80</hdop>
      </trkpt>
      <trkpt lat="50.1412917" lon="14.4172750">
        <ele>255.44</ele>
        <time>2026-03-29T06:36:15.000Z</time>
        <course>171.960</course>
        <hdop>1.80</hdop>
      </trkpt>
      <trkpt lat="50.1412733" lon="14.4172867">
        <ele>256.05</ele>
        <time>2026-03-29T06:36:18.000Z</time>
        <course>170.330</course>
        <hdop>1.80</hdop>
      </trkpt>
      <trkpt lat="50.1412567" lon="14.4172850">
        <ele>256.60</ele>
        <time>2026-03-29T06:36:21.000Z</time>
        <course>41.510</course>
        <hdop>1.80</hdop>
      </trkpt>
      <trkpt lat="50.1412217" lon="14.4172817">
        <ele>257.49</ele>
        <time>2026-03-29T06:36:27.000Z</time>
        <course>31.000</course>
        <hdop>1.80</hdop>
      </trkpt>
      <trkpt lat="50.1412033" lon="14.4172700">
        <ele>257.61</ele>
        <time>2026-03-29T06:36:30.000Z</time>
        <course>31.000</course>
        <hdop>1.80</hdop>
      </trkpt>
      <trkpt lat="50.1411800" lon="14.4172617">
        <ele>257.88</ele>
        <time>2026-03-29T06:36:33.000Z</time>
        <course>31.000</course>
        <hdop>1.70</hdop>
      </trkpt>
      <trkpt lat="50.1411517" lon="14.4172717">
        <ele>258.47</ele>
        <time>2026-03-29T06:36:36.000Z</time>
        <course>160.410</course>
        <hdop>1.70</hdop>
      </trkpt>
      <trkpt lat="50.1411267" lon="14.4173017">
        <ele>258.61</ele>
        <time>2026-03-29T06:36:39.000Z</time>
        <course>136.390</course>
        <hdop>1.80</hdop>
      </trkpt>
      <trkpt lat="50.1411100" lon="14.4173333">
        <ele>258.80</ele>
        <time>2026-03-29T06:36:42.000Z</time>
        <course>140.550</course>
        <hdop>1.80</hdop>
      </trkpt>
      <trkpt lat="50.1410933" lon="14.4173433">
        <ele>258.62</ele>
        <time>2026-03-29T06:36:45.000Z</time>
        <course>206.720</course>
        <hdop>1.80</hdop>
      </trkpt>
      <trkpt lat="50.1410750" lon="14.4173417">
        <ele>258.46</ele>
        <time>2026-03-29T06:36:48.000Z</time>
        <course>187.550</course>
        <hdop>1.70</hdop>
      </trkpt>
      <trkpt lat="50.1409900" lon="14.4173683">
        <ele>256.73</ele>
        <time>2026-03-29T06:37:08.000Z</time>
        <course>192.620</course>
        <hdop>1.70</hdop>
      </trkpt>
      <trkpt lat="50.1409683" lon="14.4173500">
        <ele>257.37</ele>
        <time>2026-03-29T06:37:11.000Z</time>
        <course>196.520</course>
        <hdop>1.70</hdop>
      </trkpt>
      <trkpt lat="50.1409400" lon="14.4173400">
        <ele>257.87</ele>
        <time>2026-03-29T06:37:14.000Z</time>
        <course>176.530</course>
        <hdop>1.80</hdop>
      </trkpt>
      <trkpt lat="50.1409150" lon="14.4173400">
        <ele>258.59</ele>
        <time>2026-03-29T06:37:17.000Z</time>
        <course>213.490</course>
        <hdop>1.80</hdop>
      </trkpt>
      <trkpt lat="50.1408950" lon="14.4173350">
        <ele>258.90</ele>
        <time>2026-03-29T06:37:20.000Z</time>
        <course>192.830</course>
        <hdop>1.80</hdop>
      </trkpt>
      <trkpt lat="50.1408783" lon="14.4173283">
        <ele>259.13</ele>
        <time>2026-03-29T06:37:23.000Z</time>
        <course>194.340</course>
        <hdop>1.90</hdop>
      </trkpt>
      <trkpt lat="50.1408517" lon="14.4173183">
        <ele>259.66</ele>
        <time>2026-03-29T06:37:25.000Z</time>
        <course>197.350</course>
        <hdop>2.00</hdop>
      </trkpt>
      <trkpt lat="50.1408167" lon="14.4173017">
        <ele>259.56</ele>
        <time>2026-03-29T06:37:28.000Z</time>
        <course>191.740</course>
        <hdop>1.90</hdop>
      </trkpt>
      <trkpt lat="50.1407883" lon="14.4173017">
        <ele>260.03</ele>
        <time>2026-03-29T06:37:31.000Z</time>
        <course>185.140</course>
        <hdop>1.80</hdop>
      </trkpt>
      <trkpt lat="50.1407583" lon="14.4173017">
        <ele>260.40</ele>
        <time>2026-03-29T06:37:34.000Z</time>
        <course>172.300</course>
        <hdop>1.80</hdop>
      </trkpt>
      <trkpt lat="50.1407250" lon="14.4172967">
        <ele>260.53</ele>
        <time>2026-03-29T06:37:37.000Z</time>
        <course>202.140</course>
        <hdop>1.90</hdop>
      </trkpt>
      <trkpt lat="50.1406950" lon="14.4173017">
        <ele>260.58</ele>
        <time>2026-03-29T06:37:40.000Z</time>
        <course>182.940</course>
        <hdop>1.80</hdop>
      </trkpt>
      <trkpt lat="50.1406683" lon="14.4173083">
        <ele>260.65</ele>
        <time>2026-03-29T06:37:42.000Z</time>
        <course>178.210</course>
        <hdop>1.80</hdop>
      </trkpt>
      <trkpt lat="50.1406367" lon="14.4173117">
        <ele>260.22</ele>
        <time>2026-03-29T06:37:45.000Z</time>
        <course>179.650</course>
        <hdop>1.80</hdop>
      </trkpt>
      <trkpt lat="50.1406050" lon="14.4173183">
        <ele>259.82</ele>
        <time>2026-03-29T06:37:48.000Z</time>
        <course>175.260</course>
        <hdop>1.70</hdop>
      </trkpt>
      <trkpt lat="50.1405817" lon="14.4173217">
        <ele>259.76</ele>
        <time>2026-03-29T06:37:51.000Z</time>
        <course>177.890</course>
        <hdop>1.80</hdop>
      </trkpt>
      <trkpt lat="50.1405533" lon="14.4173233">
        <ele>260.07</ele>
        <time>2026-03-29T06:37:54.000Z</time>
        <course>171.180</course>
        <hdop>1.90</hdop>
      </trkpt>
      <trkpt lat="50.1405233" lon="14.4173300">
        <ele>261.06</ele>
        <time>2026-03-29T06:37:57.000Z</time>
        <course>197.890</course>
        <hdop>2.00</hdop>
      </trkpt>
      <trkpt lat="50.1404950" lon="14.4173483">
        <ele>261.85</ele>
        <time>2026-03-29T06:38:00.000Z</time>
        <course>142.290</course>
        <hdop>1.90</hdop>
      </trkpt>
      <trkpt lat="50.1404600" lon="14.4173550">
        <ele>263.03</ele>
        <time>2026-03-29T06:38:03.000Z</time>
        <course>176.560</course>
        <hdop>1.70</hdop>
      </trkpt>
      <trkpt lat="50.1404317" lon="14.4173533">
        <ele>263.99</ele>
        <time>2026-03-29T06:38:06.000Z</time>
        <course>185.780</course>
        <hdop>1.60</hdop>
      </trkpt>
      <trkpt lat="50.1404133" lon="14.4173483">
        <ele>264.42</ele>
        <time>2026-03-29T06:38:09.000Z</time>
        <course>184.860</course>
        <hdop>2.00</hdop>
      </trkpt>
      <trkpt lat="50.1403817" lon="14.4173517">
        <ele>264.55</ele>
        <time>2026-03-29T06:38:12.000Z</time>
        <course>174.550</course>
        <hdop>1.80</hdop>
      </trkpt>
      <trkpt lat="50.1403583" lon="14.4173517">
        <ele>264.82</ele>
        <time>2026-03-29T06:38:15.000Z</time>
        <course>168.640</course>
        <hdop>1.80</hdop>
      </trkpt>
      <trkpt lat="50.1403367" lon="14.4173683">
        <ele>265.10</ele>
        <time>2026-03-29T06:38:18.000Z</time>
        <course>150.120</course>
        <hdop>1.90</hdop>
      </trkpt>
      <trkpt lat="50.1403267" lon="14.4173967">
        <ele>265.40</ele>
        <time>2026-03-29T06:38:21.000Z</time>
        <course>111.020</course>
        <hdop>1.80</hdop>
      </trkpt>
      <trkpt lat="50.1403117" lon="14.4174350">
        <ele>265.53</ele>
        <time>2026-03-29T06:38:24.000Z</time>
        <course>114.570</course>
        <hdop>1.90</hdop>
      </trkpt>
      <trkpt lat="50.1402983" lon="14.4174633">
        <ele>265.79</ele>
        <time>2026-03-29T06:38:27.000Z</time>
        <course>109.780</course>
        <hdop>1.90</hdop>
      </trkpt>
      <trkpt lat="50.1402867" lon="14.4175017">
        <ele>266.56</ele>
        <time>2026-03-29T06:38:30.000Z</time>
        <course>115.040</course>
        <hdop>1.90</hdop>
      </trkpt>
      <trkpt lat="50.1402783" lon="14.4175367">
        <ele>267.10</ele>
        <time>2026-03-29T06:38:33.000Z</time>
        <course>121.760</course>
        <hdop>1.90</hdop>
      </trkpt>
      <trkpt lat="50.1402767" lon="14.4175617">
        <ele>267.21</ele>
        <time>2026-03-29T06:38:36.000Z</time>
        <course>141.370</course>
        <hdop>2.00</hdop>
      </trkpt>
      <trkpt lat="50.1402783" lon="14.4175650">
        <ele>267.70</ele>
        <time>2026-03-29T06:38:40.000Z</time>
        <course>54.930</course>
        <hdop>2.00</hdop>
      </trkpt>
      <trkpt lat="50.1402733" lon="14.4176333">
        <ele>269.48</ele>
        <time>2026-03-29T06:38:56.000Z</time>
        <course>54.930</course>
        <hdop>2.00</hdop>
      </trkpt>
      <trkpt lat="50.1402600" lon="14.4176700">
        <ele>269.73</ele>
        <time>2026-03-29T06:38:59.000Z</time>
        <course>54.930</course>
        <hdop>1.90</hdop>
      </trkpt>
      <trkpt lat="50.1402450" lon="14.4176750">
        <ele>270.10</ele>
        <time>2026-03-29T06:39:02.000Z</time>
        <course>151.640</course>
        <hdop>1.90</hdop>
      </trkpt>
      <trkpt lat="50.1402383" lon="14.4176717">
        <ele>270.38</ele>
        <time>2026-03-29T06:39:05.000Z</time>
        <course>149.620</course>
        <hdop>1.90</hdop>
      </trkpt>
      <trkpt lat="50.1402400" lon="14.4176850">
        <ele>270.98</ele>
        <time>2026-03-29T06:39:08.000Z</time>
        <course>130.900</course>
        <hdop>1.90</hdop>
      </trkpt>
      <trkpt lat="50.1402283" lon="14.4177150">
        <ele>271.74</ele>
        <time>2026-03-29T06:39:11.000Z</time>
        <course>120.860</course>
        <hdop>1.90</hdop>
      </trkpt>
      <trkpt lat="50.1402150" lon="14.4177483">
        <ele>271.93</ele>
        <time>2026-03-29T06:39:14.000Z</time>
        <course>133.820</course>
        <hdop>2.10</hdop>
      </trkpt>
      <trkpt lat="50.1402033" lon="14.4177850">
        <ele>272.57</ele>
        <time>2026-03-29T06:39:17.000Z</time>
        <course>113.800</course>
        <hdop>2.00</hdop>
      </trkpt>
      <trkpt lat="50.1401833" lon="14.4178167">
        <ele>272.92</ele>
        <time>2026-03-29T06:39:20.000Z</time>
        <course>124.860</course>
        <hdop>2.00</hdop>
      </trkpt>
      <trkpt lat="50.1401783" lon="14.4178517">
        <ele>273.21</ele>
        <time>2026-03-29T06:39:23.000Z</time>
        <course>103.660</course>
        <hdop>1.90</hdop>
      </trkpt>
      <trkpt lat="50.1401667" lon="14.4179000">
        <ele>273.58</ele>
        <time>2026-03-29T06:39:26.000Z</time>
        <course>97.650</course>
        <hdop>1.90</hdop>
      </trkpt>
      <trkpt lat="50.1401483" lon="14.4179317">
        <ele>273.55</ele>
        <time>2026-03-29T06:39:28.000Z</time>
        <course>111.340</course>
        <hdop>1.90</hdop>
      </trkpt>
      <trkpt lat="50.1401350" lon="14.4179600">
        <ele>273.63</ele>
        <time>2026-03-29T06:39:31.000Z</time>
        <course>137.270</course>
        <hdop>1.80</hdop>
      </trkpt>
      <trkpt lat="50.1401217" lon="14.4179867">
        <ele>273.22</ele>
        <time>2026-03-29T06:39:34.000Z</time>
        <course>129.650</course>
        <hdop>1.80</hdop>
      </trkpt>
      <trkpt lat="50.1401083" lon="14.4180100">
        <ele>272.99</ele>
        <time>2026-03-29T06:39:37.000Z</time>
        <course>124.920</course>
        <hdop>1.80</hdop>
      </trkpt>
      <trkpt lat="50.1400917" lon="14.4180400">
        <ele>272.62</ele>
        <time>2026-03-29T06:39:40.000Z</time>
        <course>132.280</course>
        <hdop>1.90</hdop>
      </trkpt>
      <trkpt lat="50.1400767" lon="14.4180683">
        <ele>272.02</ele>
        <time>2026-03-29T06:39:43.000Z</time>
        <course>135.180</course>
        <hdop>1.80</hdop>
      </trkpt>
      <trkpt lat="50.1400633" lon="14.4180983">
        <ele>271.66</ele>
        <time>2026-03-29T06:39:46.000Z</time>
        <course>128.730</course>
        <hdop>1.80</hdop>
      </trkpt>
      <trkpt lat="50.1400567" lon="14.4181383">
        <ele>271.49</ele>
        <time>2026-03-29T06:39:49.000Z</time>
        <course>111.180</course>
        <hdop>1.80</hdop>
      </trkpt>
      <trkpt lat="50.1400517" lon="14.4181767">
        <ele>271.53</ele>
        <time>2026-03-29T06:39:52.000Z</time>
        <course>109.610</course>
        <hdop>1.80</hdop>
      </trkpt>
      <trkpt lat="50.1400500" lon="14.4182233">
        <ele>271.41</ele>
        <time>2026-03-29T06:39:55.000Z</time>
        <course>101.000</course>
        <hdop>1.80</hdop>
      </trkpt>
      <trkpt lat="50.1400500" lon="14.4182583">
        <ele>271.26</ele>
        <time>2026-03-29T06:39:58.000Z</time>
        <course>87.380</course>
        <hdop>1.90</hdop>
      </trkpt>
      <trkpt lat="50.1400517" lon="14.4182983">
        <ele>271.16</ele>
        <time>2026-03-29T06:40:01.000Z</time>
        <course>86.020</course>
        <hdop>1.90</hdop>
      </trkpt>
      <trkpt lat="50.1400550" lon="14.4183117">
        <ele>271.26</ele>
        <time>2026-03-29T06:40:04.000Z</time>
        <course>108.220</course>
        <hdop>1.80</hdop>
      </trkpt>
      <trkpt lat="50.1400667" lon="14.4183617">
        <ele>272.03</ele>
        <time>2026-03-29T06:40:12.000Z</time>
        <course>97.150</course>
        <hdop>1.80</hdop>
      </trkpt>
      <trkpt lat="50.1400567" lon="14.4183983">
        <ele>271.78</ele>
        <time>2026-03-29T06:40:15.000Z</time>
        <course>110.100</course>
        <hdop>1.80</hdop>
      </trkpt>
      <trkpt lat="50.1400533" lon="14.4184500">
        <ele>271.63</ele>
        <time>2026-03-29T06:40:18.000Z</time>
        <course>93.750</course>
        <hdop>1.80</hdop>
      </trkpt>
      <trkpt lat="50.1400417" lon="14.4184983">
        <ele>271.20</ele>
        <time>2026-03-29T06:40:21.000Z</time>
        <course>106.760</course>
        <hdop>1.80</hdop>
      </trkpt>
      <trkpt lat="50.1400350" lon="14.4185433">
        <ele>270.89</ele>
        <time>2026-03-29T06:40:24.000Z</time>
        <course>116.160</course>
        <hdop>2.00</hdop>
      </trkpt>
      <trkpt lat="50.1400300" lon="14.4185833">
        <ele>270.71</ele>
        <time>2026-03-29T06:40:27.000Z</time>
        <course>96.650</course>
        <hdop>1.90</hdop>
      </trkpt>
      <trkpt lat="50.1400133" lon="14.4186233">
        <ele>270.27</ele>
        <time>2026-03-29T06:40:30.000Z</time>
        <course>125.300</course>
        <hdop>1.80</hdop>
      </trkpt>
      <trkpt lat="50.1399983" lon="14.4186783">
        <ele>270.14</ele>
        <time>2026-03-29T06:40:33.000Z</time>
        <course>118.460</course>
        <hdop>1.80</hdop>
      </trkpt>
      <trkpt lat="50.1399933" lon="14.4187200">
        <ele>270.32</ele>
        <time>2026-03-29T06:40:35.000Z</time>
        <course>111.690</course>
        <hdop>1.90</hdop>
      </trkpt>
      <trkpt lat="50.1399833" lon="14.4187667">
        <ele>270.67</ele>
        <time>2026-03-29T06:40:38.000Z</time>
        <course>118.080</course>
        <hdop>1.80</hdop>
      </trkpt>
      <trkpt lat="50.1399800" lon="14.4188117">
        <ele>270.52</ele>
        <time>2026-03-29T06:40:41.000Z</time>
        <course>104.620</course>
        <hdop>1.80</hdop>
      </trkpt>
      <trkpt lat="50.1399817" lon="14.4188567">
        <ele>270.90</ele>
        <time>2026-03-29T06:40:44.000Z</time>
        <course>85.230</course>
        <hdop>1.90</hdop>
      </trkpt>
      <trkpt lat="50.1399867" lon="14.4189000">
        <ele>271.34</ele>
        <time>2026-03-29T06:40:47.000Z</time>
        <course>53.370</course>
        <hdop>2.00</hdop>
      </trkpt>
      <trkpt lat="50.1399867" lon="14.4189333">
        <ele>272.15</ele>
        <time>2026-03-29T06:40:50.000Z</time>
        <course>90.190</course>
        <hdop>1.90</hdop>
      </trkpt>
      <trkpt lat="50.1399800" lon="14.4189400">
        <ele>272.02</ele>
        <time>2026-03-29T06:40:53.000Z</time>
        <course>119.300</course>
        <hdop>1.90</hdop>
      </trkpt>
      <trkpt lat="50.1399800" lon="14.4190000">
        <ele>272.33</ele>
        <time>2026-03-29T06:41:15.000Z</time>
        <course>115.750</course>
        <hdop>2.00</hdop>
      </trkpt>
      <trkpt lat="50.1399750" lon="14.4190300">
        <ele>273.23</ele>
        <time>2026-03-29T06:41:18.000Z</time>
        <course>115.750</course>
        <hdop>2.00</hdop>
      </trkpt>
      <trkpt lat="50.1399783" lon="14.4190583">
        <ele>273.96</ele>
        <time>2026-03-29T06:41:21.000Z</time>
        <course>78.650</course>
        <hdop>2.00</hdop>
      </trkpt>
      <trkpt lat="50.1399967" lon="14.4190950">
        <ele>274.30</ele>
        <time>2026-03-29T06:41:24.000Z</time>
        <course>85.380</course>
        <hdop>2.10</hdop>
      </trkpt>
      <trkpt lat="50.1400083" lon="14.4191467">
        <ele>274.78</ele>
        <time>2026-03-29T06:41:27.000Z</time>
        <course>68.270</course>
        <hdop>2.00</hdop>
      </trkpt>
      <trkpt lat="50.1400200" lon="14.4191817">
        <ele>275.37</ele>
        <time>2026-03-29T06:41:30.000Z</time>
        <course>65.320</course>
        <hdop>1.90</hdop>
      </trkpt>
      <trkpt lat="50.1400183" lon="14.4192150">
        <ele>275.55</ele>
        <time>2026-03-29T06:41:33.000Z</time>
        <course>83.250</course>
        <hdop>1.90</hdop>
      </trkpt>
      <trkpt lat="50.1400150" lon="14.4192400">
        <ele>275.51</ele>
        <time>2026-03-29T06:41:36.000Z</time>
        <course>88.560</course>
        <hdop>1.80</hdop>
      </trkpt>
      <trkpt lat="50.1400067" lon="14.4192683">
        <ele>275.80</ele>
        <time>2026-03-29T06:41:39.000Z</time>
        <course>100.990</course>
        <hdop>1.80</hdop>
      </trkpt>
      <trkpt lat="50.1399900" lon="14.4193150">
        <ele>276.66</ele>
        <time>2026-03-29T06:41:46.000Z</time>
        <course>116.940</course>
        <hdop>1.80</hdop>
      </trkpt>
      <trkpt lat="50.1399817" lon="14.4193400">
        <ele>277.02</ele>
        <time>2026-03-29T06:41:49.000Z</time>
        <course>108.990</course>
        <hdop>1.80</hdop>
      </trkpt>
      <trkpt lat="50.1399683" lon="14.4193683">
        <ele>276.72</ele>
        <time>2026-03-29T06:41:52.000Z</time>
        <course>121.670</course>
        <hdop>1.90</hdop>
      </trkpt>
      <trkpt lat="50.1399600" lon="14.4194033">
        <ele>275.95</ele>
        <time>2026-03-29T06:41:55.000Z</time>
        <course>103.900</course>
        <hdop>1.80</hdop>
      </trkpt>
      <trkpt lat="50.1399517" lon="14.4194550">
        <ele>275.57</ele>
        <time>2026-03-29T06:41:58.000Z</time>
        <course>93.570</course>
        <hdop>1.80</hdop>
      </trkpt>
      <trkpt lat="50.1399467" lon="14.4194867">
        <ele>274.96</ele>
        <time>2026-03-29T06:42:01.000Z</time>
        <course>98.540</course>
        <hdop>1.80</hdop>
      </trkpt>
      <trkpt lat="50.1399400" lon="14.4195233">
        <ele>274.23</ele>
        <time>2026-03-29T06:42:04.000Z</time>
        <course>94.510</course>
        <hdop>1.80</hdop>
      </trkpt>
      <trkpt lat="50.1399333" lon="14.4195600">
        <ele>273.31</ele>
        <time>2026-03-29T06:42:07.000Z</time>
        <course>106.670</course>
        <hdop>1.80</hdop>
      </trkpt>
      <trkpt lat="50.1399200" lon="14.4196067">
        <ele>272.43</ele>
        <time>2026-03-29T06:42:10.000Z</time>
        <course>115.110</course>
        <hdop>1.80</hdop>
      </trkpt>
      <trkpt lat="50.1399033" lon="14.4196550">
        <ele>271.94</ele>
        <time>2026-03-29T06:42:13.000Z</time>
        <course>124.970</course>
        <hdop>1.80</hdop>
      </trkpt>
      <trkpt lat="50.1398967" lon="14.4197017">
        <ele>271.76</ele>
        <time>2026-03-29T06:42:16.000Z</time>
        <course>70.620</course>
        <hdop>1.70</hdop>
      </trkpt>
      <trkpt lat="50.1399083" lon="14.4197333">
        <ele>271.93</ele>
        <time>2026-03-29T06:42:19.000Z</time>
        <course>51.720</course>
        <hdop>1.80</hdop>
      </trkpt>
      <trkpt lat="50.1399133" lon="14.4197467">
        <ele>271.59</ele>
        <time>2026-03-29T06:42:22.000Z</time>
        <course>48.800</course>
        <hdop>1.80</hdop>
      </trkpt>
      <trkpt lat="50.1399183" lon="14.4197683">
        <ele>271.76</ele>
        <time>2026-03-29T06:42:25.000Z</time>
        <course>50.580</course>
        <hdop>1.80</hdop>
      </trkpt>
      <trkpt lat="50.1399233" lon="14.4198000">
        <ele>272.08</ele>
        <time>2026-03-29T06:42:28.000Z</time>
        <course>43.350</course>
        <hdop>2.00</hdop>
      </trkpt>
      <trkpt lat="50.1399267" lon="14.4198317">
        <ele>272.43</ele>
        <time>2026-03-29T06:42:31.000Z</time>
        <course>59.020</course>
        <hdop>2.00</hdop>
      </trkpt>
      <trkpt lat="50.1399183" lon="14.4198550">
        <ele>272.55</ele>
        <time>2026-03-29T06:42:34.000Z</time>
        <course>131.480</course>
        <hdop>1.70</hdop>
      </trkpt>
      <trkpt lat="50.1399100" lon="14.4198633">
        <ele>272.35</ele>
        <time>2026-03-29T06:42:37.000Z</time>
        <course>135.140</course>
        <hdop>1.80</hdop>
      </trkpt>
      <trkpt lat="50.1399017" lon="14.4198867">
        <ele>272.07</ele>
        <time>2026-03-29T06:42:40.000Z</time>
        <course>122.870</course>
        <hdop>1.80</hdop>
      </trkpt>
      <trkpt lat="50.1398833" lon="14.4199200">
        <ele>272.13</ele>
        <time>2026-03-29T06:42:43.000Z</time>
        <course>142.960</course>
        <hdop>1.80</hdop>
      </trkpt>
      <trkpt lat="50.1398650" lon="14.4199567">
        <ele>272.64</ele>
        <time>2026-03-29T06:42:46.000Z</time>
        <course>146.480</course>
        <hdop>1.80</hdop>
      </trkpt>
      <trkpt lat="50.1398483" lon="14.4199917">
        <ele>272.54</ele>
        <time>2026-03-29T06:42:49.000Z</time>
        <course>129.800</course>
        <hdop>1.80</hdop>
      </trkpt>
      <trkpt lat="50.1398400" lon="14.4200217">
        <ele>272.15</ele>
        <time>2026-03-29T06:42:52.000Z</time>
        <course>126.100</course>
        <hdop>1.80</hdop>
      </trkpt>
      <trkpt lat="50.1398283" lon="14.4200683">
        <ele>272.10</ele>
        <time>2026-03-29T06:42:55.000Z</time>
        <course>130.860</course>
        <hdop>1.80</hdop>
      </trkpt>
      <trkpt lat="50.1398167" lon="14.4201117">
        <ele>272.59</ele>
        <time>2026-03-29T06:42:58.000Z</time>
        <course>92.110</course>
        <hdop>1.70</hdop>
      </trkpt>
      <trkpt lat="50.1398167" lon="14.4201483">
        <ele>272.95</ele>
        <time>2026-03-29T06:43:01.000Z</time>
        <course>97.970</course>
        <hdop>1.80</hdop>
      </trkpt>
      <trkpt lat="50.1398150" lon="14.4201817">
        <ele>273.32</ele>
        <time>2026-03-29T06:43:04.000Z</time>
        <course>107.700</course>
        <hdop>1.80</hdop>
      </trkpt>
      <trkpt lat="50.1398150" lon="14.4202317">
        <ele>273.53</ele>
        <time>2026-03-29T06:43:07.000Z</time>
        <course>98.240</course>
        <hdop>1.80</hdop>
      </trkpt>
      <trkpt lat="50.1398100" lon="14.4202683">
        <ele>273.39</ele>
        <time>2026-03-29T06:43:10.000Z</time>
        <course>135.280</course>
        <hdop>1.70</hdop>
      </trkpt>
      <trkpt lat="50.1398033" lon="14.4203067">
        <ele>273.21</ele>
        <time>2026-03-29T06:43:13.000Z</time>
        <course>111.370</course>
        <hdop>1.80</hdop>
      </trkpt>
      <trkpt lat="50.1398083" lon="14.4203250">
        <ele>272.75</ele>
        <time>2026-03-29T06:43:16.000Z</time>
        <course>50.070</course>
        <hdop>1.80</hdop>
      </trkpt>
      <trkpt lat="50.1397933" lon="14.4203400">
        <ele>272.09</ele>
        <time>2026-03-29T06:43:19.000Z</time>
        <course>133.530</course>
        <hdop>1.80</hdop>
      </trkpt>
      <trkpt lat="50.1397817" lon="14.4203767">
        <ele>271.45</ele>
        <time>2026-03-29T06:43:22.000Z</time>
        <course>114.320</course>
        <hdop>1.80</hdop>
      </trkpt>
      <trkpt lat="50.1397617" lon="14.4203950">
        <ele>271.04</ele>
        <time>2026-03-29T06:43:25.000Z</time>
        <course>131.750</course>
        <hdop>1.90</hdop>
      </trkpt>
      <trkpt lat="50.1397317" lon="14.4203967">
        <ele>270.24</ele>
        <time>2026-03-29T06:43:28.000Z</time>
        <course>155.190</course>
        <hdop>1.80</hdop>
      </trkpt>
      <trkpt lat="50.1397200" lon="14.4204217">
        <ele>270.18</ele>
        <time>2026-03-29T06:43:31.000Z</time>
        <course>110.600</course>
        <hdop>1.80</hdop>
      </trkpt>
      <trkpt lat="50.1397133" lon="14.4204783">
        <ele>270.48</ele>
        <time>2026-03-29T06:43:34.000Z</time>
        <course>108.680</course>
        <hdop>1.80</hdop>
      </trkpt>
      <trkpt lat="50.1397133" lon="14.4205200">
        <ele>271.00</ele>
        <time>2026-03-29T06:43:37.000Z</time>
        <course>93.190</course>
        <hdop>1.80</hdop>
      </trkpt>
      <trkpt lat="50.1397150" lon="14.4205517">
        <ele>271.02</ele>
        <time>2026-03-29T06:43:40.000Z</time>
        <course>88.800</course>
        <hdop>1.90</hdop>
      </trkpt>
      <trkpt lat="50.1397250" lon="14.4205567">
        <ele>270.61</ele>
        <time>2026-03-29T06:43:43.000Z</time>
        <course>54.990</course>
        <hdop>1.90</hdop>
      </trkpt>
      <trkpt lat="50.1397383" lon="14.4206050">
        <ele>270.98</ele>
        <time>2026-03-29T06:43:48.000Z</time>
        <course>54.990</course>
        <hdop>1.90</hdop>
      </trkpt>
      <trkpt lat="50.1397283" lon="14.4206467">
        <ele>271.96</ele>
        <time>2026-03-29T06:43:51.000Z</time>
        <course>54.990</course>
        <hdop>1.80</hdop>
      </trkpt>
      <trkpt lat="50.1397100" lon="14.4206817">
        <ele>272.67</ele>
        <time>2026-03-29T06:43:53.000Z</time>
        <course>119.980</course>
        <hdop>1.80</hdop>
      </trkpt>
      <trkpt lat="50.1396850" lon="14.4207250">
        <ele>274.38</ele>
        <time>2026-03-29T06:43:56.000Z</time>
        <course>119.590</course>
        <hdop>1.90</hdop>
      </trkpt>
      <trkpt lat="50.1396767" lon="14.4207733">
        <ele>275.26</ele>
        <time>2026-03-29T06:43:59.000Z</time>
        <course>102.590</course>
        <hdop>1.90</hdop>
      </trkpt>
      <trkpt lat="50.1396817" lon="14.4207967">
        <ele>275.85</ele>
        <time>2026-03-29T06:44:02.000Z</time>
        <course>83.950</course>
        <hdop>1.80</hdop>
      </trkpt>
      <trkpt lat="50.1396833" lon="14.4208433">
        <ele>276.23</ele>
        <time>2026-03-29T06:44:05.000Z</time>
        <course>82.140</course>
        <hdop>1.80</hdop>
      </trkpt>
      <trkpt lat="50.1396917" lon="14.4208867">
        <ele>275.96</ele>
        <time>2026-03-29T06:44:08.000Z</time>
        <course>71.370</course>
        <hdop>1.80</hdop>
      </trkpt>
      <trkpt lat="50.1396933" lon="14.4209333">
        <ele>276.41</ele>
        <time>2026-03-29T06:44:11.000Z</time>
        <course>77.500</course>
        <hdop>1.80</hdop>
      </trkpt>
      <trkpt lat="50.1396933" lon="14.4209933">
        <ele>277.51</ele>
        <time>2026-03-29T06:44:14.000Z</time>
        <course>76.190</course>
        <hdop>1.80</hdop>
      </trkpt>
      <trkpt lat="50.1396967" lon="14.4210467">
        <ele>277.82</ele>
        <time>2026-03-29T06:44:17.000Z</time>
        <course>78.450</course>
        <hdop>1.80</hdop>
      </trkpt>
      <trkpt lat="50.1397050" lon="14.4210917">
        <ele>277.79</ele>
        <time>2026-03-29T06:44:20.000Z</time>
        <course>70.990</course>
        <hdop>1.80</hdop>
      </trkpt>
      <trkpt lat="50.1397050" lon="14.4211550">
        <ele>277.92</ele>
        <time>2026-03-29T06:44:23.000Z</time>
        <course>83.460</course>
        <hdop>1.80</hdop>
      </trkpt>
      <trkpt lat="50.1397050" lon="14.4212133">
        <ele>277.61</ele>
        <time>2026-03-29T06:44:26.000Z</time>
        <course>88.450</course>
        <hdop>1.80</hdop>
      </trkpt>
      <trkpt lat="50.1396933" lon="14.4212717">
        <ele>277.14</ele>
        <time>2026-03-29T06:44:29.000Z</time>
        <course>101.380</course>
        <hdop>1.80</hdop>
      </trkpt>
      <trkpt lat="50.1396850" lon="14.4213167">
        <ele>276.82</ele>
        <time>2026-03-29T06:44:32.000Z</time>
        <course>115.760</course>
        <hdop>1.80</hdop>
      </trkpt>
      <trkpt lat="50.1396750" lon="14.4213700">
        <ele>276.15</ele>
        <time>2026-03-29T06:44:35.000Z</time>
        <course>119.450</course>
        <hdop>1.80</hdop>
      </trkpt>
      <trkpt lat="50.1396667" lon="14.4214117">
        <ele>275.48</ele>
        <time>2026-03-29T06:44:38.000Z</time>
        <course>114.010</course>
        <hdop>1.80</hdop>
      </trkpt>
      <trkpt lat="50.1396633" lon="14.4214583">
        <ele>275.14</ele>
        <time>2026-03-29T06:44:41.000Z</time>
        <course>125.790</course>
        <hdop>1.90</hdop>
      </trkpt>
      <trkpt lat="50.1396533" lon="14.4215183">
        <ele>274.30</ele>
        <time>2026-03-29T06:44:44.000Z</time>
        <course>102.560</course>
        <hdop>1.90</hdop>
      </trkpt>
      <trkpt lat="50.1396500" lon="14.4215700">
        <ele>274.11</ele>
        <time>2026-03-29T06:44:46.000Z</time>
        <course>32.240</course>
        <hdop>1.90</hdop>
      </trkpt>
      <trkpt lat="50.1396433" lon="14.4216150">
        <ele>273.87</ele>
        <time>2026-03-29T06:44:49.000Z</time>
        <course>88.410</course>
        <hdop>1.90</hdop>
      </trkpt>
      <trkpt lat="50.1396333" lon="14.4216683">
        <ele>272.85</ele>
        <time>2026-03-29T06:44:52.000Z</time>
        <course>106.460</course>
        <hdop>1.80</hdop>
      </trkpt>
      <trkpt lat="50.1396167" lon="14.4217067">
        <ele>272.14</ele>
        <time>2026-03-29T06:44:54.000Z</time>
        <course>129.160</course>
        <hdop>1.90</hdop>
      </trkpt>
      <trkpt lat="50.1396117" lon="14.4217500">
        <ele>271.63</ele>
        <time>2026-03-29T06:44:57.000Z</time>
        <course>31.550</course>
        <hdop>1.80</hdop>
      </trkpt>
      <trkpt lat="50.1396083" lon="14.4217750">
        <ele>271.39</ele>
        <time>2026-03-29T06:45:00.000Z</time>
        <course>86.610</course>
        <hdop>1.80</hdop>
      </trkpt>
      <trkpt lat="50.1395950" lon="14.4218017">
        <ele>271.61</ele>
        <time>2026-03-29T06:45:03.000Z</time>
        <course>108.630</course>
        <hdop>2.00</hdop>
      </trkpt>
      <trkpt lat="50.1395817" lon="14.4217967">
        <ele>271.98</ele>
        <time>2026-03-29T06:45:06.000Z</time>
        <course>108.630</course>
        <hdop>1.90</hdop>
      </trkpt>
      <trkpt lat="50.1395533" lon="14.4217883">
        <ele>272.39</ele>
        <time>2026-03-29T06:45:09.000Z</time>
        <course>222.590</course>
        <hdop>1.90</hdop>
      </trkpt>
      <trkpt lat="50.1395383" lon="14.4217900">
        <ele>272.97</ele>
        <time>2026-03-29T06:45:12.000Z</time>
        <course>235.740</course>
        <hdop>1.80</hdop>
      </trkpt>
      <trkpt lat="50.1395167" lon="14.4217933">
        <ele>273.68</ele>
        <time>2026-03-29T06:45:15.000Z</time>
        <course>235.740</course>
        <hdop>1.80</hdop>
      </trkpt>
      <trkpt lat="50.1394967" lon="14.4217933">
        <ele>274.37</ele>
        <time>2026-03-29T06:45:18.000Z</time>
        <course>235.740</course>
        <hdop>1.80</hdop>
      </trkpt>
      <trkpt lat="50.1394917" lon="14.4217800">
        <ele>274.78</ele>
        <time>2026-03-29T06:45:21.000Z</time>
        <course>232.300</course>
        <hdop>1.80</hdop>
      </trkpt>
      <trkpt lat="50.1394667" lon="14.4217133">
        <ele>275.95</ele>
        <time>2026-03-29T06:45:39.000Z</time>
        <course>201.800</course>
        <hdop>1.90</hdop>
      </trkpt>
      <trkpt lat="50.1394567" lon="14.4216883">
        <ele>276.23</ele>
        <time>2026-03-29T06:45:42.000Z</time>
        <course>201.800</course>
        <hdop>2.00</hdop>
      </trkpt>
      <trkpt lat="50.1394417" lon="14.4216667">
        <ele>276.19</ele>
        <time>2026-03-29T06:45:45.000Z</time>
        <course>268.880</course>
        <hdop>2.00</hdop>
      </trkpt>
      <trkpt lat="50.1394250" lon="14.4216633">
        <ele>276.96</ele>
        <time>2026-03-29T06:45:48.000Z</time>
        <course>171.990</course>
        <hdop>1.90</hdop>
      </trkpt>
      <trkpt lat="50.1394017" lon="14.4216883">
        <ele>277.95</ele>
        <time>2026-03-29T06:45:51.000Z</time>
        <course>148.230</course>
        <hdop>1.80</hdop>
      </trkpt>
      <trkpt lat="50.1393750" lon="14.4217200">
        <ele>278.56</ele>
        <time>2026-03-29T06:45:54.000Z</time>
        <course>168.650</course>
        <hdop>1.80</hdop>
      </trkpt>
      <trkpt lat="50.1393550" lon="14.4217283">
        <ele>278.67</ele>
        <time>2026-03-29T06:45:57.000Z</time>
        <course>178.220</course>
        <hdop>1.70</hdop>
      </trkpt>
      <trkpt lat="50.1393267" lon="14.4217300">
        <ele>278.75</ele>
        <time>2026-03-29T06:46:00.000Z</time>
        <course>182.070</course>
        <hdop>1.80</hdop>
      </trkpt>
      <trkpt lat="50.1392950" lon="14.4217317">
        <ele>278.67</ele>
        <time>2026-03-29T06:46:03.000Z</time>
        <course>177.030</course>
        <hdop>1.70</hdop>
      </trkpt>
      <trkpt lat="50.1392550" lon="14.4217400">
        <ele>278.34</ele>
        <time>2026-03-29T06:46:06.000Z</time>
        <course>184.000</course>
        <hdop>1.80</hdop>
      </trkpt>
      <trkpt lat="50.1392417" lon="14.4217383">
        <ele>278.65</ele>
        <time>2026-03-29T06:46:09.000Z</time>
        <course>184.000</course>
        <hdop>1.70</hdop>
      </trkpt>
      <trkpt lat="50.1392350" lon="14.4217367">
        <ele>278.98</ele>
        <time>2026-03-29T06:46:12.000Z</time>
        <course>184.000</course>
        <hdop>1.60</hdop>
      </trkpt>
      <trkpt lat="50.1392267" lon="14.4217617">
        <ele>279.54</ele>
        <time>2026-03-29T06:46:15.000Z</time>
        <course>206.460</course>
        <hdop>1.70</hdop>
      </trkpt>
      <trkpt lat="50.1392200" lon="14.4218167">
        <ele>280.47</ele>
        <time>2026-03-29T06:46:20.000Z</time>
        <course>206.460</course>
        <hdop>1.80</hdop>
      </trkpt>
      <trkpt lat="50.1392217" lon="14.4218567">
        <ele>280.65</ele>
        <time>2026-03-29T06:46:23.000Z</time>
        <course>206.460</course>
        <hdop>1.80</hdop>
      </trkpt>
      <trkpt lat="50.1392233" lon="14.4218933">
        <ele>279.95</ele>
        <time>2026-03-29T06:46:26.000Z</time>
        <course>94.240</course>
        <hdop>1.80</hdop>
      </trkpt>
      <trkpt lat="50.1392283" lon="14.4219483">
        <ele>279.40</ele>
        <time>2026-03-29T06:46:29.000Z</time>
        <course>102.720</course>
        <hdop>1.80</hdop>
      </trkpt>
      <trkpt lat="50.1392183" lon="14.4219900">
        <ele>279.55</ele>
        <time>2026-03-29T06:46:32.000Z</time>
        <course>115.180</course>
        <hdop>1.70</hdop>
      </trkpt>
      <trkpt lat="50.1392083" lon="14.4220083">
        <ele>279.85</ele>
        <time>2026-03-29T06:46:35.000Z</time>
        <course>122.530</course>
        <hdop>1.70</hdop>
      </trkpt>
      <trkpt lat="50.1392117" lon="14.4220017">
        <ele>279.54</ele>
        <time>2026-03-29T06:46:38.000Z</time>
        <course>184.680</course>
        <hdop>1.60</hdop>
      </trkpt>
      <trkpt lat="50.1391900" lon="14.4220000">
        <ele>279.52</ele>
        <time>2026-03-29T06:46:41.000Z</time>
        <course>164.560</course>
        <hdop>1.80</hdop>
      </trkpt>
      <trkpt lat="50.1391483" lon="14.4220067">
        <ele>279.02</ele>
        <time>2026-03-29T06:46:44.000Z</time>
        <course>156.600</course>
        <hdop>1.80</hdop>
      </trkpt>
      <trkpt lat="50.1391233" lon="14.4220117">
        <ele>277.68</ele>
        <time>2026-03-29T06:46:47.000Z</time>
        <course>190.320</course>
        <hdop>1.80</hdop>
      </trkpt>
      <trkpt lat="50.1390933" lon="14.4220000">
        <ele>276.58</ele>
        <time>2026-03-29T06:46:50.000Z</time>
        <course>161.560</course>
        <hdop>1.80</hdop>
      </trkpt>
      <trkpt lat="50.1390767" lon="14.4219933">
        <ele>276.80</ele>
        <time>2026-03-29T06:46:53.000Z</time>
        <course>189.530</course>
        <hdop>1.70</hdop>
      </trkpt>
      <trkpt lat="50.1390550" lon="14.4219733">
        <ele>276.93</ele>
        <time>2026-03-29T06:46:56.000Z</time>
        <course>178.980</course>
        <hdop>1.70</hdop>
      </trkpt>
      <trkpt lat="50.1390267" lon="14.4219733">
        <ele>277.35</ele>
        <time>2026-03-29T06:46:59.000Z</time>
        <course>179.510</course>
        <hdop>1.70</hdop>
      </trkpt>
      <trkpt lat="50.1390050" lon="14.4219733">
        <ele>277.69</ele>
        <time>2026-03-29T06:47:02.000Z</time>
        <course>181.580</course>
        <hdop>1.70</hdop>
      </trkpt>
      <trkpt lat="50.1389950" lon="14.4219650">
        <ele>278.09</ele>
        <time>2026-03-29T06:47:05.000Z</time>
        <course>194.020</course>
        <hdop>1.60</hdop>
      </trkpt>
      <trkpt lat="50.1389800" lon="14.4219600">
        <ele>278.49</ele>
        <time>2026-03-29T06:47:08.000Z</time>
        <course>207.590</course>
        <hdop>1.60</hdop>
      </trkpt>
      <trkpt lat="50.1389583" lon="14.4219567">
        <ele>278.78</ele>
        <time>2026-03-29T06:47:11.000Z</time>
        <course>194.530</course>
        <hdop>1.60</hdop>
      </trkpt>
      <trkpt lat="50.1389350" lon="14.4219650">
        <ele>279.24</ele>
        <time>2026-03-29T06:47:14.000Z</time>
        <course>168.640</course>
        <hdop>1.60</hdop>
      </trkpt>
      <trkpt lat="50.1389150" lon="14.4219817">
        <ele>279.06</ele>
        <time>2026-03-29T06:47:17.000Z</time>
        <course>285.510</course>
        <hdop>1.70</hdop>
      </trkpt>
      <trkpt lat="50.1388983" lon="14.4219650">
        <ele>279.10</ele>
        <time>2026-03-29T06:47:20.000Z</time>
        <course>245.120</course>
        <hdop>1.70</hdop>
      </trkpt>
      <trkpt lat="50.1388700" lon="14.4219600">
        <ele>279.58</ele>
        <time>2026-03-29T06:47:23.000Z</time>
        <course>180.650</course>
        <hdop>1.70</hdop>
      </trkpt>
      <trkpt lat="50.1388383" lon="14.4219667">
        <ele>279.74</ele>
        <time>2026-03-29T06:47:26.000Z</time>
        <course>165.830</course>
        <hdop>1.70</hdop>
      </trkpt>
      <trkpt lat="50.1388083" lon="14.4219767">
        <ele>279.58</ele>
        <time>2026-03-29T06:47:29.000Z</time>
        <course>192.250</course>
        <hdop>1.70</hdop>
      </trkpt>
      <trkpt lat="50.1387833" lon="14.4219767">
        <ele>279.59</ele>
        <time>2026-03-29T06:47:32.000Z</time>
        <course>168.400</course>
        <hdop>1.70</hdop>
      </trkpt>
      <trkpt lat="50.1387617" lon="14.4219950">
        <ele>279.85</ele>
        <time>2026-03-29T06:47:35.000Z</time>
        <course>123.020</course>
        <hdop>1.60</hdop>
      </trkpt>
      <trkpt lat="50.1387483" lon="14.4220300">
        <ele>278.89</ele>
        <time>2026-03-29T06:47:38.000Z</time>
        <course>144.360</course>
        <hdop>1.60</hdop>
      </trkpt>
      <trkpt lat="50.1387333" lon="14.4220767">
        <ele>278.66</ele>
        <time>2026-03-29T06:47:41.000Z</time>
        <course>149.330</course>
        <hdop>1.70</hdop>
      </trkpt>
      <trkpt lat="50.1387083" lon="14.4220917">
        <ele>278.06</ele>
        <time>2026-03-29T06:47:44.000Z</time>
        <course>126.900</course>
        <hdop>1.70</hdop>
      </trkpt>
      <trkpt lat="50.1386917" lon="14.4221067">
        <ele>277.77</ele>
        <time>2026-03-29T06:47:47.000Z</time>
        <course>127.070</course>
        <hdop>1.80</hdop>
      </trkpt>
      <trkpt lat="50.1386817" lon="14.4221433">
        <ele>278.90</ele>
        <time>2026-03-29T06:47:50.000Z</time>
        <course>135.970</course>
        <hdop>1.70</hdop>
      </trkpt>
      <trkpt lat="50.1386683" lon="14.4221867">
        <ele>279.49</ele>
        <time>2026-03-29T06:47:53.000Z</time>
        <course>152.780</course>
        <hdop>1.70</hdop>
      </trkpt>
      <trkpt lat="50.1386567" lon="14.4222317">
        <ele>279.70</ele>
        <time>2026-03-29T06:47:55.000Z</time>
        <course>138.530</course>
        <hdop>1.80</hdop>
      </trkpt>
      <trkpt lat="50.1386433" lon="14.4222783">
        <ele>280.29</ele>
        <time>2026-03-29T06:47:58.000Z</time>
        <course>101.110</course>
        <hdop>1.80</hdop>
      </trkpt>
      <trkpt lat="50.1386317" lon="14.4223250">
        <ele>280.85</ele>
        <time>2026-03-29T06:48:01.000Z</time>
        <course>100.420</course>
        <hdop>1.90</hdop>
      </trkpt>
      <trkpt lat="50.1386333" lon="14.4223817">
        <ele>281.20</ele>
        <time>2026-03-29T06:48:04.000Z</time>
        <course>122.300</course>
        <hdop>1.90</hdop>
      </trkpt>
      <trkpt lat="50.1386183" lon="14.4224183">
        <ele>282.98</ele>
        <time>2026-03-29T06:48:07.000Z</time>
        <course>120.620</course>
        <hdop>1.90</hdop>
      </trkpt>
      <trkpt lat="50.1386083" lon="14.4224533">
        <ele>284.51</ele>
        <time>2026-03-29T06:48:10.000Z</time>
        <course>99.510</course>
        <hdop>1.80</hdop>
      </trkpt>
      <trkpt lat="50.1385950" lon="14.4224833">
        <ele>285.77</ele>
        <time>2026-03-29T06:48:13.000Z</time>
        <course>104.190</course>
        <hdop>1.80</hdop>
      </trkpt>
      <trkpt lat="50.1385867" lon="14.4225117">
        <ele>286.80</ele>
        <time>2026-03-29T06:48:16.000Z</time>
        <course>94.890</course>
        <hdop>1.80</hdop>
      </trkpt>
      <trkpt lat="50.1385933" lon="14.4225450">
        <ele>287.20</ele>
        <time>2026-03-29T06:48:19.000Z</time>
        <course>97.720</course>
        <hdop>1.80</hdop>
      </trkpt>
      <trkpt lat="50.1386017" lon="14.4225867">
        <ele>287.31</ele>
        <time>2026-03-29T06:48:22.000Z</time>
        <course>93.890</course>
        <hdop>1.80</hdop>
      </trkpt>
      <trkpt lat="50.1385950" lon="14.4226217">
        <ele>286.75</ele>
        <time>2026-03-29T06:48:25.000Z</time>
        <course>81.930</course>
        <hdop>1.80</hdop>
      </trkpt>
      <trkpt lat="50.1385950" lon="14.4226450">
        <ele>287.56</ele>
        <time>2026-03-29T06:48:28.000Z</time>
        <course>84.800</course>
        <hdop>1.70</hdop>
      </trkpt>
      <trkpt lat="50.1385967" lon="14.4226717">
        <ele>288.48</ele>
        <time>2026-03-29T06:48:31.000Z</time>
        <course>102.890</course>
        <hdop>1.80</hdop>
      </trkpt>
      <trkpt lat="50.1385900" lon="14.4227017">
        <ele>288.59</ele>
        <time>2026-03-29T06:48:34.000Z</time>
        <course>95.200</course>
        <hdop>1.70</hdop>
      </trkpt>
    </trkseg>
  </trk>
  <trk>
    <extensions>   
      <k9:TrackType>DogTrack</k9:TrackType>
    </extensions>
    <name>2026-03-29 09:03</name>
<trkseg>
<trkpt lat="50.1413267" lon="14.423325"><ele>288.47</ele><time>2026-03-29T07:07:00.000Z</time><speed>0.00</speed></trkpt>
<trkpt lat="50.1412897" lon="14.4234559"><time>2026-03-29T07:07:07.946Z</time><speed>1.28</speed></trkpt>
<trkpt lat="50.1412527" lon="14.4235868"><time>2026-03-29T07:07:15.893Z</time><speed>1.28</speed></trkpt>
<trkpt lat="50.1412157" lon="14.4237178"><time>2026-03-29T07:07:23.845Z</time><speed>1.28</speed></trkpt>
<trkpt lat="50.1411787" lon="14.4238487"><time>2026-03-29T07:07:31.791Z</time><speed>1.28</speed></trkpt>
<trkpt lat="50.1411417" lon="14.4239796"><time>2026-03-29T07:07:39.738Z</time><speed>1.28</speed></trkpt>
<trkpt lat="50.1411047" lon="14.4241105"><time>2026-03-29T07:07:47.684Z</time><speed>1.28</speed></trkpt>
<trkpt lat="50.1410677" lon="14.4242415"><time>2026-03-29T07:07:55.636Z</time><speed>1.28</speed></trkpt>
<trkpt lat="50.14103" lon="14.4243733"><ele>280.31</ele><time>2026-03-29T07:08:03.913Z</time><speed>1.24</speed></trkpt>
<trkpt lat="50.1410192" lon="14.4245134"><time>2026-03-29T07:08:11.736Z</time><speed>1.29</speed></trkpt>
<trkpt lat="50.1410084" lon="14.4246534"><time>2026-03-29T07:08:19.553Z</time><speed>1.29</speed></trkpt>
<trkpt lat="50.1409976" lon="14.4247935"><time>2026-03-29T07:08:27.376Z</time><speed>1.29</speed></trkpt>
<trkpt lat="50.1409868" lon="14.4249336"><time>2026-03-29T07:08:35.199Z</time><speed>1.29</speed></trkpt>
<trkpt lat="50.140976" lon="14.4250736"><time>2026-03-29T07:08:43.017Z</time><speed>1.29</speed></trkpt>
<trkpt lat="50.1409652" lon="14.4252137"><time>2026-03-29T07:08:50.840Z</time><speed>1.29</speed></trkpt>
<trkpt lat="50.1409544" lon="14.4253537"><time>2026-03-29T07:08:58.658Z</time><speed>1.29</speed></trkpt>
<trkpt lat="50.1409433" lon="14.425495"><ele>277.52</ele><time>2026-03-29T07:09:06.926Z</time><speed>1.23</speed></trkpt>
<trkpt lat="50.1409123" lon="14.4256294"><time>2026-03-29T07:09:14.883Z</time><speed>1.28</speed></trkpt>
<trkpt lat="50.1408813" lon="14.4257637"><time>2026-03-29T07:09:22.835Z</time><speed>1.28</speed></trkpt>
<trkpt lat="50.1408503" lon="14.4258981"><time>2026-03-29T07:09:30.793Z</time><speed>1.28</speed></trkpt>
<trkpt lat="50.1408193" lon="14.4260325"><time>2026-03-29T07:09:38.750Z</time><speed>1.28</speed></trkpt>
<trkpt lat="50.1407883" lon="14.4261668"><time>2026-03-29T07:09:46.703Z</time><speed>1.28</speed></trkpt>
<trkpt lat="50.1407573" lon="14.4263012"><time>2026-03-29T07:09:54.660Z</time><speed>1.28</speed></trkpt>
<trkpt lat="50.1407263" lon="14.4264356"><time>2026-03-29T07:10:02.618Z</time><speed>1.28</speed></trkpt>
<trkpt lat="50.1406953" lon="14.4265699"><time>2026-03-29T07:10:10.570Z</time><speed>1.28</speed></trkpt>
<trkpt lat="50.1406643" lon="14.4267043"><time>2026-03-29T07:10:18.528Z</time><speed>1.28</speed></trkpt>
<trkpt lat="50.140633199375536" lon="14.426840289738855"><ele>264.14</ele><time>2026-03-29T07:10:26.662Z</time><speed>1.26</speed></trkpt>
<trkpt lat="50.1405584" lon="14.4269189"><time>2026-03-29T07:10:34.539Z</time><speed>1.27</speed></trkpt>
<trkpt lat="50.1404836" lon="14.4269975"><time>2026-03-29T07:10:42.417Z</time><speed>1.27</speed></trkpt>
<trkpt lat="50.1404088" lon="14.4270761"><time>2026-03-29T07:10:50.295Z</time><speed>1.27</speed></trkpt>
<trkpt lat="50.140334" lon="14.4271547"><time>2026-03-29T07:10:58.172Z</time><speed>1.27</speed></trkpt>
<trkpt lat="50.1402592" lon="14.4272333"><time>2026-03-29T07:11:06.050Z</time><speed>1.27</speed></trkpt>
<trkpt lat="50.1401844" lon="14.4273119"><time>2026-03-29T07:11:13.928Z</time><speed>1.27</speed></trkpt>
<trkpt lat="50.1401096" lon="14.4273905"><time>2026-03-29T07:11:21.806Z</time><speed>1.27</speed></trkpt>
<trkpt lat="50.1400348" lon="14.4274691"><time>2026-03-29T07:11:29.683Z</time><speed>1.27</speed></trkpt>
<trkpt lat="50.139959308884656" lon="14.427548430549605"><ele>264.98</ele><time>2026-03-29T07:11:37.365Z</time><speed>1.32</speed></trkpt>
<trkpt lat="50.1400269" lon="14.4274395"><time>2026-03-29T07:11:45.850Z</time><speed>1.27</speed></trkpt>
<trkpt lat="50.1400945" lon="14.4273306"><time>2026-03-29T07:11:54.334Z</time><speed>1.27</speed></trkpt>
<trkpt lat="50.1401621" lon="14.4272218"><time>2026-03-29T07:12:02.814Z</time><speed>1.27</speed></trkpt>
<trkpt lat="50.1402297" lon="14.4271129"><time>2026-03-29T07:12:11.299Z</time><speed>1.27</speed></trkpt>
<trkpt lat="50.1402973" lon="14.4270041"><time>2026-03-29T07:12:19.779Z</time><speed>1.27</speed></trkpt>
<trkpt lat="50.1403649" lon="14.4268952"><time>2026-03-29T07:12:28.264Z</time><speed>1.27</speed></trkpt>
<trkpt lat="50.1404325" lon="14.4267863"><time>2026-03-29T07:12:36.748Z</time><speed>1.27</speed></trkpt>
<trkpt lat="50.1405001" lon="14.4266775"><time>2026-03-29T07:12:45.228Z</time><speed>1.27</speed></trkpt>
<trkpt lat="50.14056788160682" lon="14.4265668055522"><ele>268.37</ele><time>2026-03-29T07:12:53.537Z</time><speed>1.31</speed></trkpt>
<trkpt lat="50.1405409" lon="14.4264226"><time>2026-03-29T07:13:01.891Z</time><speed>1.28</speed></trkpt>
<trkpt lat="50.1405139" lon="14.4262783"><time>2026-03-29T07:13:10.252Z</time><speed>1.28</speed></trkpt>
<trkpt lat="50.1404869" lon="14.4261341"><time>2026-03-29T07:13:18.607Z</time><speed>1.28</speed></trkpt>
<trkpt lat="50.1404599" lon="14.4259899"><time>2026-03-29T07:13:26.962Z</time><speed>1.28</speed></trkpt>
<trkpt lat="50.1404329" lon="14.4258457"><time>2026-03-29T07:13:35.317Z</time><speed>1.28</speed></trkpt>
<trkpt lat="50.1404059" lon="14.4257014"><time>2026-03-29T07:13:43.677Z</time><speed>1.28</speed></trkpt>
<trkpt lat="50.1403789" lon="14.4255572"><time>2026-03-29T07:13:52.032Z</time><speed>1.28</speed></trkpt>
<trkpt lat="50.1403517" lon="14.4254117"><ele>263.13</ele><time>2026-03-29T07:14:00.651Z</time><speed>1.25</speed></trkpt>
<trkpt lat="50.1402877" lon="14.4253064"><time>2026-03-29T07:14:08.718Z</time><speed>1.28</speed></trkpt>
<trkpt lat="50.1402237" lon="14.4252011"><time>2026-03-29T07:14:16.786Z</time><speed>1.28</speed></trkpt>
<trkpt lat="50.1401597" lon="14.4250959"><time>2026-03-29T07:14:24.850Z</time><speed>1.28</speed></trkpt>
<trkpt lat="50.1400957" lon="14.4249907"><time>2026-03-29T07:14:32.914Z</time><speed>1.28</speed></trkpt>
<trkpt lat="50.1400317" lon="14.4248854"><time>2026-03-29T07:14:40.982Z</time><speed>1.28</speed></trkpt>
<trkpt lat="50.1399677" lon="14.4247801"><time>2026-03-29T07:14:49.049Z</time><speed>1.28</speed></trkpt>
<trkpt lat="50.1399037" lon="14.4246749"><time>2026-03-29T07:14:57.113Z</time><speed>1.28</speed></trkpt>
<trkpt lat="50.1398397" lon="14.4245696"><time>2026-03-29T07:15:05.181Z</time><speed>1.28</speed></trkpt>
<trkpt lat="50.1397757" lon="14.4244644"><time>2026-03-29T07:15:13.245Z</time><speed>1.28</speed></trkpt>
<trkpt lat="50.1397117" lon="14.4243591"><time>2026-03-29T07:15:21.313Z</time><speed>1.28</speed></trkpt>
<trkpt lat="50.1396477" lon="14.4242539"><time>2026-03-29T07:15:29.377Z</time><speed>1.28</speed></trkpt>
<trkpt lat="50.1395837" lon="14.4241486"><time>2026-03-29T07:15:37.445Z</time><speed>1.28</speed></trkpt>
<trkpt lat="50.13951927289825" lon="14.42404112659826"><ele>261.61</ele><time>2026-03-29T07:15:45.964Z</time><speed>1.23</speed></trkpt>
<trkpt lat="50.1395688" lon="14.4239135"><time>2026-03-29T07:15:54.283Z</time><speed>1.28</speed></trkpt>
<trkpt lat="50.1396184" lon="14.4237858"><time>2026-03-29T07:16:02.609Z</time><speed>1.28</speed></trkpt>
<trkpt lat="50.139668" lon="14.4236581"><time>2026-03-29T07:16:10.935Z</time><speed>1.28</speed></trkpt>
<trkpt lat="50.1397176" lon="14.4235305"><time>2026-03-29T07:16:19.257Z</time><speed>1.28</speed></trkpt>
<trkpt lat="50.1397672" lon="14.4234028"><time>2026-03-29T07:16:27.583Z</time><speed>1.28</speed></trkpt>
<trkpt lat="50.1398168" lon="14.4232752"><time>2026-03-29T07:16:35.904Z</time><speed>1.28</speed></trkpt>
<trkpt lat="50.1398664" lon="14.4231476"><time>2026-03-29T07:16:44.226Z</time><speed>1.28</speed></trkpt>
<trkpt lat="50.139916" lon="14.4230199"><time>2026-03-29T07:16:52.552Z</time><speed>1.28</speed></trkpt>
<trkpt lat="50.1399656" lon="14.4228923"><time>2026-03-29T07:17:00.873Z</time><speed>1.28</speed></trkpt>
<trkpt lat="50.1400152" lon="14.4227646"><time>2026-03-29T07:17:09.200Z</time><speed>1.28</speed></trkpt>
<trkpt lat="50.1400648" lon="14.422637"><time>2026-03-29T07:17:17.521Z</time><speed>1.28</speed></trkpt>
<trkpt lat="50.1401144" lon="14.4225094"><time>2026-03-29T07:17:25.842Z</time><speed>1.28</speed></trkpt>
<trkpt lat="50.140164" lon="14.4223817"><time>2026-03-29T07:17:34.168Z</time><speed>1.28</speed></trkpt>
<trkpt lat="50.1402136" lon="14.4222541"><time>2026-03-29T07:17:42.490Z</time><speed>1.28</speed></trkpt>
<trkpt lat="50.1402632" lon="14.4221264"><time>2026-03-29T07:17:50.816Z</time><speed>1.28</speed></trkpt>
<trkpt lat="50.1403128" lon="14.4219988"><time>2026-03-29T07:17:59.137Z</time><speed>1.28</speed></trkpt>
<trkpt lat="50.1403624" lon="14.4218711"><time>2026-03-29T07:18:07.463Z</time><speed>1.28</speed></trkpt>
<trkpt lat="50.140412" lon="14.4217435"><time>2026-03-29T07:18:15.785Z</time><speed>1.28</speed></trkpt>
<trkpt lat="50.1404616" lon="14.4216159"><time>2026-03-29T07:18:24.106Z</time><speed>1.28</speed></trkpt>
<trkpt lat="50.1405112" lon="14.4214882"><time>2026-03-29T07:18:32.432Z</time><speed>1.28</speed></trkpt>
<trkpt lat="50.1405608" lon="14.4213606"><time>2026-03-29T07:18:40.753Z</time><speed>1.28</speed></trkpt>
<trkpt lat="50.1406104" lon="14.4212329"><time>2026-03-29T07:18:49.080Z</time><speed>1.28</speed></trkpt>
<trkpt lat="50.1406607120435" lon="14.421101547818147"><ele>263.7</ele><time>2026-03-29T07:18:57.658Z</time><speed>1.27</speed></trkpt>
<trkpt lat="50.1407514" lon="14.4210586"><time>2026-03-29T07:19:05.942Z</time><speed>1.27</speed></trkpt>
<trkpt lat="50.140842" lon="14.4210157"><time>2026-03-29T07:19:14.219Z</time><speed>1.27</speed></trkpt>
<trkpt lat="50.1409327" lon="14.4209727"><time>2026-03-29T07:19:22.506Z</time><speed>1.27</speed></trkpt>
<trkpt lat="50.1410234" lon="14.4209297"><time>2026-03-29T07:19:30.792Z</time><speed>1.27</speed></trkpt>
<trkpt lat="50.141114" lon="14.4208868"><time>2026-03-29T07:19:39.069Z</time><speed>1.27</speed></trkpt>
<trkpt lat="50.1412047" lon="14.4208438"><time>2026-03-29T07:19:47.356Z</time><speed>1.27</speed></trkpt>
<trkpt lat="50.1412954" lon="14.4208008"><time>2026-03-29T07:19:55.642Z</time><speed>1.27</speed></trkpt>
<trkpt lat="50.141386" lon="14.4207579"><time>2026-03-29T07:20:03.919Z</time><speed>1.27</speed></trkpt>
<trkpt lat="50.1414767" lon="14.4207149"><time>2026-03-29T07:20:12.206Z</time><speed>1.27</speed></trkpt>
<trkpt lat="50.14156845886824" lon="14.42067199925203"><ele>259.14</ele><time>2026-03-29T07:20:20.205Z</time><speed>1.33</speed></trkpt>
<trkpt lat="50.1414752" lon="14.420676"><time>2026-03-29T07:20:28.300Z</time><speed>1.28</speed></trkpt>
<trkpt lat="50.141382" lon="14.42068"><time>2026-03-29T07:20:36.391Z</time><speed>1.28</speed></trkpt>
<trkpt lat="50.1412888" lon="14.420684"><time>2026-03-29T07:20:44.482Z</time><speed>1.28</speed></trkpt>
<trkpt lat="50.1411955" lon="14.420688"><time>2026-03-29T07:20:52.582Z</time><speed>1.28</speed></trkpt>
<trkpt lat="50.1411023" lon="14.420692"><time>2026-03-29T07:21:00.673Z</time><speed>1.28</speed></trkpt>
<trkpt lat="50.141009" lon="14.420696"><time>2026-03-29T07:21:08.772Z</time><speed>1.28</speed></trkpt>
<trkpt lat="50.1409158" lon="14.4207"><time>2026-03-29T07:21:16.863Z</time><speed>1.28</speed></trkpt>
<trkpt lat="50.1408226" lon="14.420704"><time>2026-03-29T07:21:24.954Z</time><speed>1.28</speed></trkpt>
<trkpt lat="50.1407293" lon="14.420708"><time>2026-03-29T07:21:33.054Z</time><speed>1.28</speed></trkpt>
<trkpt lat="50.1406361" lon="14.420712"><time>2026-03-29T07:21:41.144Z</time><speed>1.28</speed></trkpt>
<trkpt lat="50.1405429" lon="14.420716"><time>2026-03-29T07:21:49.235Z</time><speed>1.28</speed></trkpt>
<trkpt lat="50.1404496" lon="14.42072"><time>2026-03-29T07:21:57.335Z</time><speed>1.28</speed></trkpt>
<trkpt lat="50.1403564" lon="14.420724"><time>2026-03-29T07:22:05.426Z</time><speed>1.28</speed></trkpt>
<trkpt lat="50.1402632" lon="14.420728"><time>2026-03-29T07:22:13.517Z</time><speed>1.28</speed></trkpt>
<trkpt lat="50.1401699" lon="14.420732"><time>2026-03-29T07:22:21.616Z</time><speed>1.28</speed></trkpt>
<trkpt lat="50.1400767" lon="14.420736"><time>2026-03-29T07:22:29.707Z</time><speed>1.28</speed></trkpt>
<trkpt lat="50.1399817" lon="14.42074"><ele>255.06</ele><time>2026-03-29T07:22:38.340Z</time><speed>1.23</speed></trkpt>
<trkpt lat="50.1399012" lon="14.420671"><time>2026-03-29T07:22:46.354Z</time><speed>1.27</speed></trkpt>
<trkpt lat="50.1398206" lon="14.420602"><time>2026-03-29T07:22:54.376Z</time><speed>1.27</speed></trkpt>
<trkpt lat="50.1397401" lon="14.420533"><time>2026-03-29T07:23:02.391Z</time><speed>1.27</speed></trkpt>
<trkpt lat="50.1396596" lon="14.420464"><time>2026-03-29T07:23:10.405Z</time><speed>1.27</speed></trkpt>
<trkpt lat="50.139579" lon="14.420395"><time>2026-03-29T07:23:18.427Z</time><speed>1.27</speed></trkpt>
<trkpt lat="50.1394985" lon="14.420326"><time>2026-03-29T07:23:26.442Z</time><speed>1.27</speed></trkpt>
<trkpt lat="50.139418" lon="14.420257"><time>2026-03-29T07:23:34.456Z</time><speed>1.27</speed></trkpt>
<trkpt lat="50.1393374" lon="14.420188"><time>2026-03-29T07:23:42.478Z</time><speed>1.27</speed></trkpt>
<trkpt lat="50.1392569" lon="14.420119"><time>2026-03-29T07:23:50.493Z</time><speed>1.27</speed></trkpt>
<trkpt lat="50.139175463673965" lon="14.420049209336673"><ele>255.52</ele><time>2026-03-29T07:23:58.383Z</time><speed>1.31</speed></trkpt>
<trkpt lat="50.1392636" lon="14.4200099"><time>2026-03-29T07:24:06.390Z</time><speed>1.27</speed></trkpt>
<trkpt lat="50.1393518" lon="14.4199706"><time>2026-03-29T07:24:14.402Z</time><speed>1.27</speed></trkpt>
<trkpt lat="50.1394399" lon="14.4199313"><time>2026-03-29T07:24:22.406Z</time><speed>1.27</speed></trkpt>
<trkpt lat="50.1395281" lon="14.419892"><time>2026-03-29T07:24:30.419Z</time><speed>1.27</speed></trkpt>
<trkpt lat="50.1396162" lon="14.4198527"><time>2026-03-29T07:24:38.423Z</time><speed>1.27</speed></trkpt>
<trkpt lat="50.1397043" lon="14.4198134"><time>2026-03-29T07:24:46.427Z</time><speed>1.27</speed></trkpt>
<trkpt lat="50.1397925" lon="14.4197741"><time>2026-03-29T07:24:54.439Z</time><speed>1.27</speed></trkpt>
<trkpt lat="50.1398806" lon="14.4197348"><time>2026-03-29T07:25:02.443Z</time><speed>1.27</speed></trkpt>
<trkpt lat="50.1399688" lon="14.4196955"><time>2026-03-29T07:25:10.456Z</time><speed>1.27</speed></trkpt>
<trkpt lat="50.1400569" lon="14.4196562"><time>2026-03-29T07:25:18.460Z</time><speed>1.27</speed></trkpt>
<trkpt lat="50.1401451" lon="14.4196169"><time>2026-03-29T07:25:26.472Z</time><speed>1.27</speed></trkpt>
<trkpt lat="50.14023435214337" lon="14.419576811280278"><ele>264.07</ele><time>2026-03-29T07:25:34.223Z</time><speed>1.33</speed></trkpt>
<trkpt lat="50.1403297" lon="14.4195848"><time>2026-03-29T07:25:42.531Z</time><speed>1.28</speed></trkpt>
<trkpt lat="50.140425" lon="14.4195928"><time>2026-03-29T07:25:50.836Z</time><speed>1.28</speed></trkpt>
<trkpt lat="50.1405203" lon="14.4196008"><time>2026-03-29T07:25:59.141Z</time><speed>1.28</speed></trkpt>
<trkpt lat="50.1406156" lon="14.4196088"><time>2026-03-29T07:26:07.446Z</time><speed>1.28</speed></trkpt>
<trkpt lat="50.1407109" lon="14.4196168"><time>2026-03-29T07:26:15.751Z</time><speed>1.28</speed></trkpt>
<trkpt lat="50.1408062" lon="14.4196248"><time>2026-03-29T07:26:24.055Z</time><speed>1.28</speed></trkpt>
<trkpt lat="50.1409015" lon="14.4196328"><time>2026-03-29T07:26:32.360Z</time><speed>1.28</speed></trkpt>
<trkpt lat="50.1409968" lon="14.4196408"><time>2026-03-29T07:26:40.665Z</time><speed>1.28</speed></trkpt>
<trkpt lat="50.1410921" lon="14.4196488"><time>2026-03-29T07:26:48.970Z</time><speed>1.28</speed></trkpt>
<trkpt lat="50.1411874" lon="14.4196568"><time>2026-03-29T07:26:57.275Z</time><speed>1.28</speed></trkpt>
<trkpt lat="50.1412827" lon="14.4196648"><time>2026-03-29T07:27:05.579Z</time><speed>1.28</speed></trkpt>
<trkpt lat="50.141378" lon="14.4196728"><time>2026-03-29T07:27:13.884Z</time><speed>1.28</speed></trkpt>
<trkpt lat="50.1414733" lon="14.4196808"><time>2026-03-29T07:27:22.189Z</time><speed>1.28</speed></trkpt>
<trkpt lat="50.1415686" lon="14.4196888"><time>2026-03-29T07:27:30.494Z</time><speed>1.28</speed></trkpt>
<trkpt lat="50.1416639" lon="14.4196968"><time>2026-03-29T07:27:38.799Z</time><speed>1.28</speed></trkpt>
<trkpt lat="50.14176091874968" lon="14.41970512455844"><ele>266.42</ele><time>2026-03-29T07:27:47.260Z</time><speed>1.28</speed></trkpt>
<trkpt lat="50.1417556" lon="14.4195517"><time>2026-03-29T07:27:55.833Z</time><speed>1.28</speed></trkpt>
<trkpt lat="50.1417503" lon="14.4193983"><time>2026-03-29T07:28:04.405Z</time><speed>1.28</speed></trkpt>
<trkpt lat="50.141745" lon="14.4192449"><time>2026-03-29T07:28:12.977Z</time><speed>1.28</speed></trkpt>
<trkpt lat="50.1417397" lon="14.4190915"><time>2026-03-29T07:28:21.549Z</time><speed>1.28</speed></trkpt>
<trkpt lat="50.1417344" lon="14.4189381"><time>2026-03-29T07:28:30.121Z</time><speed>1.28</speed></trkpt>
<trkpt lat="50.1417291" lon="14.4187847"><time>2026-03-29T07:28:38.693Z</time><speed>1.28</speed></trkpt>
<trkpt lat="50.1417238" lon="14.4186313"><time>2026-03-29T07:28:47.266Z</time><speed>1.28</speed></trkpt>
<trkpt lat="50.1417185" lon="14.4184779"><time>2026-03-29T07:28:55.838Z</time><speed>1.28</speed></trkpt>
<trkpt lat="50.1417132" lon="14.4183245"><time>2026-03-29T07:29:04.410Z</time><speed>1.28</speed></trkpt>
<trkpt lat="50.1417079" lon="14.4181711"><time>2026-03-29T07:29:12.982Z</time><speed>1.28</speed></trkpt>
<trkpt lat="50.1417026" lon="14.4180177"><time>2026-03-29T07:29:21.554Z</time><speed>1.28</speed></trkpt>
<trkpt lat="50.1416973" lon="14.4178643"><time>2026-03-29T07:29:30.126Z</time><speed>1.28</speed></trkpt>
<trkpt lat="50.141692" lon="14.4177109"><time>2026-03-29T07:29:38.698Z</time><speed>1.28</speed></trkpt>
<trkpt lat="50.1416867" lon="14.4175575"><time>2026-03-29T07:29:47.270Z</time><speed>1.28</speed></trkpt>
<trkpt lat="50.1416814" lon="14.4174041"><time>2026-03-29T07:29:55.842Z</time><speed>1.28</speed></trkpt>
<trkpt lat="50.1416761" lon="14.4172507"><time>2026-03-29T07:30:04.414Z</time><speed>1.28</speed></trkpt>
<trkpt lat="50.1416708" lon="14.4170973"><time>2026-03-29T07:30:12.986Z</time><speed>1.28</speed></trkpt>
<trkpt lat="50.1416655" lon="14.4169439"><time>2026-03-29T07:30:21.558Z</time><speed>1.28</speed></trkpt>
<trkpt lat="50.1416602" lon="14.4167905"><time>2026-03-29T07:30:30.131Z</time><speed>1.28</speed></trkpt>
<trkpt lat="50.1416549" lon="14.4166371"><time>2026-03-29T07:30:38.703Z</time><speed>1.28</speed></trkpt>
<trkpt lat="50.1416496" lon="14.4164837"><time>2026-03-29T07:30:47.275Z</time><speed>1.28</speed></trkpt>
<trkpt lat="50.14164395355225" lon="14.416326557232095"><ele>266.73</ele><time>2026-03-29T07:30:55.963Z</time><speed>1.29</speed></trkpt>
<trkpt lat="50.1415574" lon="14.416263"><time>2026-03-29T07:31:04.272Z</time><speed>1.28</speed></trkpt>
<trkpt lat="50.1414709" lon="14.4161995"><time>2026-03-29T07:31:12.575Z</time><speed>1.28</speed></trkpt>
<trkpt lat="50.1413843" lon="14.4161359"><time>2026-03-29T07:31:20.889Z</time><speed>1.28</speed></trkpt>
<trkpt lat="50.1412978" lon="14.4160724"><time>2026-03-29T07:31:29.193Z</time><speed>1.28</speed></trkpt>
<trkpt lat="50.1412112" lon="14.4160088"><time>2026-03-29T07:31:37.507Z</time><speed>1.28</speed></trkpt>
<trkpt lat="50.1411247" lon="14.4159453"><time>2026-03-29T07:31:45.811Z</time><speed>1.28</speed></trkpt>
<trkpt lat="50.1410382" lon="14.4158818"><time>2026-03-29T07:31:54.114Z</time><speed>1.28</speed></trkpt>
<trkpt lat="50.1409516" lon="14.4158182"><time>2026-03-29T07:32:02.428Z</time><speed>1.28</speed></trkpt>
<trkpt lat="50.1408651" lon="14.4157547"><time>2026-03-29T07:32:10.732Z</time><speed>1.28</speed></trkpt>
<trkpt lat="50.1407785" lon="14.4156911"><time>2026-03-29T07:32:19.046Z</time><speed>1.28</speed></trkpt>
<trkpt lat="50.140692" lon="14.4156276"><time>2026-03-29T07:32:27.349Z</time><speed>1.28</speed></trkpt>
<trkpt lat="50.1406054" lon="14.415564"><time>2026-03-29T07:32:35.663Z</time><speed>1.28</speed></trkpt>
<trkpt lat="50.1405189" lon="14.4155005"><time>2026-03-29T07:32:43.967Z</time><speed>1.28</speed></trkpt>
<trkpt lat="50.1404323" lon="14.415437"><time>2026-03-29T07:32:52.279Z</time><speed>1.28</speed></trkpt>
<trkpt lat="50.14034436505131" lon="14.4153724152163"><ele>255.78</ele><time>2026-03-29T07:33:00.951Z</time><speed>1.25</speed></trkpt>
<trkpt lat="50.1402821" lon="14.4154884"><time>2026-03-29T07:33:09.408Z</time><speed>1.27</speed></trkpt>
<trkpt lat="50.1402199" lon="14.4156043"><time>2026-03-29T07:33:17.858Z</time><speed>1.27</speed></trkpt>
<trkpt lat="50.1401577" lon="14.4157202"><time>2026-03-29T07:33:26.308Z</time><speed>1.27</speed></trkpt>
<trkpt lat="50.1400955" lon="14.4158362"><time>2026-03-29T07:33:34.763Z</time><speed>1.27</speed></trkpt>
<trkpt lat="50.1400333" lon="14.4159522"><time>2026-03-29T07:33:43.217Z</time><speed>1.27</speed></trkpt>
<trkpt lat="50.1399711" lon="14.4160682"><time>2026-03-29T07:33:51.672Z</time><speed>1.27</speed></trkpt>
<trkpt lat="50.1399089" lon="14.4161842"><time>2026-03-29T07:34:00.126Z</time><speed>1.27</speed></trkpt>
<trkpt lat="50.1398467" lon="14.4163001"><time>2026-03-29T07:34:08.576Z</time><speed>1.27</speed></trkpt>
<trkpt lat="50.1397845" lon="14.4164161"><time>2026-03-29T07:34:17.031Z</time><speed>1.27</speed></trkpt>
<trkpt lat="50.1397223" lon="14.4165321"><time>2026-03-29T07:34:25.485Z</time><speed>1.27</speed></trkpt>
<trkpt lat="50.1396601" lon="14.4166481"><time>2026-03-29T07:34:33.940Z</time><speed>1.27</speed></trkpt>
<trkpt lat="50.1395979" lon="14.416764"><time>2026-03-29T07:34:42.390Z</time><speed>1.27</speed></trkpt>
<trkpt lat="50.1395357" lon="14.41688"><time>2026-03-29T07:34:50.844Z</time><speed>1.27</speed></trkpt>
<trkpt lat="50.1394735" lon="14.416996"><time>2026-03-29T07:34:59.299Z</time><speed>1.27</speed></trkpt>
<trkpt lat="50.1394113" lon="14.417112"><time>2026-03-29T07:35:07.753Z</time><speed>1.27</speed></trkpt>
<trkpt lat="50.1393491" lon="14.4172279"><time>2026-03-29T07:35:16.203Z</time><speed>1.27</speed></trkpt>
<trkpt lat="50.139285394312836" lon="14.417345617911296"><ele>263.21</ele><time>2026-03-29T07:35:24.492Z</time><speed>1.32</speed></trkpt>
<trkpt lat="50.1392148" lon="14.4174497"><time>2026-03-29T07:35:32.913Z</time><speed>1.28</speed></trkpt>
<trkpt lat="50.1391441" lon="14.4175539"><time>2026-03-29T07:35:41.345Z</time><speed>1.28</speed></trkpt>
<trkpt lat="50.1390735" lon="14.417658"><time>2026-03-29T07:35:49.767Z</time><speed>1.28</speed></trkpt>
<trkpt lat="50.1390029" lon="14.4177621"><time>2026-03-29T07:35:58.189Z</time><speed>1.28</speed></trkpt>
<trkpt lat="50.1389322" lon="14.4178663"><time>2026-03-29T07:36:06.622Z</time><speed>1.28</speed></trkpt>
<trkpt lat="50.1388616" lon="14.4179704"><time>2026-03-29T07:36:15.044Z</time><speed>1.28</speed></trkpt>
<trkpt lat="50.138790341628734" lon="14.418075197578776"><ele>263.82</ele><time>2026-03-29T07:36:23.752Z</time><speed>1.25</speed></trkpt>
<trkpt lat="50.1387271" lon="14.418176"><time>2026-03-29T07:36:31.589Z</time><speed>1.28</speed></trkpt>
<trkpt lat="50.1386639" lon="14.4182768"><time>2026-03-29T07:36:39.424Z</time><speed>1.28</speed></trkpt>
<trkpt lat="50.1386007" lon="14.4183776"><time>2026-03-29T07:36:47.259Z</time><speed>1.28</speed></trkpt>
<trkpt lat="50.1385375" lon="14.4184784"><time>2026-03-29T07:36:55.094Z</time><speed>1.28</speed></trkpt>
<trkpt lat="50.1384743" lon="14.4185792"><time>2026-03-29T07:37:02.930Z</time><speed>1.28</speed></trkpt>
<trkpt lat="50.1384111" lon="14.41868"><time>2026-03-29T07:37:10.765Z</time><speed>1.28</speed></trkpt>
<trkpt lat="50.1383479" lon="14.4187808"><time>2026-03-29T07:37:18.600Z</time><speed>1.28</speed></trkpt>
<trkpt lat="50.1382847" lon="14.4188816"><time>2026-03-29T07:37:26.435Z</time><speed>1.28</speed></trkpt>
<trkpt lat="50.1382215" lon="14.4189825"><time>2026-03-29T07:37:34.274Z</time><speed>1.28</speed></trkpt>
<trkpt lat="50.1381576951687" lon="14.419084583085196"><ele>258.93</ele><time>2026-03-29T07:37:42.496Z</time><speed>1.24</speed></trkpt>
<trkpt lat="50.1382092" lon="14.4192023"><time>2026-03-29T07:37:50.479Z</time><speed>1.27</speed></trkpt>
<trkpt lat="50.1382607" lon="14.41932"><time>2026-03-29T07:37:58.461Z</time><speed>1.27</speed></trkpt>
<trkpt lat="50.1383122" lon="14.4194377"><time>2026-03-29T07:38:06.443Z</time><speed>1.27</speed></trkpt>
<trkpt lat="50.1383637" lon="14.4195554"><time>2026-03-29T07:38:14.425Z</time><speed>1.27</speed></trkpt>
<trkpt lat="50.1384152" lon="14.4196731"><time>2026-03-29T07:38:22.407Z</time><speed>1.27</speed></trkpt>
<trkpt lat="50.1384667" lon="14.4197908"><time>2026-03-29T07:38:30.389Z</time><speed>1.27</speed></trkpt>
<trkpt lat="50.1385182" lon="14.4199085"><time>2026-03-29T07:38:38.371Z</time><speed>1.27</speed></trkpt>
<trkpt lat="50.13857026041265" lon="14.420027055494153"><ele>273.51</ele><time>2026-03-29T07:38:46.153Z</time><speed>1.32</speed></trkpt>
<trkpt lat="50.1386019" lon="14.4201643"><time>2026-03-29T07:38:54.292Z</time><speed>1.28</speed></trkpt>
<trkpt lat="50.1386335" lon="14.4203016"><time>2026-03-29T07:39:02.434Z</time><speed>1.28</speed></trkpt>
<trkpt lat="50.1386651" lon="14.4204388"><time>2026-03-29T07:39:10.571Z</time><speed>1.28</speed></trkpt>
<trkpt lat="50.1386967" lon="14.4205761"><time>2026-03-29T07:39:18.712Z</time><speed>1.28</speed></trkpt>
<trkpt lat="50.1387283" lon="14.4207134"><time>2026-03-29T07:39:26.854Z</time><speed>1.28</speed></trkpt>
<trkpt lat="50.1387599" lon="14.4208507"><time>2026-03-29T07:39:34.996Z</time><speed>1.28</speed></trkpt>
<trkpt lat="50.1387915" lon="14.4209879"><time>2026-03-29T07:39:43.132Z</time><speed>1.28</speed></trkpt>
<trkpt lat="50.1388231" lon="14.4211252"><time>2026-03-29T07:39:51.274Z</time><speed>1.28</speed></trkpt>
<trkpt lat="50.1388547" lon="14.4212625"><time>2026-03-29T07:39:59.415Z</time><speed>1.28</speed></trkpt>
<trkpt lat="50.13888660313678" lon="14.421401268465127"><ele>272.88</ele><time>2026-03-29T07:40:07.594Z</time><speed>1.28</speed></trkpt>
<trkpt lat="50.1388464" lon="14.4215357"><time>2026-03-29T07:40:15.876Z</time><speed>1.28</speed></trkpt>
<trkpt lat="50.1388062" lon="14.4216701"><time>2026-03-29T07:40:24.157Z</time><speed>1.28</speed></trkpt>
<trkpt lat="50.138766" lon="14.4218045"><time>2026-03-29T07:40:32.439Z</time><speed>1.27</speed></trkpt>
<trkpt lat="50.1387258" lon="14.4219389"><time>2026-03-29T07:40:40.720Z</time><speed>1.28</speed></trkpt>
<trkpt lat="50.1386856" lon="14.4220733"><time>2026-03-29T07:40:49.001Z</time><speed>1.28</speed></trkpt>
<trkpt lat="50.1386454" lon="14.4222078"><time>2026-03-29T07:40:57.287Z</time><speed>1.28</speed></trkpt>
<trkpt lat="50.138605" lon="14.4223433"><ele>279.02</ele><time>2026-03-29T07:41:05.569Z</time><speed>1.29</speed></trkpt>
<trkpt lat="50.138558" lon="14.4224761"><time>2026-03-29T07:41:14.072Z</time><speed>1.27</speed></trkpt>
<trkpt lat="50.138511" lon="14.4226089"><time>2026-03-29T07:41:22.576Z</time><speed>1.27</speed></trkpt>
<trkpt lat="50.138464" lon="14.4227417"><time>2026-03-29T07:41:31.080Z</time><speed>1.27</speed></trkpt>
<trkpt lat="50.1384167" lon="14.422875"><ele>279.48</ele><time>2026-03-29T07:41:39.391Z</time><speed>1.31</speed></trkpt>
</trkseg>
</trk>
<wpt lat="50.139175463673965" lon="14.420049209336673"><ele>255.52</ele><time>2026-03-29T07:22:30.975Z</time><name>point</name></wpt>
<wpt lat="50.1403517" lon="14.4254117"><ele>263.13</ele><time>2026-03-29T07:14:45.668Z</time><name>point</name></wpt>
</gpx>