<?xml version="1.0" encoding="utf-8" standalone="yes"?>
<gpx version="1.0" creator="K9TrailsAnalyzer" xmlns="http://www.topografix.com/GPX/1/1" xmlns:xsi="http://www.w3.org/2001/XMLSchema-instance" xmlns:locus="https://www.locusmap.app" xsi:schemaLocation="http://www.topografix.com/GPX/1/1 http://www.topografix.com/GPX/1/1/gpx.xsd" xmlns:k9="https://github.com/mwrnckx/K9-Trails-Analyzer/gpxextenze/1.0">
  <metadata>
    <extensions>
    
      <k9:report lang="en">
        <k9:goal>testing the application</k9:goal>
        <k9:trail>1,9 km, ⌛ 0,8 h, forest, footpaths, gravel</k9:trail>
        <k9:performance>Runner not found, 4 correct readings of the dog by dog handler</k9:performance>
        <k9:levelOfBlindingType>DoubleBlindAssisted</k9:levelOfBlindingType>
        <k9:levelOfBlindingText>DoubleBlindAssisted</k9:levelOfBlindingText>
        <k9:numberOfArticlesFound>0</k9:numberOfArticlesFound>
        <k9:weather temperature="3" windSpeed="2.55" windDirection="318" precipitation="0" relHumidity="85" cloudCover="100">🌡3 °C,  🌬2,6 m/s NW, 💧85 %,   ☔​0 mm/h, 🌥100 %</k9:weather>
      
      </k9:report>
    </extensions>
  </metadata>

  <wpt lat="50.1410883" lon="14.4254083">
    <ele>280.34</ele>
    <time>2026-03-29T07:09:35.031Z</time>
    <name>Point 1</name>
  </wpt>
  <wpt lat="50.1402117" lon="14.422695">
    <ele>273.44</ele>
    <time>2026-03-29T07:17:03.195Z</time>
    <name>Point 2</name>
  </wpt>
  <wpt lat="50.140085" lon="14.4204983">
    <ele>250.64</ele>
    <time>2026-03-29T07:20:04.063Z</time>
    <name>Point 3</name>
  </wpt>
  <wpt lat="50.1406767" lon="14.4192633">
    <ele>254.34</ele>
    <time>2026-03-29T07:22:22.038Z</time>
    <name>Point 4</name>
  </wpt>
  <trk>
    <extensions>
      <k9:TrackType>RunnerTrail</k9:TrackType>
    </extensions>
    <name>2026-03-29 08:13</name>
    <desc><![CDATA[📍 testing the application<br>👣 1,9 km, ⌛ 0,8 h, forest, footpaths, gravel<br>🏅 před koncem odešla ze stopy za zdechlinou, jinak ok<br>🌡3 °C,  🌬2,6 m/s NW, 💧85 %,   ☔​0 mm/h, 🌥100 %]]></desc>
    <trkseg>
      <trkpt lat="50.1413683" lon="14.4241800">
        <ele>290.74</ele>
        <time>2026-03-29T06:13:57.000Z</time>
        <course>251.000</course>
        <hdop>1.60</hdop>
      </trkpt>
      <trkpt lat="50.1413600" lon="14.4241417">
        <ele>291.22</ele>
        <time>2026-03-29T06:14:00.000Z</time>
        <course>251.000</course>
        <hdop>1.70</hdop>
      </trkpt>
      <trkpt lat="50.1413500" lon="14.4240950">
        <ele>291.22</ele>
        <time>2026-03-29T06:14:03.000Z</time>
        <course>251.000</course>
        <hdop>1.80</hdop>
      </trkpt>
      <trkpt lat="50.1413383" lon="14.4240400">
        <ele>290.49</ele>
        <time>2026-03-29T06:14:05.000Z</time>
        <course>251.000</course>
        <hdop>1.70</hdop>
      </trkpt>
      <trkpt lat="50.1413283" lon="14.4239967">
        <ele>289.03</ele>
        <time>2026-03-29T06:14:08.000Z</time>
        <course>251.000</course>
        <hdop>1.70</hdop>
      </trkpt>
      <trkpt lat="50.1413167" lon="14.4239433">
        <ele>287.32</ele>
        <time>2026-03-29T06:14:11.000Z</time>
        <course>251.000</course>
        <hdop>1.70</hdop>
      </trkpt>
      <trkpt lat="50.1413133" lon="14.4239250">
        <ele>287.39</ele>
        <time>2026-03-29T06:14:14.000Z</time>
        <course>251.000</course>
        <hdop>1.70</hdop>
      </trkpt>
      <trkpt lat="50.1412817" lon="14.4239383">
        <ele>288.36</ele>
        <time>2026-03-29T06:14:17.000Z</time>
        <course>185.300</course>
        <hdop>1.80</hdop>
      </trkpt>
      <trkpt lat="50.1412583" lon="14.4239500">
        <ele>288.88</ele>
        <time>2026-03-29T06:14:20.000Z</time>
        <course>201.340</course>
        <hdop>1.90</hdop>
      </trkpt>
      <trkpt lat="50.1412233" lon="14.4239650">
        <ele>289.01</ele>
        <time>2026-03-29T06:14:23.000Z</time>
        <course>211.040</course>
        <hdop>2.00</hdop>
      </trkpt>
      <trkpt lat="50.1411950" lon="14.4239733">
        <ele>288.44</ele>
        <time>2026-03-29T06:14:26.000Z</time>
        <course>211.040</course>
        <hdop>1.90</hdop>
      </trkpt>
      <trkpt lat="50.1411600" lon="14.4239883">
        <ele>287.62</ele>
        <time>2026-03-29T06:14:29.000Z</time>
        <course>174.880</course>
        <hdop>1.80</hdop>
      </trkpt>
      <trkpt lat="50.1411217" lon="14.4239950">
        <ele>286.75</ele>
        <time>2026-03-29T06:14:32.000Z</time>
        <course>161.150</course>
        <hdop>1.90</hdop>
      </trkpt>
      <trkpt lat="50.1410767" lon="14.4240367">
        <ele>286.66</ele>
        <time>2026-03-29T06:14:36.000Z</time>
        <course>160.920</course>
        <hdop>2.10</hdop>
      </trkpt>
      <trkpt lat="50.1410500" lon="14.4240467">
        <ele>286.02</ele>
        <time>2026-03-29T06:14:38.000Z</time>
        <course>151.160</course>
        <hdop>1.90</hdop>
      </trkpt>
      <trkpt lat="50.1410117" lon="14.4240700">
        <ele>285.61</ele>
        <time>2026-03-29T06:14:41.000Z</time>
        <course>141.130</course>
        <hdop>2.00</hdop>
      </trkpt>
      <trkpt lat="50.1409867" lon="14.4241000">
        <ele>285.28</ele>
        <time>2026-03-29T06:14:43.000Z</time>
        <course>143.810</course>
        <hdop>2.00</hdop>
      </trkpt>
      <trkpt lat="50.1409833" lon="14.4241083">
        <ele>284.99</ele>
        <time>2026-03-29T06:14:46.000Z</time>
        <course>259.100</course>
        <hdop>1.80</hdop>
      </trkpt>
      <trkpt lat="50.1409867" lon="14.4240767">
        <ele>284.82</ele>
        <time>2026-03-29T06:14:49.000Z</time>
        <course>256.890</course>
        <hdop>1.80</hdop>
      </trkpt>
      <trkpt lat="50.1409950" lon="14.4240367">
        <ele>284.37</ele>
        <time>2026-03-29T06:14:52.000Z</time>
        <course>285.660</course>
        <hdop>1.80</hdop>
      </trkpt>
      <trkpt lat="50.1409983" lon="14.4239867">
        <ele>284.71</ele>
        <time>2026-03-29T06:14:55.000Z</time>
        <course>242.250</course>
        <hdop>1.90</hdop>
      </trkpt>
      <trkpt lat="50.1409917" lon="14.4239617">
        <ele>284.40</ele>
        <time>2026-03-29T06:14:58.000Z</time>
        <course>282.370</course>
        <hdop>1.70</hdop>
      </trkpt>
      <trkpt lat="50.1409850" lon="14.4239450">
        <ele>284.15</ele>
        <time>2026-03-29T06:15:01.000Z</time>
        <course>281.860</course>
        <hdop>1.70</hdop>
      </trkpt>
      <trkpt lat="50.1409817" lon="14.4240000">
        <ele>284.61</ele>
        <time>2026-03-29T06:15:07.000Z</time>
        <course>286.270</course>
        <hdop>1.70</hdop>
      </trkpt>
      <trkpt lat="50.1409833" lon="14.4240533">
        <ele>284.90</ele>
        <time>2026-03-29T06:15:10.000Z</time>
        <course>286.270</course>
        <hdop>1.70</hdop>
      </trkpt>
      <trkpt lat="50.1409817" lon="14.4241067">
        <ele>284.48</ele>
        <time>2026-03-29T06:15:13.000Z</time>
        <course>75.650</course>
        <hdop>1.80</hdop>
      </trkpt>
      <trkpt lat="50.1409883" lon="14.4241683">
        <ele>283.71</ele>
        <time>2026-03-29T06:15:16.000Z</time>
        <course>67.480</course>
        <hdop>1.80</hdop>
      </trkpt>
      <trkpt lat="50.1409900" lon="14.4242150">
        <ele>283.20</ele>
        <time>2026-03-29T06:15:19.000Z</time>
        <course>78.320</course>
        <hdop>1.80</hdop>
      </trkpt>
      <trkpt lat="50.1410017" lon="14.4242600">
        <ele>282.19</ele>
        <time>2026-03-29T06:15:22.000Z</time>
        <course>78.340</course>
        <hdop>1.80</hdop>
      </trkpt>
      <trkpt lat="50.1410117" lon="14.4243067">
        <ele>281.72</ele>
        <time>2026-03-29T06:15:25.000Z</time>
        <course>84.630</course>
        <hdop>1.70</hdop>
      </trkpt>
      <trkpt lat="50.1410267" lon="14.4243433">
        <ele>281.74</ele>
        <time>2026-03-29T06:15:27.000Z</time>
        <course>67.200</course>
        <hdop>1.70</hdop>
      </trkpt>
      <trkpt lat="50.1410367" lon="14.4243850">
        <ele>281.83</ele>
        <time>2026-03-29T06:15:29.000Z</time>
        <course>64.610</course>
        <hdop>1.80</hdop>
      </trkpt>
      <trkpt lat="50.1410450" lon="14.4244283">
        <ele>281.86</ele>
        <time>2026-03-29T06:15:32.000Z</time>
        <course>60.620</course>
        <hdop>1.90</hdop>
      </trkpt>
      <trkpt lat="50.1410567" lon="14.4244817">
        <ele>282.13</ele>
        <time>2026-03-29T06:15:35.000Z</time>
        <course>78.060</course>
        <hdop>1.80</hdop>
      </trkpt>
      <trkpt lat="50.1410583" lon="14.4245200">
        <ele>282.34</ele>
        <time>2026-03-29T06:15:38.000Z</time>
        <course>93.280</course>
        <hdop>1.80</hdop>
      </trkpt>
      <trkpt lat="50.1410717" lon="14.4245667">
        <ele>285.41</ele>
        <time>2026-03-29T06:15:41.000Z</time>
        <course>85.680</course>
        <hdop>1.70</hdop>
      </trkpt>
      <trkpt lat="50.1410833" lon="14.4246267">
        <ele>287.63</ele>
        <time>2026-03-29T06:15:44.000Z</time>
        <course>76.300</course>
        <hdop>1.80</hdop>
      </trkpt>
      <trkpt lat="50.1410867" lon="14.4246717">
        <ele>289.01</ele>
        <time>2026-03-29T06:15:47.000Z</time>
        <course>84.720</course>
        <hdop>1.80</hdop>
      </trkpt>
      <trkpt lat="50.1410983" lon="14.4247117">
        <ele>289.87</ele>
        <time>2026-03-29T06:15:50.000Z</time>
        <course>66.900</course>
        <hdop>1.90</hdop>
      </trkpt>
      <trkpt lat="50.1411033" lon="14.4247567">
        <ele>290.11</ele>
        <time>2026-03-29T06:15:53.000Z</time>
        <course>80.650</course>
        <hdop>1.90</hdop>
      </trkpt>
      <trkpt lat="50.1411100" lon="14.4247950">
        <ele>290.41</ele>
        <time>2026-03-29T06:15:56.000Z</time>
        <course>79.480</course>
        <hdop>1.90</hdop>
      </trkpt>
      <trkpt lat="50.1411250" lon="14.4248417">
        <ele>290.33</ele>
        <time>2026-03-29T06:15:59.000Z</time>
        <course>71.430</course>
        <hdop>1.80</hdop>
      </trkpt>
      <trkpt lat="50.1411333" lon="14.4248900">
        <ele>290.54</ele>
        <time>2026-03-29T06:16:02.000Z</time>
        <course>95.210</course>
        <hdop>1.60</hdop>
      </trkpt>
      <trkpt lat="50.1411333" lon="14.4249117">
        <ele>290.30</ele>
        <time>2026-03-29T06:16:05.000Z</time>
        <course>95.210</course>
        <hdop>1.60</hdop>
      </trkpt>
      <trkpt lat="50.1411450" lon="14.4249617">
        <ele>289.88</ele>
        <time>2026-03-29T06:16:08.000Z</time>
        <course>50.430</course>
        <hdop>1.60</hdop>
      </trkpt>
      <trkpt lat="50.1411517" lon="14.4250050">
        <ele>290.11</ele>
        <time>2026-03-29T06:16:11.000Z</time>
        <course>98.980</course>
        <hdop>1.70</hdop>
      </trkpt>
      <trkpt lat="50.1411417" lon="14.4250283">
        <ele>289.39</ele>
        <time>2026-03-29T06:16:14.000Z</time>
        <course>69.530</course>
        <hdop>1.90</hdop>
      </trkpt>
      <trkpt lat="50.1411550" lon="14.4250650">
        <ele>288.58</ele>
        <time>2026-03-29T06:16:16.000Z</time>
        <course>81.430</course>
        <hdop>1.80</hdop>
      </trkpt>
      <trkpt lat="50.1411583" lon="14.4251233">
        <ele>287.39</ele>
        <time>2026-03-29T06:16:19.000Z</time>
        <course>73.230</course>
        <hdop>1.80</hdop>
      </trkpt>
      <trkpt lat="50.1411700" lon="14.4251733">
        <ele>286.37</ele>
        <time>2026-03-29T06:16:22.000Z</time>
        <course>73.000</course>
        <hdop>1.80</hdop>
      </trkpt>
      <trkpt lat="50.1411833" lon="14.4252167">
        <ele>285.14</ele>
        <time>2026-03-29T06:16:25.000Z</time>
        <course>55.130</course>
        <hdop>1.90</hdop>
      </trkpt>
      <trkpt lat="50.1412033" lon="14.4252633">
        <ele>283.59</ele>
        <time>2026-03-29T06:16:28.000Z</time>
        <course>68.870</course>
        <hdop>1.90</hdop>
      </trkpt>
      <trkpt lat="50.1412117" lon="14.4253067">
        <ele>282.52</ele>
        <time>2026-03-29T06:16:31.000Z</time>
        <course>95.060</course>
        <hdop>1.90</hdop>
      </trkpt>
      <trkpt lat="50.1412017" lon="14.4253433">
        <ele>283.43</ele>
        <time>2026-03-29T06:16:34.000Z</time>
        <course>133.380</course>
        <hdop>1.90</hdop>
      </trkpt>
      <trkpt lat="50.1411900" lon="14.4253433">
        <ele>284.15</ele>
        <time>2026-03-29T06:16:37.000Z</time>
        <course>212.810</course>
        <hdop>1.90</hdop>
      </trkpt>
      <trkpt lat="50.1411783" lon="14.4253517">
        <ele>284.32</ele>
        <time>2026-03-29T06:16:40.000Z</time>
        <course>157.640</course>
        <hdop>1.90</hdop>
      </trkpt>
      <trkpt lat="50.1411550" lon="14.4253733">
        <ele>284.61</ele>
        <time>2026-03-29T06:16:43.000Z</time>
        <course>146.120</course>
        <hdop>1.80</hdop>
      </trkpt>
      <trkpt lat="50.1411333" lon="14.4253967">
        <ele>285.08</ele>
        <time>2026-03-29T06:16:46.000Z</time>
        <course>145.250</course>
        <hdop>1.80</hdop>
      </trkpt>
      <trkpt lat="50.1411167" lon="14.4254117">
        <ele>284.99</ele>
        <time>2026-03-29T06:16:49.000Z</time>
        <course>126.150</course>
        <hdop>1.70</hdop>
      </trkpt>
      <trkpt lat="50.1411017" lon="14.4254317">
        <ele>284.75</ele>
        <time>2026-03-29T06:16:52.000Z</time>
        <course>142.900</course>
        <hdop>1.80</hdop>
      </trkpt>
      <trkpt lat="50.1410867" lon="14.4254583">
        <ele>284.68</ele>
        <time>2026-03-29T06:16:55.000Z</time>
        <course>161.530</course>
        <hdop>1.80</hdop>
      </trkpt>
      <trkpt lat="50.1410667" lon="14.4254717">
        <ele>284.13</ele>
        <time>2026-03-29T06:16:58.000Z</time>
        <course>168.440</course>
        <hdop>1.90</hdop>
      </trkpt>
      <trkpt lat="50.1410383" lon="14.4254767">
        <ele>282.79</ele>
        <time>2026-03-29T06:17:01.000Z</time>
        <course>179.900</course>
        <hdop>1.80</hdop>
      </trkpt>
      <trkpt lat="50.1410133" lon="14.4254817">
        <ele>281.20</ele>
        <time>2026-03-29T06:17:04.000Z</time>
        <course>168.930</course>
        <hdop>1.80</hdop>
      </trkpt>
      <trkpt lat="50.1409833" lon="14.4254850">
        <ele>280.05</ele>
        <time>2026-03-29T06:17:07.000Z</time>
        <course>189.880</course>
        <hdop>1.80</hdop>
      </trkpt>
      <trkpt lat="50.1409633" lon="14.4254783">
        <ele>278.71</ele>
        <time>2026-03-29T06:17:10.000Z</time>
        <course>207.670</course>
        <hdop>1.80</hdop>
      </trkpt>
      <trkpt lat="50.1409267" lon="14.4254850">
        <ele>276.80</ele>
        <time>2026-03-29T06:17:13.000Z</time>
        <course>191.990</course>
        <hdop>1.80</hdop>
      </trkpt>
      <trkpt lat="50.1408967" lon="14.4254950">
        <ele>275.48</ele>
        <time>2026-03-29T06:17:16.000Z</time>
        <course>167.990</course>
        <hdop>1.90</hdop>
      </trkpt>
      <trkpt lat="50.1408767" lon="14.4255317">
        <ele>274.88</ele>
        <time>2026-03-29T06:17:19.000Z</time>
        <course>122.880</course>
        <hdop>1.90</hdop>
      </trkpt>
      <trkpt lat="50.1408700" lon="14.4255733">
        <ele>274.23</ele>
        <time>2026-03-29T06:17:22.000Z</time>
        <course>128.990</course>
        <hdop>1.90</hdop>
      </trkpt>
      <trkpt lat="50.1408567" lon="14.4256000">
        <ele>273.75</ele>
        <time>2026-03-29T06:17:25.000Z</time>
        <course>84.770</course>
        <hdop>1.90</hdop>
      </trkpt>
      <trkpt lat="50.1408350" lon="14.4256233">
        <ele>273.62</ele>
        <time>2026-03-29T06:17:28.000Z</time>
        <course>128.550</course>
        <hdop>1.90</hdop>
      </trkpt>
      <trkpt lat="50.1408117" lon="14.4256500">
        <ele>274.06</ele>
        <time>2026-03-29T06:17:31.000Z</time>
        <course>139.360</course>
        <hdop>2.10</hdop>
      </trkpt>
      <trkpt lat="50.1407950" lon="14.4256800">
        <ele>274.58</ele>
        <time>2026-03-29T06:17:34.000Z</time>
        <course>137.480</course>
        <hdop>2.10</hdop>
      </trkpt>
      <trkpt lat="50.1407917" lon="14.4257267">
        <ele>274.62</ele>
        <time>2026-03-29T06:17:37.000Z</time>
        <course>110.080</course>
        <hdop>2.00</hdop>
      </trkpt>
      <trkpt lat="50.1407900" lon="14.4257650">
        <ele>274.20</ele>
        <time>2026-03-29T06:17:40.000Z</time>
        <course>107.850</course>
        <hdop>2.00</hdop>
      </trkpt>
      <trkpt lat="50.1407967" lon="14.4258100">
        <ele>273.88</ele>
        <time>2026-03-29T06:17:43.000Z</time>
        <course>94.970</course>
        <hdop>2.10</hdop>
      </trkpt>
      <trkpt lat="50.1408067" lon="14.4258617">
        <ele>273.48</ele>
        <time>2026-03-29T06:17:46.000Z</time>
        <course>92.220</course>
        <hdop>2.10</hdop>
      </trkpt>
      <trkpt lat="50.1408050" lon="14.4259233">
        <ele>272.84</ele>
        <time>2026-03-29T06:17:49.000Z</time>
        <course>93.000</course>
        <hdop>2.00</hdop>
      </trkpt>
      <trkpt lat="50.1408033" lon="14.4259800">
        <ele>272.33</ele>
        <time>2026-03-29T06:17:52.000Z</time>
        <course>93.000</course>
        <hdop>1.90</hdop>
      </trkpt>
      <trkpt lat="50.1407983" lon="14.4260350">
        <ele>271.86</ele>
        <time>2026-03-29T06:17:55.000Z</time>
        <course>97.000</course>
        <hdop>1.90</hdop>
      </trkpt>
      <trkpt lat="50.1407967" lon="14.4260717">
        <ele>271.23</ele>
        <time>2026-03-29T06:17:58.000Z</time>
        <course>97.000</course>
        <hdop>1.80</hdop>
      </trkpt>
      <trkpt lat="50.1407967" lon="14.4260800">
        <ele>269.97</ele>
        <time>2026-03-29T06:18:01.000Z</time>
        <course>99.110</course>
        <hdop>1.70</hdop>
      </trkpt>
      <trkpt lat="50.1407983" lon="14.4261083">
        <ele>269.31</ele>
        <time>2026-03-29T06:18:04.000Z</time>
        <course>79.300</course>
        <hdop>1.80</hdop>
      </trkpt>
      <trkpt lat="50.1407950" lon="14.4261500">
        <ele>269.49</ele>
        <time>2026-03-29T06:18:07.000Z</time>
        <course>106.000</course>
        <hdop>1.80</hdop>
      </trkpt>
      <trkpt lat="50.1407883" lon="14.4262017">
        <ele>270.14</ele>
        <time>2026-03-29T06:18:10.000Z</time>
        <course>97.000</course>
        <hdop>1.80</hdop>
      </trkpt>
      <trkpt lat="50.1407800" lon="14.4262550">
        <ele>270.66</ele>
        <time>2026-03-29T06:18:13.000Z</time>
        <course>106.000</course>
        <hdop>1.80</hdop>
      </trkpt>
      <trkpt lat="50.1407700" lon="14.4263100">
        <ele>270.86</ele>
        <time>2026-03-29T06:18:16.000Z</time>
        <course>106.000</course>
        <hdop>1.70</hdop>
      </trkpt>
      <trkpt lat="50.1407650" lon="14.4263367">
        <ele>270.94</ele>
        <time>2026-03-29T06:18:19.000Z</time>
        <course>106.000</course>
        <hdop>1.70</hdop>
      </trkpt>
      <trkpt lat="50.1407567" lon="14.4263783">
        <ele>271.37</ele>
        <time>2026-03-29T06:18:21.000Z</time>
        <course>113.000</course>
        <hdop>1.70</hdop>
      </trkpt>
      <trkpt lat="50.1407450" lon="14.4264167">
        <ele>271.99</ele>
        <time>2026-03-29T06:18:24.000Z</time>
        <course>113.000</course>
        <hdop>1.80</hdop>
      </trkpt>
      <trkpt lat="50.1407367" lon="14.4264500">
        <ele>272.50</ele>
        <time>2026-03-29T06:18:27.000Z</time>
        <course>113.000</course>
        <hdop>1.70</hdop>
      </trkpt>
      <trkpt lat="50.1407250" lon="14.4264900">
        <ele>273.46</ele>
        <time>2026-03-29T06:18:30.000Z</time>
        <course>113.000</course>
        <hdop>1.70</hdop>
      </trkpt>
      <trkpt lat="50.1407250" lon="14.4265067">
        <ele>273.87</ele>
        <time>2026-03-29T06:18:33.000Z</time>
        <course>113.000</course>
        <hdop>1.70</hdop>
      </trkpt>
      <trkpt lat="50.1407167" lon="14.4265200">
        <ele>274.01</ele>
        <time>2026-03-29T06:18:36.000Z</time>
        <course>182.230</course>
        <hdop>1.60</hdop>
      </trkpt>
      <trkpt lat="50.1406833" lon="14.4264750">
        <ele>273.87</ele>
        <time>2026-03-29T06:18:43.000Z</time>
        <course>173.680</course>
        <hdop>1.70</hdop>
      </trkpt>
      <trkpt lat="50.1406717" lon="14.4264250">
        <ele>273.89</ele>
        <time>2026-03-29T06:18:46.000Z</time>
        <course>238.860</course>
        <hdop>1.80</hdop>
      </trkpt>
      <trkpt lat="50.1406567" lon="14.4263883">
        <ele>273.92</ele>
        <time>2026-03-29T06:18:49.000Z</time>
        <course>236.520</course>
        <hdop>1.90</hdop>
      </trkpt>
      <trkpt lat="50.1406500" lon="14.4263550">
        <ele>274.23</ele>
        <time>2026-03-29T06:18:52.000Z</time>
        <course>257.340</course>
        <hdop>1.90</hdop>
      </trkpt>
      <trkpt lat="50.1406433" lon="14.4263217">
        <ele>273.71</ele>
        <time>2026-03-29T06:18:55.000Z</time>
        <course>234.760</course>
        <hdop>2.00</hdop>
      </trkpt>
      <trkpt lat="50.1406217" lon="14.4262667">
        <ele>273.24</ele>
        <time>2026-03-29T06:18:59.000Z</time>
        <course>236.440</course>
        <hdop>2.00</hdop>
      </trkpt>
      <trkpt lat="50.1406050" lon="14.4262150">
        <ele>273.18</ele>
        <time>2026-03-29T06:19:04.000Z</time>
        <course>203.970</course>
        <hdop>2.60</hdop>
      </trkpt>
      <trkpt lat="50.1405917" lon="14.4261800">
        <ele>273.21</ele>
        <time>2026-03-29T06:19:07.000Z</time>
        <course>282.160</course>
        <hdop>2.20</hdop>
      </trkpt>
      <trkpt lat="50.1405583" lon="14.4261383">
        <ele>272.86</ele>
        <time>2026-03-29T06:19:12.000Z</time>
        <course>282.160</course>
        <hdop>2.10</hdop>
      </trkpt>
      <trkpt lat="50.1405250" lon="14.4261100">
        <ele>272.50</ele>
        <time>2026-03-29T06:19:15.000Z</time>
        <course>282.160</course>
        <hdop>2.00</hdop>
      </trkpt>
      <trkpt lat="50.1404817" lon="14.4260733">
        <ele>272.29</ele>
        <time>2026-03-29T06:19:19.000Z</time>
        <course>203.680</course>
        <hdop>2.00</hdop>
      </trkpt>
      <trkpt lat="50.1404617" lon="14.4260383">
        <ele>272.70</ele>
        <time>2026-03-29T06:19:22.000Z</time>
        <course>197.440</course>
        <hdop>2.00</hdop>
      </trkpt>
      <trkpt lat="50.1404517" lon="14.4260133">
        <ele>272.56</ele>
        <time>2026-03-29T06:19:25.000Z</time>
        <course>225.910</course>
        <hdop>1.90</hdop>
      </trkpt>
      <trkpt lat="50.1404267" lon="14.4259967">
        <ele>271.75</ele>
        <time>2026-03-29T06:19:28.000Z</time>
        <course>223.390</course>
        <hdop>1.80</hdop>
      </trkpt>
      <trkpt lat="50.1404067" lon="14.4259750">
        <ele>271.60</ele>
        <time>2026-03-29T06:19:31.000Z</time>
        <course>216.370</course>
        <hdop>1.90</hdop>
      </trkpt>
      <trkpt lat="50.1403783" lon="14.4259467">
        <ele>272.76</ele>
        <time>2026-03-29T06:19:32.000Z</time>
        <course>216.220</course>
        <hdop>1.60</hdop>
      </trkpt>
      <trkpt lat="50.1403600" lon="14.4259167">
        <ele>273.06</ele>
        <time>2026-03-29T06:19:35.000Z</time>
        <course>222.730</course>
        <hdop>1.80</hdop>
      </trkpt>
      <trkpt lat="50.1403383" lon="14.4258800">
        <ele>272.79</ele>
        <time>2026-03-29T06:19:38.000Z</time>
        <course>228.400</course>
        <hdop>2.10</hdop>
      </trkpt>
      <trkpt lat="50.1403400" lon="14.4258133">
        <ele>272.36</ele>
        <time>2026-03-29T06:19:41.000Z</time>
        <course>257.620</course>
        <hdop>2.20</hdop>
      </trkpt>
      <trkpt lat="50.1403500" lon="14.4257650">
        <ele>272.19</ele>
        <time>2026-03-29T06:19:43.000Z</time>
        <course>271.160</course>
        <hdop>2.10</hdop>
      </trkpt>
      <trkpt lat="50.1403650" lon="14.4257300">
        <ele>271.81</ele>
        <time>2026-03-29T06:19:45.000Z</time>
        <course>284.380</course>
        <hdop>2.10</hdop>
      </trkpt>
      <trkpt lat="50.1403767" lon="14.4256917">
        <ele>271.58</ele>
        <time>2026-03-29T06:19:47.000Z</time>
        <course>282.800</course>
        <hdop>2.10</hdop>
      </trkpt>
      <trkpt lat="50.1403833" lon="14.4256450">
        <ele>271.60</ele>
        <time>2026-03-29T06:19:49.000Z</time>
        <course>282.120</course>
        <hdop>2.10</hdop>
      </trkpt>
      <trkpt lat="50.1403833" lon="14.4255900">
        <ele>272.05</ele>
        <time>2026-03-29T06:19:51.000Z</time>
        <course>273.880</course>
        <hdop>2.10</hdop>
      </trkpt>
      <trkpt lat="50.1403800" lon="14.4255367">
        <ele>272.55</ele>
        <time>2026-03-29T06:19:53.000Z</time>
        <course>271.520</course>
        <hdop>2.10</hdop>
      </trkpt>
      <trkpt lat="50.1403750" lon="14.4254933">
        <ele>272.99</ele>
        <time>2026-03-29T06:19:55.000Z</time>
        <course>264.310</course>
        <hdop>2.00</hdop>
      </trkpt>
      <trkpt lat="50.1403633" lon="14.4254500">
        <ele>273.26</ele>
        <time>2026-03-29T06:19:58.000Z</time>
        <course>258.690</course>
        <hdop>2.00</hdop>
      </trkpt>
      <trkpt lat="50.1403533" lon="14.4254183">
        <ele>273.10</ele>
        <time>2026-03-29T06:20:01.000Z</time>
        <course>260.310</course>
        <hdop>2.00</hdop>
      </trkpt>
      <trkpt lat="50.1403467" lon="14.4253817">
        <ele>272.51</ele>
        <time>2026-03-29T06:20:04.000Z</time>
        <course>263.080</course>
        <hdop>2.00</hdop>
      </trkpt>
      <trkpt lat="50.1403433" lon="14.4253517">
        <ele>272.01</ele>
        <time>2026-03-29T06:20:07.000Z</time>
        <course>261.680</course>
        <hdop>2.10</hdop>
      </trkpt>
      <trkpt lat="50.1403467" lon="14.4253167">
        <ele>271.24</ele>
        <time>2026-03-29T06:20:10.000Z</time>
        <course>272.520</course>
        <hdop>2.10</hdop>
      </trkpt>
      <trkpt lat="50.1403517" lon="14.4252750">
        <ele>270.70</ele>
        <time>2026-03-29T06:20:13.000Z</time>
        <course>284.800</course>
        <hdop>2.10</hdop>
      </trkpt>
      <trkpt lat="50.1403583" lon="14.4252367">
        <ele>270.36</ele>
        <time>2026-03-29T06:20:16.000Z</time>
        <course>244.490</course>
        <hdop>2.10</hdop>
      </trkpt>
      <trkpt lat="50.1403633" lon="14.4252033">
        <ele>270.25</ele>
        <time>2026-03-29T06:20:19.000Z</time>
        <course>244.020</course>
        <hdop>1.90</hdop>
      </trkpt>
      <trkpt lat="50.1403367" lon="14.4251817">
        <ele>270.22</ele>
        <time>2026-03-29T06:20:22.000Z</time>
        <course>235.720</course>
        <hdop>2.00</hdop>
      </trkpt>
      <trkpt lat="50.1403217" lon="14.4251467">
        <ele>270.32</ele>
        <time>2026-03-29T06:20:25.000Z</time>
        <course>317.120</course>
        <hdop>2.20</hdop>
      </trkpt>
      <trkpt lat="50.1403117" lon="14.4250967">
        <ele>271.00</ele>
        <time>2026-03-29T06:20:28.000Z</time>
        <course>255.380</course>
        <hdop>2.20</hdop>
      </trkpt>
      <trkpt lat="50.1403033" lon="14.4250517">
        <ele>270.80</ele>
        <time>2026-03-29T06:20:31.000Z</time>
        <course>257.940</course>
        <hdop>2.10</hdop>
      </trkpt>
      <trkpt lat="50.1402950" lon="14.4250083">
        <ele>270.40</ele>
        <time>2026-03-29T06:20:34.000Z</time>
        <course>261.910</course>
        <hdop>2.10</hdop>
      </trkpt>
      <trkpt lat="50.1402817" lon="14.4249633">
        <ele>270.01</ele>
        <time>2026-03-29T06:20:36.000Z</time>
        <course>254.690</course>
        <hdop>2.00</hdop>
      </trkpt>
      <trkpt lat="50.1402833" lon="14.4249167">
        <ele>269.34</ele>
        <time>2026-03-29T06:20:38.000Z</time>
        <course>262.980</course>
        <hdop>2.00</hdop>
      </trkpt>
      <trkpt lat="50.1402850" lon="14.4248700">
        <ele>269.13</ele>
        <time>2026-03-29T06:20:40.000Z</time>
        <course>272.680</course>
        <hdop>2.00</hdop>
      </trkpt>
      <trkpt lat="50.1402833" lon="14.4248200">
        <ele>268.78</ele>
        <time>2026-03-29T06:20:43.000Z</time>
        <course>267.750</course>
        <hdop>1.90</hdop>
      </trkpt>
      <trkpt lat="50.1402883" lon="14.4247583">
        <ele>268.86</ele>
        <time>2026-03-29T06:20:46.000Z</time>
        <course>280.450</course>
        <hdop>1.90</hdop>
      </trkpt>
      <trkpt lat="50.1402983" lon="14.4247150">
        <ele>269.06</ele>
        <time>2026-03-29T06:20:49.000Z</time>
        <course>286.020</course>
        <hdop>1.90</hdop>
      </trkpt>
      <trkpt lat="50.1403017" lon="14.4246917">
        <ele>269.21</ele>
        <time>2026-03-29T06:20:52.000Z</time>
        <course>151.240</course>
        <hdop>1.90</hdop>
      </trkpt>
      <trkpt lat="50.1402983" lon="14.4247300">
        <ele>268.91</ele>
        <time>2026-03-29T06:20:55.000Z</time>
        <course>120.060</course>
        <hdop>2.00</hdop>
      </trkpt>
      <trkpt lat="50.1402850" lon="14.4247683">
        <ele>268.19</ele>
        <time>2026-03-29T06:20:58.000Z</time>
        <course>126.790</course>
        <hdop>2.10</hdop>
      </trkpt>
      <trkpt lat="50.1402517" lon="14.4247833">
        <ele>267.87</ele>
        <time>2026-03-29T06:21:01.000Z</time>
        <course>164.350</course>
        <hdop>2.00</hdop>
      </trkpt>
      <trkpt lat="50.1402233" lon="14.4247750">
        <ele>267.86</ele>
        <time>2026-03-29T06:21:04.000Z</time>
        <course>189.590</course>
        <hdop>2.00</hdop>
      </trkpt>
      <trkpt lat="50.1402167" lon="14.4247383">
        <ele>267.91</ele>
        <time>2026-03-29T06:21:07.000Z</time>
        <course>259.960</course>
        <hdop>2.00</hdop>
      </trkpt>
      <trkpt lat="50.1402033" lon="14.4247100">
        <ele>268.11</ele>
        <time>2026-03-29T06:21:10.000Z</time>
        <course>242.070</course>
        <hdop>2.00</hdop>
      </trkpt>
      <trkpt lat="50.1401833" lon="14.4247017">
        <ele>268.25</ele>
        <time>2026-03-29T06:21:13.000Z</time>
        <course>208.260</course>
        <hdop>2.20</hdop>
      </trkpt>
      <trkpt lat="50.1401517" lon="14.4246883">
        <ele>268.67</ele>
        <time>2026-03-29T06:21:16.000Z</time>
        <course>214.390</course>
        <hdop>2.20</hdop>
      </trkpt>
      <trkpt lat="50.1401200" lon="14.4246567">
        <ele>269.54</ele>
        <time>2026-03-29T06:21:19.000Z</time>
        <course>216.230</course>
        <hdop>2.10</hdop>
      </trkpt>
      <trkpt lat="50.1400983" lon="14.4246433">
        <ele>269.55</ele>
        <time>2026-03-29T06:21:22.000Z</time>
        <course>190.540</course>
        <hdop>2.00</hdop>
      </trkpt>
      <trkpt lat="50.1400817" lon="14.4246200">
        <ele>269.58</ele>
        <time>2026-03-29T06:21:25.000Z</time>
        <course>212.530</course>
        <hdop>2.00</hdop>
      </trkpt>
      <trkpt lat="50.1400817" lon="14.4245817">
        <ele>269.54</ele>
        <time>2026-03-29T06:21:28.000Z</time>
        <course>252.010</course>
        <hdop>2.10</hdop>
      </trkpt>
      <trkpt lat="50.1400883" lon="14.4245217">
        <ele>269.61</ele>
        <time>2026-03-29T06:21:31.000Z</time>
        <course>269.340</course>
        <hdop>2.10</hdop>
      </trkpt>
      <trkpt lat="50.1400867" lon="14.4244683">
        <ele>269.73</ele>
        <time>2026-03-29T06:21:33.000Z</time>
        <course>280.490</course>
        <hdop>2.10</hdop>
      </trkpt>
      <trkpt lat="50.1400950" lon="14.4244233">
        <ele>270.28</ele>
        <time>2026-03-29T06:21:35.000Z</time>
        <course>299.250</course>
        <hdop>2.10</hdop>
      </trkpt>
      <trkpt lat="50.1401150" lon="14.4243817">
        <ele>270.43</ele>
        <time>2026-03-29T06:21:37.000Z</time>
        <course>319.990</course>
        <hdop>2.20</hdop>
      </trkpt>
      <trkpt lat="50.1401300" lon="14.4243350">
        <ele>270.34</ele>
        <time>2026-03-29T06:21:39.000Z</time>
        <course>293.560</course>
        <hdop>2.10</hdop>
      </trkpt>
      <trkpt lat="50.1401367" lon="14.4242833">
        <ele>269.91</ele>
        <time>2026-03-29T06:21:42.000Z</time>
        <course>285.390</course>
        <hdop>2.10</hdop>
      </trkpt>
      <trkpt lat="50.1401233" lon="14.4242300">
        <ele>269.97</ele>
        <time>2026-03-29T06:21:45.000Z</time>
        <course>298.870</course>
        <hdop>2.20</hdop>
      </trkpt>
      <trkpt lat="50.1401250" lon="14.4241617">
        <ele>271.13</ele>
        <time>2026-03-29T06:21:50.000Z</time>
        <course>290.650</course>
        <hdop>2.20</hdop>
      </trkpt>
      <trkpt lat="50.1401417" lon="14.4240883">
        <ele>270.69</ele>
        <time>2026-03-29T06:21:56.000Z</time>
        <course>285.430</course>
        <hdop>2.30</hdop>
      </trkpt>
      <trkpt lat="50.1401500" lon="14.4240367">
        <ele>269.15</ele>
        <time>2026-03-29T06:21:59.000Z</time>
        <course>280.700</course>
        <hdop>2.30</hdop>
      </trkpt>
      <trkpt lat="50.1401467" lon="14.4239950">
        <ele>267.88</ele>
        <time>2026-03-29T06:22:02.000Z</time>
        <course>310.970</course>
        <hdop>2.40</hdop>
      </trkpt>
      <trkpt lat="50.1401350" lon="14.4239583">
        <ele>266.85</ele>
        <time>2026-03-29T06:22:05.000Z</time>
        <course>254.540</course>
        <hdop>2.40</hdop>
      </trkpt>
      <trkpt lat="50.1401233" lon="14.4239183">
        <ele>265.84</ele>
        <time>2026-03-29T06:22:08.000Z</time>
        <course>245.090</course>
        <hdop>2.20</hdop>
      </trkpt>
      <trkpt lat="50.1401200" lon="14.4238683">
        <ele>265.43</ele>
        <time>2026-03-29T06:22:11.000Z</time>
        <course>302.300</course>
        <hdop>2.10</hdop>
      </trkpt>
      <trkpt lat="50.1401300" lon="14.4238367">
        <ele>264.35</ele>
        <time>2026-03-29T06:22:14.000Z</time>
        <course>315.150</course>
        <hdop>2.20</hdop>
      </trkpt>
      <trkpt lat="50.1401417" lon="14.4237917">
        <ele>263.43</ele>
        <time>2026-03-29T06:22:17.000Z</time>
        <course>302.140</course>
        <hdop>2.10</hdop>
      </trkpt>
      <trkpt lat="50.1401517" lon="14.4237633">
        <ele>262.90</ele>
        <time>2026-03-29T06:22:20.000Z</time>
        <course>306.210</course>
        <hdop>2.10</hdop>
      </trkpt>
      <trkpt lat="50.1401400" lon="14.4237317">
        <ele>262.50</ele>
        <time>2026-03-29T06:22:23.000Z</time>
        <course>276.900</course>
        <hdop>2.10</hdop>
      </trkpt>
      <trkpt lat="50.1401200" lon="14.4237050">
        <ele>261.81</ele>
        <time>2026-03-29T06:22:26.000Z</time>
        <course>258.130</course>
        <hdop>2.00</hdop>
      </trkpt>
      <trkpt lat="50.1401083" lon="14.4236667">
        <ele>261.81</ele>
        <time>2026-03-29T06:22:29.000Z</time>
        <course>264.670</course>
        <hdop>2.10</hdop>
      </trkpt>
      <trkpt lat="50.1401017" lon="14.4236267">
        <ele>261.40</ele>
        <time>2026-03-29T06:22:32.000Z</time>
        <course>263.440</course>
        <hdop>2.10</hdop>
      </trkpt>
      <trkpt lat="50.1400983" lon="14.4235800">
        <ele>260.86</ele>
        <time>2026-03-29T06:22:35.000Z</time>
        <course>267.620</course>
        <hdop>2.00</hdop>
      </trkpt>
      <trkpt lat="50.1401017" lon="14.4235133">
        <ele>260.45</ele>
        <time>2026-03-29T06:22:38.000Z</time>
        <course>277.150</course>
        <hdop>2.10</hdop>
      </trkpt>
      <trkpt lat="50.1400950" lon="14.4234650">
        <ele>260.42</ele>
        <time>2026-03-29T06:22:40.000Z</time>
        <course>276.680</course>
        <hdop>2.00</hdop>
      </trkpt>
      <trkpt lat="50.1401033" lon="14.4234150">
        <ele>260.10</ele>
        <time>2026-03-29T06:22:42.000Z</time>
        <course>286.250</course>
        <hdop>2.00</hdop>
      </trkpt>
      <trkpt lat="50.1401117" lon="14.4233383">
        <ele>259.64</ele>
        <time>2026-03-29T06:22:45.000Z</time>
        <course>265.070</course>
        <hdop>2.10</hdop>
      </trkpt>
      <trkpt lat="50.1401167" lon="14.4233067">
        <ele>260.19</ele>
        <time>2026-03-29T06:22:48.000Z</time>
        <course>276.260</course>
        <hdop>2.00</hdop>
      </trkpt>
      <trkpt lat="50.1401283" lon="14.4232750">
        <ele>260.27</ele>
        <time>2026-03-29T06:22:51.000Z</time>
        <course>294.550</course>
        <hdop>1.90</hdop>
      </trkpt>
      <trkpt lat="50.1401417" lon="14.4232400">
        <ele>260.53</ele>
        <time>2026-03-29T06:22:54.000Z</time>
        <course>290.250</course>
        <hdop>1.90</hdop>
      </trkpt>
      <trkpt lat="50.1401667" lon="14.4232033">
        <ele>260.97</ele>
        <time>2026-03-29T06:22:57.000Z</time>
        <course>299.050</course>
        <hdop>2.00</hdop>
      </trkpt>
      <trkpt lat="50.1401867" lon="14.4231733">
        <ele>261.84</ele>
        <time>2026-03-29T06:23:00.000Z</time>
        <course>308.240</course>
        <hdop>2.00</hdop>
      </trkpt>
      <trkpt lat="50.1402083" lon="14.4231233">
        <ele>262.85</ele>
        <time>2026-03-29T06:23:03.000Z</time>
        <course>297.840</course>
        <hdop>2.00</hdop>
      </trkpt>
      <trkpt lat="50.1402267" lon="14.4230833">
        <ele>263.49</ele>
        <time>2026-03-29T06:23:06.000Z</time>
        <course>299.810</course>
        <hdop>1.90</hdop>
      </trkpt>
      <trkpt lat="50.1402383" lon="14.4230383">
        <ele>263.85</ele>
        <time>2026-03-29T06:23:09.000Z</time>
        <course>289.160</course>
        <hdop>1.90</hdop>
      </trkpt>
      <trkpt lat="50.1402600" lon="14.4230050">
        <ele>265.20</ele>
        <time>2026-03-29T06:23:12.000Z</time>
        <course>297.520</course>
        <hdop>1.90</hdop>
      </trkpt>
      <trkpt lat="50.1402750" lon="14.4229800">
        <ele>266.11</ele>
        <time>2026-03-29T06:23:15.000Z</time>
        <course>302.150</course>
        <hdop>1.80</hdop>
      </trkpt>
      <trkpt lat="50.1402733" lon="14.4229550">
        <ele>266.51</ele>
        <time>2026-03-29T06:23:18.000Z</time>
        <course>269.660</course>
        <hdop>1.80</hdop>
      </trkpt>
      <trkpt lat="50.1402767" lon="14.4229400">
        <ele>267.50</ele>
        <time>2026-03-29T06:23:21.000Z</time>
        <course>303.750</course>
        <hdop>1.80</hdop>
      </trkpt>
      <trkpt lat="50.1402917" lon="14.4229183">
        <ele>268.54</ele>
        <time>2026-03-29T06:23:24.000Z</time>
        <course>311.400</course>
        <hdop>1.80</hdop>
      </trkpt>
      <trkpt lat="50.1403100" lon="14.4228733">
        <ele>269.68</ele>
        <time>2026-03-29T06:23:27.000Z</time>
        <course>314.780</course>
        <hdop>1.80</hdop>
      </trkpt>
      <trkpt lat="50.1403283" lon="14.4228350">
        <ele>270.88</ele>
        <time>2026-03-29T06:23:30.000Z</time>
        <course>309.590</course>
        <hdop>1.80</hdop>
      </trkpt>
      <trkpt lat="50.1403400" lon="14.4228033">
        <ele>272.10</ele>
        <time>2026-03-29T06:23:33.000Z</time>
        <course>303.340</course>
        <hdop>1.80</hdop>
      </trkpt>
      <trkpt lat="50.1403533" lon="14.4227833">
        <ele>272.99</ele>
        <time>2026-03-29T06:23:36.000Z</time>
        <course>310.300</course>
        <hdop>1.90</hdop>
      </trkpt>
      <trkpt lat="50.1403717" lon="14.4227517">
        <ele>273.55</ele>
        <time>2026-03-29T06:23:39.000Z</time>
        <course>311.920</course>
        <hdop>1.90</hdop>
      </trkpt>
      <trkpt lat="50.1403850" lon="14.4227250">
        <ele>274.29</ele>
        <time>2026-03-29T06:23:42.000Z</time>
        <course>308.600</course>
        <hdop>1.90</hdop>
      </trkpt>
      <trkpt lat="50.1403983" lon="14.4227083">
        <ele>274.70</ele>
        <time>2026-03-29T06:23:45.000Z</time>
        <course>327.740</course>
        <hdop>1.80</hdop>
      </trkpt>
      <trkpt lat="50.1404100" lon="14.4226933">
        <ele>275.06</ele>
        <time>2026-03-29T06:23:48.000Z</time>
        <course>342.770</course>
        <hdop>1.80</hdop>
      </trkpt>
      <trkpt lat="50.1404150" lon="14.4226750">
        <ele>274.94</ele>
        <time>2026-03-29T06:23:51.000Z</time>
        <course>276.590</course>
        <hdop>1.80</hdop>
      </trkpt>
      <trkpt lat="50.1404033" lon="14.4226617">
        <ele>274.82</ele>
        <time>2026-03-29T06:23:54.000Z</time>
        <course>181.660</course>
        <hdop>1.90</hdop>
      </trkpt>
      <trkpt lat="50.1403767" lon="14.4226783">
        <ele>275.41</ele>
        <time>2026-03-29T06:23:57.000Z</time>
        <course>171.600</course>
        <hdop>1.80</hdop>
      </trkpt>
      <trkpt lat="50.1403517" lon="14.4226800">
        <ele>275.54</ele>
        <time>2026-03-29T06:24:00.000Z</time>
        <course>171.840</course>
        <hdop>1.80</hdop>
      </trkpt>
      <trkpt lat="50.1403217" lon="14.4226867">
        <ele>275.82</ele>
        <time>2026-03-29T06:24:02.000Z</time>
        <course>175.520</course>
        <hdop>1.80</hdop>
      </trkpt>
      <trkpt lat="50.1402917" lon="14.4226917">
        <ele>275.69</ele>
        <time>2026-03-29T06:24:04.000Z</time>
        <course>193.930</course>
        <hdop>1.80</hdop>
      </trkpt>
      <trkpt lat="50.1402633" lon="14.4226800">
        <ele>275.13</ele>
        <time>2026-03-29T06:24:07.000Z</time>
        <course>199.280</course>
        <hdop>1.70</hdop>
      </trkpt>
      <trkpt lat="50.1402300" lon="14.4226800">
        <ele>274.99</ele>
        <time>2026-03-29T06:24:10.000Z</time>
        <course>174.180</course>
        <hdop>1.70</hdop>
      </trkpt>
      <trkpt lat="50.1402050" lon="14.4226783">
        <ele>274.84</ele>
        <time>2026-03-29T06:24:13.000Z</time>
        <course>182.250</course>
        <hdop>1.80</hdop>
      </trkpt>
      <trkpt lat="50.1401767" lon="14.4226633">
        <ele>274.52</ele>
        <time>2026-03-29T06:24:16.000Z</time>
        <course>205.360</course>
        <hdop>1.80</hdop>
      </trkpt>
      <trkpt lat="50.1401417" lon="14.4226400">
        <ele>273.62</ele>
        <time>2026-03-29T06:24:19.000Z</time>
        <course>229.840</course>
        <hdop>1.80</hdop>
      </trkpt>
      <trkpt lat="50.1401133" lon="14.4226067">
        <ele>272.88</ele>
        <time>2026-03-29T06:24:22.000Z</time>
        <course>235.240</course>
        <hdop>1.70</hdop>
      </trkpt>
      <trkpt lat="50.1401083" lon="14.4225767">
        <ele>272.49</ele>
        <time>2026-03-29T06:24:25.000Z</time>
        <course>276.380</course>
        <hdop>1.70</hdop>
      </trkpt>
      <trkpt lat="50.1401050" lon="14.4225333">
        <ele>272.26</ele>
        <time>2026-03-29T06:24:28.000Z</time>
        <course>271.370</course>
        <hdop>1.60</hdop>
      </trkpt>
      <trkpt lat="50.1400850" lon="14.4224767">
        <ele>272.35</ele>
        <time>2026-03-29T06:24:31.000Z</time>
        <course>255.090</course>
        <hdop>1.80</hdop>
      </trkpt>
      <trkpt lat="50.1400750" lon="14.4224350">
        <ele>271.56</ele>
        <time>2026-03-29T06:24:34.000Z</time>
        <course>248.180</course>
        <hdop>1.70</hdop>
      </trkpt>
      <trkpt lat="50.1400683" lon="14.4223950">
        <ele>270.60</ele>
        <time>2026-03-29T06:24:37.000Z</time>
        <course>252.530</course>
        <hdop>1.70</hdop>
      </trkpt>
      <trkpt lat="50.1400633" lon="14.4223533">
        <ele>270.09</ele>
        <time>2026-03-29T06:24:39.000Z</time>
        <course>258.310</course>
        <hdop>1.70</hdop>
      </trkpt>
      <trkpt lat="50.1400633" lon="14.4223133">
        <ele>269.93</ele>
        <time>2026-03-29T06:24:42.000Z</time>
        <course>284.250</course>
        <hdop>1.90</hdop>
      </trkpt>
      <trkpt lat="50.1400667" lon="14.4222633">
        <ele>269.87</ele>
        <time>2026-03-29T06:24:45.000Z</time>
        <course>273.960</course>
        <hdop>2.00</hdop>
      </trkpt>
      <trkpt lat="50.1400650" lon="14.4222117">
        <ele>270.05</ele>
        <time>2026-03-29T06:24:48.000Z</time>
        <course>276.800</course>
        <hdop>2.00</hdop>
      </trkpt>
      <trkpt lat="50.1400550" lon="14.4221683">
        <ele>270.54</ele>
        <time>2026-03-29T06:24:50.000Z</time>
        <course>287.010</course>
        <hdop>2.00</hdop>
      </trkpt>
      <trkpt lat="50.1400567" lon="14.4221283">
        <ele>270.64</ele>
        <time>2026-03-29T06:24:53.000Z</time>
        <course>272.880</course>
        <hdop>2.00</hdop>
      </trkpt>
      <trkpt lat="50.1400650" lon="14.4220917">
        <ele>270.13</ele>
        <time>2026-03-29T06:24:56.000Z</time>
        <course>298.440</course>
        <hdop>2.30</hdop>
      </trkpt>
      <trkpt lat="50.1400767" lon="14.4220467">
        <ele>269.38</ele>
        <time>2026-03-29T06:24:59.000Z</time>
        <course>300.880</course>
        <hdop>2.10</hdop>
      </trkpt>
      <trkpt lat="50.1400783" lon="14.4220117">
        <ele>269.01</ele>
        <time>2026-03-29T06:25:02.000Z</time>
        <course>295.270</course>
        <hdop>2.10</hdop>
      </trkpt>
      <trkpt lat="50.1400783" lon="14.4219667">
        <ele>268.52</ele>
        <time>2026-03-29T06:25:06.000Z</time>
        <course>289.290</course>
        <hdop>2.10</hdop>
      </trkpt>
      <trkpt lat="50.1400800" lon="14.4219283">
        <ele>268.34</ele>
        <time>2026-03-29T06:25:09.000Z</time>
        <course>287.410</course>
        <hdop>2.10</hdop>
      </trkpt>
      <trkpt lat="50.1400800" lon="14.4219050">
        <ele>268.42</ele>
        <time>2026-03-29T06:25:12.000Z</time>
        <course>301.000</course>
        <hdop>2.00</hdop>
      </trkpt>
      <trkpt lat="50.1400783" lon="14.4218983">
        <ele>268.37</ele>
        <time>2026-03-29T06:25:15.000Z</time>
        <course>287.320</course>
        <hdop>1.90</hdop>
      </trkpt>
      <trkpt lat="50.1400783" lon="14.4217717">
        <ele>267.40</ele>
        <time>2026-03-29T06:25:32.000Z</time>
        <course>262.510</course>
        <hdop>2.60</hdop>
      </trkpt>
      <trkpt lat="50.1400733" lon="14.4217367">
        <ele>267.21</ele>
        <time>2026-03-29T06:25:35.000Z</time>
        <course>272.750</course>
        <hdop>2.50</hdop>
      </trkpt>
      <trkpt lat="50.1401017" lon="14.4217050">
        <ele>265.64</ele>
        <time>2026-03-29T06:25:39.000Z</time>
        <course>329.210</course>
        <hdop>2.90</hdop>
      </trkpt>
      <trkpt lat="50.1401333" lon="14.4216500">
        <ele>264.21</ele>
        <time>2026-03-29T06:25:41.000Z</time>
        <course>268.010</course>
        <hdop>2.90</hdop>
      </trkpt>
      <trkpt lat="50.1400733" lon="14.4216150">
        <ele>259.85</ele>
        <time>2026-03-29T06:25:45.000Z</time>
        <course>203.610</course>
        <hdop>2.50</hdop>
      </trkpt>
      <trkpt lat="50.1400783" lon="14.4215733">
        <ele>260.21</ele>
        <time>2026-03-29T06:25:48.000Z</time>
        <course>238.090</course>
        <hdop>2.60</hdop>
      </trkpt>
      <trkpt lat="50.1400700" lon="14.4215250">
        <ele>260.08</ele>
        <time>2026-03-29T06:25:52.000Z</time>
        <course>285.310</course>
        <hdop>2.30</hdop>
      </trkpt>
      <trkpt lat="50.1400600" lon="14.4214850">
        <ele>259.92</ele>
        <time>2026-03-29T06:25:55.000Z</time>
        <course>273.420</course>
        <hdop>2.20</hdop>
      </trkpt>
      <trkpt lat="50.1400400" lon="14.4214317">
        <ele>260.41</ele>
        <time>2026-03-29T06:25:58.000Z</time>
        <course>228.660</course>
        <hdop>2.20</hdop>
      </trkpt>
      <trkpt lat="50.1400233" lon="14.4213933">
        <ele>260.90</ele>
        <time>2026-03-29T06:26:00.000Z</time>
        <course>242.400</course>
        <hdop>2.20</hdop>
      </trkpt>
      <trkpt lat="50.1400117" lon="14.4213367">
        <ele>261.27</ele>
        <time>2026-03-29T06:26:03.000Z</time>
        <course>259.270</course>
        <hdop>2.10</hdop>
      </trkpt>
      <trkpt lat="50.1400033" lon="14.4212867">
        <ele>261.46</ele>
        <time>2026-03-29T06:26:06.000Z</time>
        <course>262.060</course>
        <hdop>2.10</hdop>
      </trkpt>
      <trkpt lat="50.1399950" lon="14.4212700">
        <ele>261.85</ele>
        <time>2026-03-29T06:26:09.000Z</time>
        <course>267.280</course>
        <hdop>2.10</hdop>
      </trkpt>
      <trkpt lat="50.1400017" lon="14.4212850">
        <ele>261.55</ele>
        <time>2026-03-29T06:26:12.000Z</time>
        <course>270.090</course>
        <hdop>2.00</hdop>
      </trkpt>
      <trkpt lat="50.1400033" lon="14.4212717">
        <ele>260.87</ele>
        <time>2026-03-29T06:26:15.000Z</time>
        <course>275.700</course>
        <hdop>2.10</hdop>
      </trkpt>
      <trkpt lat="50.1400117" lon="14.4212167">
        <ele>260.29</ele>
        <time>2026-03-29T06:26:20.000Z</time>
        <course>270.230</course>
        <hdop>2.20</hdop>
      </trkpt>
      <trkpt lat="50.1400067" lon="14.4211633">
        <ele>260.07</ele>
        <time>2026-03-29T06:26:23.000Z</time>
        <course>259.000</course>
        <hdop>2.00</hdop>
      </trkpt>
      <trkpt lat="50.1400017" lon="14.4211300">
        <ele>259.87</ele>
        <time>2026-03-29T06:26:26.000Z</time>
        <course>258.000</course>
        <hdop>2.00</hdop>
      </trkpt>
      <trkpt lat="50.1399983" lon="14.4210800">
        <ele>259.62</ele>
        <time>2026-03-29T06:26:30.000Z</time>
        <course>257.000</course>
        <hdop>2.00</hdop>
      </trkpt>
      <trkpt lat="50.1399917" lon="14.4210350">
        <ele>259.48</ele>
        <time>2026-03-29T06:26:33.000Z</time>
        <course>257.000</course>
        <hdop>1.90</hdop>
      </trkpt>
      <trkpt lat="50.1399800" lon="14.4209650">
        <ele>259.27</ele>
        <time>2026-03-29T06:26:37.000Z</time>
        <course>257.000</course>
        <hdop>1.90</hdop>
      </trkpt>
      <trkpt lat="50.1399717" lon="14.4209067">
        <ele>259.16</ele>
        <time>2026-03-29T06:26:40.000Z</time>
        <course>257.000</course>
        <hdop>1.90</hdop>
      </trkpt>
      <trkpt lat="50.1399633" lon="14.4208517">
        <ele>259.14</ele>
        <time>2026-03-29T06:26:42.000Z</time>
        <course>257.000</course>
        <hdop>2.00</hdop>
      </trkpt>
      <trkpt lat="50.1399567" lon="14.4208017">
        <ele>258.89</ele>
        <time>2026-03-29T06:26:44.000Z</time>
        <course>257.000</course>
        <hdop>2.00</hdop>
      </trkpt>
      <trkpt lat="50.1399483" lon="14.4207500">
        <ele>258.76</ele>
        <time>2026-03-29T06:26:46.000Z</time>
        <course>257.000</course>
        <hdop>2.00</hdop>
      </trkpt>
      <trkpt lat="50.1399417" lon="14.4206983">
        <ele>258.64</ele>
        <time>2026-03-29T06:26:48.000Z</time>
        <course>260.000</course>
        <hdop>2.00</hdop>
      </trkpt>
      <trkpt lat="50.1399367" lon="14.4206533">
        <ele>259.20</ele>
        <time>2026-03-29T06:26:50.000Z</time>
        <course>260.000</course>
        <hdop>1.90</hdop>
      </trkpt>
      <trkpt lat="50.1399317" lon="14.4206033">
        <ele>259.05</ele>
        <time>2026-03-29T06:26:53.000Z</time>
        <course>260.000</course>
        <hdop>1.90</hdop>
      </trkpt>
      <trkpt lat="50.1399400" lon="14.4205750">
        <ele>259.10</ele>
        <time>2026-03-29T06:26:56.000Z</time>
        <course>271.180</course>
        <hdop>1.90</hdop>
      </trkpt>
      <trkpt lat="50.1399717" lon="14.4205500">
        <ele>258.98</ele>
        <time>2026-03-29T06:26:58.000Z</time>
        <course>316.830</course>
        <hdop>2.00</hdop>
      </trkpt>
      <trkpt lat="50.1400067" lon="14.4205300">
        <ele>259.05</ele>
        <time>2026-03-29T06:27:00.000Z</time>
        <course>332.180</course>
        <hdop>2.00</hdop>
      </trkpt>
      <trkpt lat="50.1400333" lon="14.4205083">
        <ele>259.09</ele>
        <time>2026-03-29T06:27:02.000Z</time>
        <course>320.660</course>
        <hdop>2.00</hdop>
      </trkpt>
      <trkpt lat="50.1400600" lon="14.4204817">
        <ele>259.26</ele>
        <time>2026-03-29T06:27:04.000Z</time>
        <course>334.820</course>
        <hdop>2.10</hdop>
      </trkpt>
      <trkpt lat="50.1401017" lon="14.4204717">
        <ele>260.78</ele>
        <time>2026-03-29T06:27:07.000Z</time>
        <course>358.560</course>
        <hdop>2.10</hdop>
      </trkpt>
      <trkpt lat="50.1401217" lon="14.4204650">
        <ele>261.34</ele>
        <time>2026-03-29T06:27:10.000Z</time>
        <course>338.580</course>
        <hdop>2.10</hdop>
      </trkpt>
      <trkpt lat="50.1401367" lon="14.4204517">
        <ele>261.60</ele>
        <time>2026-03-29T06:27:14.000Z</time>
        <course>282.250</course>
        <hdop>2.10</hdop>
      </trkpt>
      <trkpt lat="50.1401433" lon="14.4204400">
        <ele>261.46</ele>
        <time>2026-03-29T06:27:17.000Z</time>
        <course>283.130</course>
        <hdop>2.10</hdop>
      </trkpt>
      <trkpt lat="50.1401383" lon="14.4204100">
        <ele>261.24</ele>
        <time>2026-03-29T06:27:20.000Z</time>
        <course>283.130</course>
        <hdop>2.00</hdop>
      </trkpt>
      <trkpt lat="50.1401450" lon="14.4203683">
        <ele>260.60</ele>
        <time>2026-03-29T06:27:23.000Z</time>
        <course>292.780</course>
        <hdop>2.10</hdop>
      </trkpt>
      <trkpt lat="50.1401567" lon="14.4203267">
        <ele>259.86</ele>
        <time>2026-03-29T06:27:26.000Z</time>
        <course>298.240</course>
        <hdop>2.10</hdop>
      </trkpt>
      <trkpt lat="50.1401617" lon="14.4203000">
        <ele>258.47</ele>
        <time>2026-03-29T06:27:29.000Z</time>
        <course>296.000</course>
        <hdop>2.00</hdop>
      </trkpt>
      <trkpt lat="50.1401767" lon="14.4202550">
        <ele>257.46</ele>
        <time>2026-03-29T06:27:32.000Z</time>
        <course>296.000</course>
        <hdop>2.00</hdop>
      </trkpt>
      <trkpt lat="50.1401850" lon="14.4202267">
        <ele>256.69</ele>
        <time>2026-03-29T06:27:35.000Z</time>
        <course>299.000</course>
        <hdop>2.00</hdop>
      </trkpt>
      <trkpt lat="50.1401933" lon="14.4202050">
        <ele>256.17</ele>
        <time>2026-03-29T06:27:38.000Z</time>
        <course>299.000</course>
        <hdop>2.00</hdop>
      </trkpt>
      <trkpt lat="50.1402000" lon="14.4201883">
        <ele>255.60</ele>
        <time>2026-03-29T06:27:41.000Z</time>
        <course>300.000</course>
        <hdop>2.00</hdop>
      </trkpt>
      <trkpt lat="50.1402033" lon="14.4201650">
        <ele>254.81</ele>
        <time>2026-03-29T06:27:44.000Z</time>
        <course>300.000</course>
        <hdop>2.00</hdop>
      </trkpt>
      <trkpt lat="50.1402217" lon="14.4201200">
        <ele>254.58</ele>
        <time>2026-03-29T06:27:48.000Z</time>
        <course>303.000</course>
        <hdop>2.00</hdop>
      </trkpt>
      <trkpt lat="50.1402350" lon="14.4200883">
        <ele>254.17</ele>
        <time>2026-03-29T06:27:51.000Z</time>
        <course>303.000</course>
        <hdop>2.00</hdop>
      </trkpt>
      <trkpt lat="50.1402450" lon="14.4200633">
        <ele>253.67</ele>
        <time>2026-03-29T06:27:54.000Z</time>
        <course>304.000</course>
        <hdop>2.00</hdop>
      </trkpt>
      <trkpt lat="50.1402733" lon="14.4199983">
        <ele>259.17</ele>
        <time>2026-03-29T06:27:56.000Z</time>
        <course>304.000</course>
        <hdop>1.70</hdop>
      </trkpt>
      <trkpt lat="50.1402883" lon="14.4199633">
        <ele>260.56</ele>
        <time>2026-03-29T06:27:59.000Z</time>
        <course>304.000</course>
        <hdop>1.90</hdop>
      </trkpt>
      <trkpt lat="50.1403017" lon="14.4199333">
        <ele>259.83</ele>
        <time>2026-03-29T06:28:02.000Z</time>
        <course>304.000</course>
        <hdop>1.90</hdop>
      </trkpt>
      <trkpt lat="50.1403117" lon="14.4199117">
        <ele>258.63</ele>
        <time>2026-03-29T06:28:05.000Z</time>
        <course>304.000</course>
        <hdop>2.00</hdop>
      </trkpt>
      <trkpt lat="50.1403217" lon="14.4198883">
        <ele>257.63</ele>
        <time>2026-03-29T06:28:08.000Z</time>
        <course>308.000</course>
        <hdop>2.00</hdop>
      </trkpt>
      <trkpt lat="50.1403367" lon="14.4198650">
        <ele>257.00</ele>
        <time>2026-03-29T06:28:11.000Z</time>
        <course>308.000</course>
        <hdop>2.00</hdop>
      </trkpt>
      <trkpt lat="50.1403533" lon="14.4198333">
        <ele>256.56</ele>
        <time>2026-03-29T06:28:14.000Z</time>
        <course>308.000</course>
        <hdop>2.10</hdop>
      </trkpt>
      <trkpt lat="50.1403767" lon="14.4198100">
        <ele>255.54</ele>
        <time>2026-03-29T06:28:17.000Z</time>
        <course>314.610</course>
        <hdop>2.10</hdop>
      </trkpt>
      <trkpt lat="50.1403917" lon="14.4197833">
        <ele>254.71</ele>
        <time>2026-03-29T06:28:20.000Z</time>
        <course>322.730</course>
        <hdop>2.10</hdop>
      </trkpt>
      <trkpt lat="50.1404067" lon="14.4197317">
        <ele>254.44</ele>
        <time>2026-03-29T06:28:23.000Z</time>
        <course>281.270</course>
        <hdop>2.20</hdop>
      </trkpt>
      <trkpt lat="50.1404100" lon="14.4196817">
        <ele>254.17</ele>
        <time>2026-03-29T06:28:25.000Z</time>
        <course>138.240</course>
        <hdop>2.40</hdop>
      </trkpt>
      <trkpt lat="50.1404217" lon="14.4196300">
        <ele>254.59</ele>
        <time>2026-03-29T06:28:28.000Z</time>
        <course>318.010</course>
        <hdop>2.40</hdop>
      </trkpt>
      <trkpt lat="50.1404467" lon="14.4196017">
        <ele>254.93</ele>
        <time>2026-03-29T06:28:31.000Z</time>
        <course>318.120</course>
        <hdop>2.30</hdop>
      </trkpt>
      <trkpt lat="50.1404550" lon="14.4195517">
        <ele>255.12</ele>
        <time>2026-03-29T06:28:34.000Z</time>
        <course>310.510</course>
        <hdop>2.30</hdop>
      </trkpt>
      <trkpt lat="50.1404550" lon="14.4195117">
        <ele>255.53</ele>
        <time>2026-03-29T06:28:37.000Z</time>
        <course>260.620</course>
        <hdop>2.30</hdop>
      </trkpt>
      <trkpt lat="50.1404600" lon="14.4194567">
        <ele>254.47</ele>
        <time>2026-03-29T06:28:40.000Z</time>
        <course>276.170</course>
        <hdop>2.20</hdop>
      </trkpt>
      <trkpt lat="50.1404750" lon="14.4194217">
        <ele>253.80</ele>
        <time>2026-03-29T06:28:43.000Z</time>
        <course>289.910</course>
        <hdop>2.30</hdop>
      </trkpt>
      <trkpt lat="50.1404867" lon="14.4193667">
        <ele>252.69</ele>
        <time>2026-03-29T06:28:46.000Z</time>
        <course>287.910</course>
        <hdop>2.50</hdop>
      </trkpt>
      <trkpt lat="50.1405033" lon="14.4193333">
        <ele>251.36</ele>
        <time>2026-03-29T06:28:48.000Z</time>
        <course>296.400</course>
        <hdop>2.50</hdop>
      </trkpt>
      <trkpt lat="50.1405150" lon="14.4193000">
        <ele>250.53</ele>
        <time>2026-03-29T06:28:51.000Z</time>
        <course>286.940</course>
        <hdop>2.30</hdop>
      </trkpt>
      <trkpt lat="50.1405217" lon="14.4192817">
        <ele>250.56</ele>
        <time>2026-03-29T06:28:54.000Z</time>
        <course>262.280</course>
        <hdop>2.30</hdop>
      </trkpt>
      <trkpt lat="50.1405333" lon="14.4192567">
        <ele>250.38</ele>
        <time>2026-03-29T06:28:57.000Z</time>
        <course>24.180</course>
        <hdop>2.50</hdop>
      </trkpt>
      <trkpt lat="50.1405767" lon="14.4192417">
        <ele>250.76</ele>
        <time>2026-03-29T06:29:00.000Z</time>
        <course>10.790</course>
        <hdop>2.40</hdop>
      </trkpt>
      <trkpt lat="50.1406250" lon="14.4192433">
        <ele>252.26</ele>
        <time>2026-03-29T06:29:02.000Z</time>
        <course>8.500</course>
        <hdop>2.40</hdop>
      </trkpt>
      <trkpt lat="50.1406967" lon="14.4192533">
        <ele>253.98</ele>
        <time>2026-03-29T06:29:05.000Z</time>
        <course>17.250</course>
        <hdop>2.30</hdop>
      </trkpt>
      <trkpt lat="50.1407217" lon="14.4192450">
        <ele>255.45</ele>
        <time>2026-03-29T06:29:08.000Z</time>
        <course>4.430</course>
        <hdop>2.20</hdop>
      </trkpt>
      <trkpt lat="50.1407417" lon="14.4192517">
        <ele>257.39</ele>
        <time>2026-03-29T06:29:11.000Z</time>
        <course>38.720</course>
        <hdop>2.20</hdop>
      </trkpt>
      <trkpt lat="50.1407467" lon="14.4192567">
        <ele>258.81</ele>
        <time>2026-03-29T06:29:14.000Z</time>
        <course>37.620</course>
        <hdop>2.00</hdop>
      </trkpt>
      <trkpt lat="50.1407483" lon="14.4192417">
        <ele>259.57</ele>
        <time>2026-03-29T06:29:17.000Z</time>
        <course>308.680</course>
        <hdop>1.90</hdop>
      </trkpt>
      <trkpt lat="50.1407567" lon="14.4192333">
        <ele>260.07</ele>
        <time>2026-03-29T06:29:20.000Z</time>
        <course>308.680</course>
        <hdop>1.90</hdop>
      </trkpt>
      <trkpt lat="50.1407917" lon="14.4192250">
        <ele>261.44</ele>
        <time>2026-03-29T06:29:28.000Z</time>
        <course>300.530</course>
        <hdop>2.00</hdop>
      </trkpt>
      <trkpt lat="50.1408050" lon="14.4191933">
        <ele>262.17</ele>
        <time>2026-03-29T06:29:31.000Z</time>
        <course>306.780</course>
        <hdop>2.00</hdop>
      </trkpt>
      <trkpt lat="50.1408183" lon="14.4191733">
        <ele>262.67</ele>
        <time>2026-03-29T06:29:34.000Z</time>
        <course>320.420</course>
        <hdop>1.90</hdop>
      </trkpt>
      <trkpt lat="50.1408367" lon="14.4191467">
        <ele>262.74</ele>
        <time>2026-03-29T06:29:37.000Z</time>
        <course>314.970</course>
        <hdop>1.80</hdop>
      </trkpt>
      <trkpt lat="50.1408500" lon="14.4191083">
        <ele>262.54</ele>
        <time>2026-03-29T06:29:40.000Z</time>
        <course>269.160</course>
        <hdop>1.70</hdop>
      </trkpt>
      <trkpt lat="50.1408467" lon="14.4190683">
        <ele>262.61</ele>
        <time>2026-03-29T06:29:43.000Z</time>
        <course>254.510</course>
        <hdop>1.80</hdop>
      </trkpt>
      <trkpt lat="50.1408433" lon="14.4190450">
        <ele>262.72</ele>
        <time>2026-03-29T06:29:46.000Z</time>
        <course>217.290</course>
        <hdop>2.00</hdop>
      </trkpt>
      <trkpt lat="50.1408317" lon="14.4190233">
        <ele>263.27</ele>
        <time>2026-03-29T06:29:49.000Z</time>
        <course>227.660</course>
        <hdop>1.90</hdop>
      </trkpt>
      <trkpt lat="50.1408317" lon="14.4190117">
        <ele>263.29</ele>
        <time>2026-03-29T06:29:52.000Z</time>
        <course>222.110</course>
        <hdop>1.90</hdop>
      </trkpt>
      <trkpt lat="50.1408267" lon="14.4189700">
        <ele>263.67</ele>
        <time>2026-03-29T06:29:55.000Z</time>
        <course>222.110</course>
        <hdop>1.90</hdop>
      </trkpt>
      <trkpt lat="50.1408117" lon="14.4189183">
        <ele>264.44</ele>
        <time>2026-03-29T06:29:58.000Z</time>
        <course>222.110</course>
        <hdop>1.90</hdop>
      </trkpt>
      <trkpt lat="50.1408033" lon="14.4188867">
        <ele>264.51</ele>
        <time>2026-03-29T06:30:01.000Z</time>
        <course>258.730</course>
        <hdop>1.80</hdop>
      </trkpt>
      <trkpt lat="50.1408017" lon="14.4188600">
        <ele>265.11</ele>
        <time>2026-03-29T06:30:04.000Z</time>
        <course>253.140</course>
        <hdop>2.00</hdop>
      </trkpt>
      <trkpt lat="50.1407900" lon="14.4188200">
        <ele>265.04</ele>
        <time>2026-03-29T06:30:07.000Z</time>
        <course>254.290</course>
        <hdop>1.80</hdop>
      </trkpt>
      <trkpt lat="50.1407767" lon="14.4187950">
        <ele>265.33</ele>
        <time>2026-03-29T06:30:10.000Z</time>
        <course>224.720</course>
        <hdop>1.70</hdop>
      </trkpt>
      <trkpt lat="50.1407750" lon="14.4187617">
        <ele>265.57</ele>
        <time>2026-03-29T06:30:13.000Z</time>
        <course>285.460</course>
        <hdop>1.80</hdop>
      </trkpt>
      <trkpt lat="50.1407833" lon="14.4187133">
        <ele>266.19</ele>
        <time>2026-03-29T06:30:16.000Z</time>
        <course>276.270</course>
        <hdop>1.80</hdop>
      </trkpt>
      <trkpt lat="50.1407933" lon="14.4187150">
        <ele>266.50</ele>
        <time>2026-03-29T06:30:19.000Z</time>
        <course>294.990</course>
        <hdop>1.70</hdop>
      </trkpt>
      <trkpt lat="50.1408017" lon="14.4187033">
        <ele>266.58</ele>
        <time>2026-03-29T06:30:22.000Z</time>
        <course>298.150</course>
        <hdop>1.60</hdop>
      </trkpt>
      <trkpt lat="50.1407967" lon="14.4186700">
        <ele>267.03</ele>
        <time>2026-03-29T06:30:27.000Z</time>
        <course>261.860</course>
        <hdop>1.70</hdop>
      </trkpt>
      <trkpt lat="50.1407850" lon="14.4186333">
        <ele>267.25</ele>
        <time>2026-03-29T06:30:30.000Z</time>
        <course>253.860</course>
        <hdop>1.80</hdop>
      </trkpt>
      <trkpt lat="50.1407717" lon="14.4185933">
        <ele>267.04</ele>
        <time>2026-03-29T06:30:33.000Z</time>
        <course>254.190</course>
        <hdop>1.80</hdop>
      </trkpt>
      <trkpt lat="50.1407750" lon="14.4185767">
        <ele>267.40</ele>
        <time>2026-03-29T06:30:36.000Z</time>
        <course>272.200</course>
        <hdop>1.70</hdop>
      </trkpt>
      <trkpt lat="50.1407750" lon="14.4185783">
        <ele>267.51</ele>
        <time>2026-03-29T06:30:39.000Z</time>
        <course>179.250</course>
        <hdop>1.60</hdop>
      </trkpt>
      <trkpt lat="50.1407683" lon="14.4185350">
        <ele>268.66</ele>
        <time>2026-03-29T06:30:52.000Z</time>
        <course>91.350</course>
        <hdop>1.60</hdop>
      </trkpt>
      <trkpt lat="50.1407533" lon="14.4184917">
        <ele>269.52</ele>
        <time>2026-03-29T06:30:55.000Z</time>
        <course>272.070</course>
        <hdop>1.80</hdop>
      </trkpt>
      <trkpt lat="50.1407533" lon="14.4184600">
        <ele>270.46</ele>
        <time>2026-03-29T06:30:58.000Z</time>
        <course>346.410</course>
        <hdop>1.80</hdop>
      </trkpt>
      <trkpt lat="50.1407833" lon="14.4184433">
        <ele>271.00</ele>
        <time>2026-03-29T06:31:01.000Z</time>
        <course>343.690</course>
        <hdop>1.90</hdop>
      </trkpt>
      <trkpt lat="50.1408217" lon="14.4184567">
        <ele>271.91</ele>
        <time>2026-03-29T06:31:04.000Z</time>
        <course>5.620</course>
        <hdop>1.80</hdop>
      </trkpt>
      <trkpt lat="50.1408500" lon="14.4184583">
        <ele>272.61</ele>
        <time>2026-03-29T06:31:07.000Z</time>
        <course>328.320</course>
        <hdop>1.70</hdop>
      </trkpt>
      <trkpt lat="50.1408617" lon="14.4184483">
        <ele>273.04</ele>
        <time>2026-03-29T06:31:10.000Z</time>
        <course>325.230</course>
        <hdop>1.60</hdop>
      </trkpt>
      <trkpt lat="50.1408700" lon="14.4184400">
        <ele>272.91</ele>
        <time>2026-03-29T06:31:13.000Z</time>
        <course>335.730</course>
        <hdop>1.60</hdop>
      </trkpt>
      <trkpt lat="50.1409217" lon="14.4184267">
        <ele>274.13</ele>
        <time>2026-03-29T06:31:23.000Z</time>
        <course>353.380</course>
        <hdop>1.70</hdop>
      </trkpt>
      <trkpt lat="50.1409500" lon="14.4184433">
        <ele>273.82</ele>
        <time>2026-03-29T06:31:26.000Z</time>
        <course>18.660</course>
        <hdop>1.70</hdop>
      </trkpt>
      <trkpt lat="50.1409700" lon="14.4184783">
        <ele>272.90</ele>
        <time>2026-03-29T06:31:29.000Z</time>
        <course>33.350</course>
        <hdop>1.70</hdop>
      </trkpt>
      <trkpt lat="50.1409967" lon="14.4185017">
        <ele>272.38</ele>
        <time>2026-03-29T06:31:32.000Z</time>
        <course>26.760</course>
        <hdop>1.70</hdop>
      </trkpt>
      <trkpt lat="50.1410233" lon="14.4185333">
        <ele>271.40</ele>
        <time>2026-03-29T06:31:35.000Z</time>
        <course>37.910</course>
        <hdop>1.80</hdop>
      </trkpt>
      <trkpt lat="50.1410383" lon="14.4185800">
        <ele>271.11</ele>
        <time>2026-03-29T06:31:37.000Z</time>
        <course>42.330</course>
        <hdop>1.80</hdop>
      </trkpt>
      <trkpt lat="50.1410633" lon="14.4186000">
        <ele>270.22</ele>
        <time>2026-03-29T06:31:39.000Z</time>
        <course>23.410</course>
        <hdop>1.80</hdop>
      </trkpt>
      <trkpt lat="50.1410900" lon="14.4186183">
        <ele>269.43</ele>
        <time>2026-03-29T06:31:42.000Z</time>
        <course>15.300</course>
        <hdop>1.70</hdop>
      </trkpt>
      <trkpt lat="50.1411200" lon="14.4186033">
        <ele>269.10</ele>
        <time>2026-03-29T06:31:45.000Z</time>
        <course>340.520</course>
        <hdop>1.80</hdop>
      </trkpt>
      <trkpt lat="50.1411367" lon="14.4185900">
        <ele>268.99</ele>
        <time>2026-03-29T06:31:48.000Z</time>
        <course>352.960</course>
        <hdop>2.00</hdop>
      </trkpt>
      <trkpt lat="50.1411567" lon="14.4185967">
        <ele>270.15</ele>
        <time>2026-03-29T06:31:51.000Z</time>
        <course>1.560</course>
        <hdop>1.90</hdop>
      </trkpt>
      <trkpt lat="50.1411750" lon="14.4186167">
        <ele>270.21</ele>
        <time>2026-03-29T06:31:54.000Z</time>
        <course>22.380</course>
        <hdop>1.70</hdop>
      </trkpt>
      <trkpt lat="50.1412033" lon="14.4186467">
        <ele>270.04</ele>
        <time>2026-03-29T06:31:57.000Z</time>
        <course>43.060</course>
        <hdop>1.80</hdop>
      </trkpt>
      <trkpt lat="50.1412317" lon="14.4186883">
        <ele>270.43</ele>
        <time>2026-03-29T06:32:00.000Z</time>
        <course>47.700</course>
        <hdop>1.80</hdop>
      </trkpt>
      <trkpt lat="50.1412550" lon="14.4187050">
        <ele>270.84</ele>
        <time>2026-03-29T06:32:03.000Z</time>
        <course>2.980</course>
        <hdop>1.70</hdop>
      </trkpt>
      <trkpt lat="50.1412900" lon="14.4187317">
        <ele>270.98</ele>
        <time>2026-03-29T06:32:06.000Z</time>
        <course>37.090</course>
        <hdop>1.70</hdop>
      </trkpt>
      <trkpt lat="50.1413200" lon="14.4187583">
        <ele>271.03</ele>
        <time>2026-03-29T06:32:09.000Z</time>
        <course>20.000</course>
        <hdop>1.80</hdop>
      </trkpt>
      <trkpt lat="50.1413500" lon="14.4187717">
        <ele>270.46</ele>
        <time>2026-03-29T06:32:12.000Z</time>
        <course>25.690</course>
        <hdop>1.70</hdop>
      </trkpt>
      <trkpt lat="50.1413717" lon="14.4187767">
        <ele>269.72</ele>
        <time>2026-03-29T06:32:15.000Z</time>
        <course>2.240</course>
        <hdop>1.90</hdop>
      </trkpt>
      <trkpt lat="50.1414050" lon="14.4187867">
        <ele>269.27</ele>
        <time>2026-03-29T06:32:18.000Z</time>
        <course>9.930</course>
        <hdop>1.80</hdop>
      </trkpt>
      <trkpt lat="50.1414367" lon="14.4187900">
        <ele>268.71</ele>
        <time>2026-03-29T06:32:21.000Z</time>
        <course>9.310</course>
        <hdop>1.70</hdop>
      </trkpt>
      <trkpt lat="50.1414683" lon="14.4188033">
        <ele>267.84</ele>
        <time>2026-03-29T06:32:24.000Z</time>
        <course>357.560</course>
        <hdop>1.80</hdop>
      </trkpt>
      <trkpt lat="50.1414933" lon="14.4188183">
        <ele>267.09</ele>
        <time>2026-03-29T06:32:27.000Z</time>
        <course>21.680</course>
        <hdop>1.80</hdop>
      </trkpt>
      <trkpt lat="50.1415167" lon="14.4188533">
        <ele>266.50</ele>
        <time>2026-03-29T06:32:30.000Z</time>
        <course>40.670</course>
        <hdop>1.90</hdop>
      </trkpt>
      <trkpt lat="50.1415383" lon="14.4188833">
        <ele>266.26</ele>
        <time>2026-03-29T06:32:33.000Z</time>
        <course>19.160</course>
        <hdop>1.80</hdop>
      </trkpt>
      <trkpt lat="50.1415600" lon="14.4189000">
        <ele>265.81</ele>
        <time>2026-03-29T06:32:36.000Z</time>
        <course>22.090</course>
        <hdop>1.80</hdop>
      </trkpt>
      <trkpt lat="50.1415767" lon="14.4189350">
        <ele>265.84</ele>
        <time>2026-03-29T06:32:38.000Z</time>
        <course>56.770</course>
        <hdop>1.70</hdop>
      </trkpt>
      <trkpt lat="50.1415967" lon="14.4189700">
        <ele>266.12</ele>
        <time>2026-03-29T06:32:41.000Z</time>
        <course>51.640</course>
        <hdop>1.70</hdop>
      </trkpt>
      <trkpt lat="50.1416200" lon="14.4190083">
        <ele>266.21</ele>
        <time>2026-03-29T06:32:44.000Z</time>
        <course>38.330</course>
        <hdop>1.80</hdop>
      </trkpt>
      <trkpt lat="50.1416383" lon="14.4190317">
        <ele>266.24</ele>
        <time>2026-03-29T06:32:47.000Z</time>
        <course>31.350</course>
        <hdop>1.80</hdop>
      </trkpt>
      <trkpt lat="50.1416650" lon="14.4190433">
        <ele>265.80</ele>
        <time>2026-03-29T06:32:50.000Z</time>
        <course>0.240</course>
        <hdop>1.80</hdop>
      </trkpt>
      <trkpt lat="50.1416867" lon="14.4190433">
        <ele>265.23</ele>
        <time>2026-03-29T06:32:53.000Z</time>
        <course>5.430</course>
        <hdop>1.90</hdop>
      </trkpt>
      <trkpt lat="50.1417133" lon="14.4190467">
        <ele>264.96</ele>
        <time>2026-03-29T06:32:56.000Z</time>
        <course>12.190</course>
        <hdop>1.90</hdop>
      </trkpt>
      <trkpt lat="50.1417383" lon="14.4190500">
        <ele>264.77</ele>
        <time>2026-03-29T06:32:59.000Z</time>
        <course>0.630</course>
        <hdop>1.90</hdop>
      </trkpt>
      <trkpt lat="50.1417567" lon="14.4190500">
        <ele>264.45</ele>
        <time>2026-03-29T06:33:02.000Z</time>
        <course>3.410</course>
        <hdop>1.90</hdop>
      </trkpt>
      <trkpt lat="50.1417717" lon="14.4190717">
        <ele>264.10</ele>
        <time>2026-03-29T06:33:05.000Z</time>
        <course>30.110</course>
        <hdop>1.90</hdop>
      </trkpt>
      <trkpt lat="50.1417900" lon="14.4190950">
        <ele>264.09</ele>
        <time>2026-03-29T06:33:08.000Z</time>
        <course>22.730</course>
        <hdop>2.00</hdop>
      </trkpt>
      <trkpt lat="50.1417917" lon="14.4190900">
        <ele>264.04</ele>
        <time>2026-03-29T06:33:11.000Z</time>
        <course>10.310</course>
        <hdop>1.90</hdop>
      </trkpt>
      <trkpt lat="50.1418100" lon="14.4190633">
        <ele>263.89</ele>
        <time>2026-03-29T06:33:14.000Z</time>
        <course>10.310</course>
        <hdop>1.80</hdop>
      </trkpt>
      <trkpt lat="50.1418267" lon="14.4190283">
        <ele>263.32</ele>
        <time>2026-03-29T06:33:17.000Z</time>
        <course>10.310</course>
        <hdop>1.90</hdop>
      </trkpt>
      <trkpt lat="50.1418483" lon="14.4189900">
        <ele>262.34</ele>
        <time>2026-03-29T06:33:20.000Z</time>
        <course>316.400</course>
        <hdop>1.90</hdop>
      </trkpt>
      <trkpt lat="50.1418633" lon="14.4189350">
        <ele>261.36</ele>
        <time>2026-03-29T06:33:23.000Z</time>
        <course>304.870</course>
        <hdop>2.00</hdop>
      </trkpt>
      <trkpt lat="50.1418750" lon="14.4188917">
        <ele>260.68</ele>
        <time>2026-03-29T06:33:26.000Z</time>
        <course>298.790</course>
        <hdop>1.90</hdop>
      </trkpt>
      <trkpt lat="50.1418933" lon="14.4188650">
        <ele>260.06</ele>
        <time>2026-03-29T06:33:29.000Z</time>
        <course>239.820</course>
        <hdop>1.90</hdop>
      </trkpt>
      <trkpt lat="50.1419050" lon="14.4188283">
        <ele>259.26</ele>
        <time>2026-03-29T06:33:32.000Z</time>
        <course>298.550</course>
        <hdop>1.80</hdop>
      </trkpt>
      <trkpt lat="50.1419050" lon="14.4187883">
        <ele>258.97</ele>
        <time>2026-03-29T06:33:35.000Z</time>
        <course>282.990</course>
        <hdop>1.90</hdop>
      </trkpt>
      <trkpt lat="50.1419017" lon="14.4187400">
        <ele>258.34</ele>
        <time>2026-03-29T06:33:38.000Z</time>
        <course>261.870</course>
        <hdop>2.10</hdop>
      </trkpt>
      <trkpt lat="50.1419050" lon="14.4186700">
        <ele>257.51</ele>
        <time>2026-03-29T06:33:41.000Z</time>
        <course>276.930</course>
        <hdop>2.00</hdop>
      </trkpt>
      <trkpt lat="50.1419117" lon="14.4186300">
        <ele>256.65</ele>
        <time>2026-03-29T06:33:45.000Z</time>
        <course>324.310</course>
        <hdop>2.30</hdop>
      </trkpt>
      <trkpt lat="50.1419067" lon="14.4185583">
        <ele>255.61</ele>
        <time>2026-03-29T06:33:50.000Z</time>
        <course>261.430</course>
        <hdop>2.20</hdop>
      </trkpt>
      <trkpt lat="50.1418950" lon="14.4185183">
        <ele>256.01</ele>
        <time>2026-03-29T06:33:52.000Z</time>
        <course>255.800</course>
        <hdop>2.20</hdop>
      </trkpt>
      <trkpt lat="50.1418800" lon="14.4184917">
        <ele>256.88</ele>
        <time>2026-03-29T06:33:55.000Z</time>
        <course>210.250</course>
        <hdop>2.10</hdop>
      </trkpt>
      <trkpt lat="50.1418733" lon="14.4185083">
        <ele>257.60</ele>
        <time>2026-03-29T06:33:58.000Z</time>
        <course>151.620</course>
        <hdop>2.00</hdop>
      </trkpt>
      <trkpt lat="50.1418683" lon="14.4185183">
        <ele>258.05</ele>
        <time>2026-03-29T06:34:01.000Z</time>
        <course>151.720</course>
        <hdop>2.00</hdop>
      </trkpt>
      <trkpt lat="50.1418300" lon="14.4184967">
        <ele>258.36</ele>
        <time>2026-03-29T06:34:14.000Z</time>
        <course>153.780</course>
        <hdop>2.20</hdop>
      </trkpt>
      <trkpt lat="50.1418317" lon="14.4184683">
        <ele>258.51</ele>
        <time>2026-03-29T06:34:17.000Z</time>
        <course>153.780</course>
        <hdop>2.20</hdop>
      </trkpt>
      <trkpt lat="50.1418400" lon="14.4184233">
        <ele>259.04</ele>
        <time>2026-03-29T06:34:20.000Z</time>
        <course>153.780</course>
        <hdop>2.00</hdop>
      </trkpt>
      <trkpt lat="50.1418283" lon="14.4183983">
        <ele>258.72</ele>
        <time>2026-03-29T06:34:23.000Z</time>
        <course>240.900</course>
        <hdop>2.00</hdop>
      </trkpt>
      <trkpt lat="50.1418150" lon="14.4183650">
        <ele>258.64</ele>
        <time>2026-03-29T06:34:26.000Z</time>
        <course>239.760</course>
        <hdop>2.00</hdop>
      </trkpt>
      <trkpt lat="50.1418033" lon="14.4183250">
        <ele>258.20</ele>
        <time>2026-03-29T06:34:29.000Z</time>
        <course>242.580</course>
        <hdop>2.00</hdop>
      </trkpt>
      <trkpt lat="50.1417917" lon="14.4182750">
        <ele>257.43</ele>
        <time>2026-03-29T06:34:32.000Z</time>
        <course>244.040</course>
        <hdop>2.00</hdop>
      </trkpt>
      <trkpt lat="50.1417783" lon="14.4182233">
        <ele>256.39</ele>
        <time>2026-03-29T06:34:35.000Z</time>
        <course>247.180</course>
        <hdop>2.00</hdop>
      </trkpt>
      <trkpt lat="50.1417567" lon="14.4181817">
        <ele>255.76</ele>
        <time>2026-03-29T06:34:38.000Z</time>
        <course>241.000</course>
        <hdop>2.00</hdop>
      </trkpt>
      <trkpt lat="50.1417167" lon="14.4181200">
        <ele>255.26</ele>
        <time>2026-03-29T06:34:43.000Z</time>
        <course>225.310</course>
        <hdop>2.10</hdop>
      </trkpt>
      <trkpt lat="50.1417083" lon="14.4180883">
        <ele>254.51</ele>
        <time>2026-03-29T06:34:46.000Z</time>
        <course>239.560</course>
        <hdop>2.00</hdop>
      </trkpt>
      <trkpt lat="50.1416983" lon="14.4180433">
        <ele>254.11</ele>
        <time>2026-03-29T06:34:49.000Z</time>
        <course>248.060</course>
        <hdop>1.90</hdop>
      </trkpt>
      <trkpt lat="50.1416967" lon="14.4180067">
        <ele>252.89</ele>
        <time>2026-03-29T06:34:52.000Z</time>
        <course>261.320</course>
        <hdop>1.90</hdop>
      </trkpt>
      <trkpt lat="50.1416883" lon="14.4179717">
        <ele>251.42</ele>
        <time>2026-03-29T06:34:55.000Z</time>
        <course>260.170</course>
        <hdop>1.90</hdop>
      </trkpt>
      <trkpt lat="50.1416667" lon="14.4179250">
        <ele>250.11</ele>
        <time>2026-03-29T06:34:58.000Z</time>
        <course>228.070</course>
        <hdop>1.90</hdop>
      </trkpt>
      <trkpt lat="50.1416450" lon="14.4178733">
        <ele>248.97</ele>
        <time>2026-03-29T06:35:01.000Z</time>
        <course>239.570</course>
        <hdop>1.90</hdop>
      </trkpt>
      <trkpt lat="50.1416350" lon="14.4178200">
        <ele>248.47</ele>
        <time>2026-03-29T06:35:03.000Z</time>
        <course>262.100</course>
        <hdop>2.00</hdop>
      </trkpt>
      <trkpt lat="50.1416350" lon="14.4177700">
        <ele>248.29</ele>
        <time>2026-03-29T06:35:06.000Z</time>
        <course>286.700</course>
        <hdop>2.00</hdop>
      </trkpt>
      <trkpt lat="50.1416433" lon="14.4177383">
        <ele>247.72</ele>
        <time>2026-03-29T06:35:09.000Z</time>
        <course>291.300</course>
        <hdop>1.90</hdop>
      </trkpt>
      <trkpt lat="50.1416483" lon="14.4177000">
        <ele>246.99</ele>
        <time>2026-03-29T06:35:12.000Z</time>
        <course>288.260</course>
        <hdop>1.90</hdop>
      </trkpt>
      <trkpt lat="50.1416417" lon="14.4176667">
        <ele>245.94</ele>
        <time>2026-03-29T06:35:15.000Z</time>
        <course>276.400</course>
        <hdop>1.90</hdop>
      </trkpt>
      <trkpt lat="50.1416283" lon="14.4176267">
        <ele>245.98</ele>
        <time>2026-03-29T06:35:19.000Z</time>
        <course>258.520</course>
        <hdop>2.00</hdop>
      </trkpt>
      <trkpt lat="50.1416067" lon="14.4175850">
        <ele>246.54</ele>
        <time>2026-03-29T06:35:22.000Z</time>
        <course>237.070</course>
        <hdop>2.00</hdop>
      </trkpt>
      <trkpt lat="50.1415983" lon="14.4175650">
        <ele>247.85</ele>
        <time>2026-03-29T06:35:25.000Z</time>
        <course>244.650</course>
        <hdop>1.90</hdop>
      </trkpt>
      <trkpt lat="50.1415833" lon="14.4174833">
        <ele>249.04</ele>
        <time>2026-03-29T06:35:33.000Z</time>
        <course>260.010</course>
        <hdop>2.00</hdop>
      </trkpt>
      <trkpt lat="50.1415750" lon="14.4174300">
        <ele>249.39</ele>
        <time>2026-03-29T06:35:35.000Z</time>
        <course>255.770</course>
        <hdop>2.00</hdop>
      </trkpt>
      <trkpt lat="50.1415433" lon="14.4173867">
        <ele>250.30</ele>
        <time>2026-03-29T06:35:37.000Z</time>
        <course>240.620</course>
        <hdop>2.00</hdop>
      </trkpt>
      <trkpt lat="50.1415150" lon="14.4173567">
        <ele>251.06</ele>
        <time>2026-03-29T06:35:39.000Z</time>
        <course>231.120</course>
        <hdop>1.90</hdop>
      </trkpt>
      <trkpt lat="50.1415033" lon="14.4173300">
        <ele>251.08</ele>
        <time>2026-03-29T06:35:42.000Z</time>
        <course>236.250</course>
        <hdop>1.90</hdop>
      </trkpt>
      <trkpt lat="50.1414967" lon="14.4173150">
        <ele>251.04</ele>
        <time>2026-03-29T06:35:45.000Z</time>
        <course>227.390</course>
        <hdop>1.80</hdop>
      </trkpt>
      <trkpt lat="50.1414833" lon="14.4173017">
        <ele>250.50</ele>
        <time>2026-03-29T06:35:48.000Z</time>
        <course>210.020</course>
        <hdop>1.70</hdop>
      </trkpt>
      <trkpt lat="50.1414533" lon="14.4172833">
        <ele>250.01</ele>
        <time>2026-03-29T06:35:51.000Z</time>
        <course>210.190</course>
        <hdop>1.80</hdop>
      </trkpt>
      <trkpt lat="50.1414367" lon="14.4172817">
        <ele>249.48</ele>
        <time>2026-03-29T06:35:54.000Z</time>
        <course>192.240</course>
        <hdop>1.80</hdop>
      </trkpt>
      <trkpt lat="50.1414200" lon="14.4172933">
        <ele>249.58</ele>
        <time>2026-03-29T06:35:57.000Z</time>
        <course>165.920</course>
        <hdop>1.80</hdop>
      </trkpt>
      <trkpt lat="50.1413983" lon="14.4172850">
        <ele>249.90</ele>
        <time>2026-03-29T06:36:00.000Z</time>
        <course>179.560</course>
        <hdop>1.80</hdop>
      </trkpt>
      <trkpt lat="50.1413733" lon="14.4172783">
        <ele>250.61</ele>
        <time>2026-03-29T06:36:03.000Z</time>
        <course>182.000</course>
        <hdop>1.80</hdop>
      </trkpt>
      <trkpt lat="50.1413500" lon="14.4172733">
        <ele>251.59</ele>
        <time>2026-03-29T06:36:06.000Z</time>
        <course>182.560</course>
        <hdop>1.80</hdop>
      </trkpt>
      <trkpt lat="50.1413317" lon="14.4172650">
        <ele>253.19</ele>
        <time>2026-03-29T06:36:09.000Z</time>
        <course>185.230</course>
        <hdop>1.90</hdop>
      </trkpt>
      <trkpt lat="50.1413133" lon="14.4172667">
        <ele>254.59</ele>
        <time>2026-03-29T06:36:12.000Z</time>
        <course>185.610</course>
        <hdop>1.80</hdop>
      </trkpt>
      <trkpt lat="50.1412917" lon="14.4172750">
        <ele>255.44</ele>
        <time>2026-03-29T06:36:15.000Z</time>
        <course>171.960</course>
        <hdop>1.80</hdop>
      </trkpt>
      <trkpt lat="50.1412733" lon="14.4172867">
        <ele>256.05</ele>
        <time>2026-03-29T06:36:18.000Z</time>
        <course>170.330</course>
        <hdop>1.80</hdop>
      </trkpt>
      <trkpt lat="50.1412567" lon="14.4172850">
        <ele>256.60</ele>
        <time>2026-03-29T06:36:21.000Z</time>
        <course>41.510</course>
        <hdop>1.80</hdop>
      </trkpt>
      <trkpt lat="50.1412217" lon="14.4172817">
        <ele>257.49</ele>
        <time>2026-03-29T06:36:27.000Z</time>
        <course>31.000</course>
        <hdop>1.80</hdop>
      </trkpt>
      <trkpt lat="50.1412033" lon="14.4172700">
        <ele>257.61</ele>
        <time>2026-03-29T06:36:30.000Z</time>
        <course>31.000</course>
        <hdop>1.80</hdop>
      </trkpt>
      <trkpt lat="50.1411800" lon="14.4172617">
        <ele>257.88</ele>
        <time>2026-03-29T06:36:33.000Z</time>
        <course>31.000</course>
        <hdop>1.70</hdop>
      </trkpt>
      <trkpt lat="50.1411517" lon="14.4172717">
        <ele>258.47</ele>
        <time>2026-03-29T06:36:36.000Z</time>
        <course>160.410</course>
        <hdop>1.70</hdop>
      </trkpt>
      <trkpt lat="50.1411267" lon="14.4173017">
        <ele>258.61</ele>
        <time>2026-03-29T06:36:39.000Z</time>
        <course>136.390</course>
        <hdop>1.80</hdop>
      </trkpt>
      <trkpt lat="50.1411100" lon="14.4173333">
        <ele>258.80</ele>
        <time>2026-03-29T06:36:42.000Z</time>
        <course>140.550</course>
        <hdop>1.80</hdop>
      </trkpt>
      <trkpt lat="50.1410933" lon="14.4173433">
        <ele>258.62</ele>
        <time>2026-03-29T06:36:45.000Z</time>
        <course>206.720</course>
        <hdop>1.80</hdop>
      </trkpt>
      <trkpt lat="50.1410750" lon="14.4173417">
        <ele>258.46</ele>
        <time>2026-03-29T06:36:48.000Z</time>
        <course>187.550</course>
        <hdop>1.70</hdop>
      </trkpt>
      <trkpt lat="50.1409900" lon="14.4173683">
        <ele>256.73</ele>
        <time>2026-03-29T06:37:08.000Z</time>
        <course>192.620</course>
        <hdop>1.70</hdop>
      </trkpt>
      <trkpt lat="50.1409683" lon="14.4173500">
        <ele>257.37</ele>
        <time>2026-03-29T06:37:11.000Z</time>
        <course>196.520</course>
        <hdop>1.70</hdop>
      </trkpt>
      <trkpt lat="50.1409400" lon="14.4173400">
        <ele>257.87</ele>
        <time>2026-03-29T06:37:14.000Z</time>
        <course>176.530</course>
        <hdop>1.80</hdop>
      </trkpt>
      <trkpt lat="50.1409150" lon="14.4173400">
        <ele>258.59</ele>
        <time>2026-03-29T06:37:17.000Z</time>
        <course>213.490</course>
        <hdop>1.80</hdop>
      </trkpt>
      <trkpt lat="50.1408950" lon="14.4173350">
        <ele>258.90</ele>
        <time>2026-03-29T06:37:20.000Z</time>
        <course>192.830</course>
        <hdop>1.80</hdop>
      </trkpt>
      <trkpt lat="50.1408783" lon="14.4173283">
        <ele>259.13</ele>
        <time>2026-03-29T06:37:23.000Z</time>
        <course>194.340</course>
        <hdop>1.90</hdop>
      </trkpt>
      <trkpt lat="50.1408517" lon="14.4173183">
        <ele>259.66</ele>
        <time>2026-03-29T06:37:25.000Z</time>
        <course>197.350</course>
        <hdop>2.00</hdop>
      </trkpt>
      <trkpt lat="50.1408167" lon="14.4173017">
        <ele>259.56</ele>
        <time>2026-03-29T06:37:28.000Z</time>
        <course>191.740</course>
        <hdop>1.90</hdop>
      </trkpt>
      <trkpt lat="50.1407883" lon="14.4173017">
        <ele>260.03</ele>
        <time>2026-03-29T06:37:31.000Z</time>
        <course>185.140</course>
        <hdop>1.80</hdop>
      </trkpt>
      <trkpt lat="50.1407583" lon="14.4173017">
        <ele>260.40</ele>
        <time>2026-03-29T06:37:34.000Z</time>
        <course>172.300</course>
        <hdop>1.80</hdop>
      </trkpt>
      <trkpt lat="50.1407250" lon="14.4172967">
        <ele>260.53</ele>
        <time>2026-03-29T06:37:37.000Z</time>
        <course>202.140</course>
        <hdop>1.90</hdop>
      </trkpt>
      <trkpt lat="50.1406950" lon="14.4173017">
        <ele>260.58</ele>
        <time>2026-03-29T06:37:40.000Z</time>
        <course>182.940</course>
        <hdop>1.80</hdop>
      </trkpt>
      <trkpt lat="50.1406683" lon="14.4173083">
        <ele>260.65</ele>
        <time>2026-03-29T06:37:42.000Z</time>
        <course>178.210</course>
        <hdop>1.80</hdop>
      </trkpt>
      <trkpt lat="50.1406367" lon="14.4173117">
        <ele>260.22</ele>
        <time>2026-03-29T06:37:45.000Z</time>
        <course>179.650</course>
        <hdop>1.80</hdop>
      </trkpt>
      <trkpt lat="50.1406050" lon="14.4173183">
        <ele>259.82</ele>
        <time>2026-03-29T06:37:48.000Z</time>
        <course>175.260</course>
        <hdop>1.70</hdop>
      </trkpt>
      <trkpt lat="50.1405817" lon="14.4173217">
        <ele>259.76</ele>
        <time>2026-03-29T06:37:51.000Z</time>
        <course>177.890</course>
        <hdop>1.80</hdop>
      </trkpt>
      <trkpt lat="50.1405533" lon="14.4173233">
        <ele>260.07</ele>
        <time>2026-03-29T06:37:54.000Z</time>
        <course>171.180</course>
        <hdop>1.90</hdop>
      </trkpt>
      <trkpt lat="50.1405233" lon="14.4173300">
        <ele>261.06</ele>
        <time>2026-03-29T06:37:57.000Z</time>
        <course>197.890</course>
        <hdop>2.00</hdop>
      </trkpt>
      <trkpt lat="50.1404950" lon="14.4173483">
        <ele>261.85</ele>
        <time>2026-03-29T06:38:00.000Z</time>
        <course>142.290</course>
        <hdop>1.90</hdop>
      </trkpt>
      <trkpt lat="50.1404600" lon="14.4173550">
        <ele>263.03</ele>
        <time>2026-03-29T06:38:03.000Z</time>
        <course>176.560</course>
        <hdop>1.70</hdop>
      </trkpt>
      <trkpt lat="50.1404317" lon="14.4173533">
        <ele>263.99</ele>
        <time>2026-03-29T06:38:06.000Z</time>
        <course>185.780</course>
        <hdop>1.60</hdop>
      </trkpt>
      <trkpt lat="50.1404133" lon="14.4173483">
        <ele>264.42</ele>
        <time>2026-03-29T06:38:09.000Z</time>
        <course>184.860</course>
        <hdop>2.00</hdop>
      </trkpt>
      <trkpt lat="50.1403817" lon="14.4173517">
        <ele>264.55</ele>
        <time>2026-03-29T06:38:12.000Z</time>
        <course>174.550</course>
        <hdop>1.80</hdop>
      </trkpt>
      <trkpt lat="50.1403583" lon="14.4173517">
        <ele>264.82</ele>
        <time>2026-03-29T06:38:15.000Z</time>
        <course>168.640</course>
        <hdop>1.80</hdop>
      </trkpt>
      <trkpt lat="50.1403367" lon="14.4173683">
        <ele>265.10</ele>
        <time>2026-03-29T06:38:18.000Z</time>
        <course>150.120</course>
        <hdop>1.90</hdop>
      </trkpt>
      <trkpt lat="50.1403267" lon="14.4173967">
        <ele>265.40</ele>
        <time>2026-03-29T06:38:21.000Z</time>
        <course>111.020</course>
        <hdop>1.80</hdop>
      </trkpt>
      <trkpt lat="50.1403117" lon="14.4174350">
        <ele>265.53</ele>
        <time>2026-03-29T06:38:24.000Z</time>
        <course>114.570</course>
        <hdop>1.90</hdop>
      </trkpt>
      <trkpt lat="50.1402983" lon="14.4174633">
        <ele>265.79</ele>
        <time>2026-03-29T06:38:27.000Z</time>
        <course>109.780</course>
        <hdop>1.90</hdop>
      </trkpt>
      <trkpt lat="50.1402867" lon="14.4175017">
        <ele>266.56</ele>
        <time>2026-03-29T06:38:30.000Z</time>
        <course>115.040</course>
        <hdop>1.90</hdop>
      </trkpt>
      <trkpt lat="50.1402783" lon="14.4175367">
        <ele>267.10</ele>
        <time>2026-03-29T06:38:33.000Z</time>
        <course>121.760</course>
        <hdop>1.90</hdop>
      </trkpt>
      <trkpt lat="50.1402767" lon="14.4175617">
        <ele>267.21</ele>
        <time>2026-03-29T06:38:36.000Z</time>
        <course>141.370</course>
        <hdop>2.00</hdop>
      </trkpt>
      <trkpt lat="50.1402783" lon="14.4175650">
        <ele>267.70</ele>
        <time>2026-03-29T06:38:40.000Z</time>
        <course>54.930</course>
        <hdop>2.00</hdop>
      </trkpt>
      <trkpt lat="50.1402733" lon="14.4176333">
        <ele>269.48</ele>
        <time>2026-03-29T06:38:56.000Z</time>
        <course>54.930</course>
        <hdop>2.00</hdop>
      </trkpt>
      <trkpt lat="50.1402600" lon="14.4176700">
        <ele>269.73</ele>
        <time>2026-03-29T06:38:59.000Z</time>
        <course>54.930</course>
        <hdop>1.90</hdop>
      </trkpt>
      <trkpt lat="50.1402450" lon="14.4176750">
        <ele>270.10</ele>
        <time>2026-03-29T06:39:02.000Z</time>
        <course>151.640</course>
        <hdop>1.90</hdop>
      </trkpt>
      <trkpt lat="50.1402383" lon="14.4176717">
        <ele>270.38</ele>
        <time>2026-03-29T06:39:05.000Z</time>
        <course>149.620</course>
        <hdop>1.90</hdop>
      </trkpt>
      <trkpt lat="50.1402400" lon="14.4176850">
        <ele>270.98</ele>
        <time>2026-03-29T06:39:08.000Z</time>
        <course>130.900</course>
        <hdop>1.90</hdop>
      </trkpt>
      <trkpt lat="50.1402283" lon="14.4177150">
        <ele>271.74</ele>
        <time>2026-03-29T06:39:11.000Z</time>
        <course>120.860</course>
        <hdop>1.90</hdop>
      </trkpt>
      <trkpt lat="50.1402150" lon="14.4177483">
        <ele>271.93</ele>
        <time>2026-03-29T06:39:14.000Z</time>
        <course>133.820</course>
        <hdop>2.10</hdop>
      </trkpt>
      <trkpt lat="50.1402033" lon="14.4177850">
        <ele>272.57</ele>
        <time>2026-03-29T06:39:17.000Z</time>
        <course>113.800</course>
        <hdop>2.00</hdop>
      </trkpt>
      <trkpt lat="50.1401833" lon="14.4178167">
        <ele>272.92</ele>
        <time>2026-03-29T06:39:20.000Z</time>
        <course>124.860</course>
        <hdop>2.00</hdop>
      </trkpt>
      <trkpt lat="50.1401783" lon="14.4178517">
        <ele>273.21</ele>
        <time>2026-03-29T06:39:23.000Z</time>
        <course>103.660</course>
        <hdop>1.90</hdop>
      </trkpt>
      <trkpt lat="50.1401667" lon="14.4179000">
        <ele>273.58</ele>
        <time>2026-03-29T06:39:26.000Z</time>
        <course>97.650</course>
        <hdop>1.90</hdop>
      </trkpt>
      <trkpt lat="50.1401483" lon="14.4179317">
        <ele>273.55</ele>
        <time>2026-03-29T06:39:28.000Z</time>
        <course>111.340</course>
        <hdop>1.90</hdop>
      </trkpt>
      <trkpt lat="50.1401350" lon="14.4179600">
        <ele>273.63</ele>
        <time>2026-03-29T06:39:31.000Z</time>
        <course>137.270</course>
        <hdop>1.80</hdop>
      </trkpt>
      <trkpt lat="50.1401217" lon="14.4179867">
        <ele>273.22</ele>
        <time>2026-03-29T06:39:34.000Z</time>
        <course>129.650</course>
        <hdop>1.80</hdop>
      </trkpt>
      <trkpt lat="50.1401083" lon="14.4180100">
        <ele>272.99</ele>
        <time>2026-03-29T06:39:37.000Z</time>
        <course>124.920</course>
        <hdop>1.80</hdop>
      </trkpt>
      <trkpt lat="50.1400917" lon="14.4180400">
        <ele>272.62</ele>
        <time>2026-03-29T06:39:40.000Z</time>
        <course>132.280</course>
        <hdop>1.90</hdop>
      </trkpt>
      <trkpt lat="50.1400767" lon="14.4180683">
        <ele>272.02</ele>
        <time>2026-03-29T06:39:43.000Z</time>
        <course>135.180</course>
        <hdop>1.80</hdop>
      </trkpt>
      <trkpt lat="50.1400633" lon="14.4180983">
        <ele>271.66</ele>
        <time>2026-03-29T06:39:46.000Z</time>
        <course>128.730</course>
        <hdop>1.80</hdop>
      </trkpt>
      <trkpt lat="50.1400567" lon="14.4181383">
        <ele>271.49</ele>
        <time>2026-03-29T06:39:49.000Z</time>
        <course>111.180</course>
        <hdop>1.80</hdop>
      </trkpt>
      <trkpt lat="50.1400517" lon="14.4181767">
        <ele>271.53</ele>
        <time>2026-03-29T06:39:52.000Z</time>
        <course>109.610</course>
        <hdop>1.80</hdop>
      </trkpt>
      <trkpt lat="50.1400500" lon="14.4182233">
        <ele>271.41</ele>
        <time>2026-03-29T06:39:55.000Z</time>
        <course>101.000</course>
        <hdop>1.80</hdop>
      </trkpt>
      <trkpt lat="50.1400500" lon="14.4182583">
        <ele>271.26</ele>
        <time>2026-03-29T06:39:58.000Z</time>
        <course>87.380</course>
        <hdop>1.90</hdop>
      </trkpt>
      <trkpt lat="50.1400517" lon="14.4182983">
        <ele>271.16</ele>
        <time>2026-03-29T06:40:01.000Z</time>
        <course>86.020</course>
        <hdop>1.90</hdop>
      </trkpt>
      <trkpt lat="50.1400550" lon="14.4183117">
        <ele>271.26</ele>
        <time>2026-03-29T06:40:04.000Z</time>
        <course>108.220</course>
        <hdop>1.80</hdop>
      </trkpt>
      <trkpt lat="50.1400667" lon="14.4183617">
        <ele>272.03</ele>
        <time>2026-03-29T06:40:12.000Z</time>
        <course>97.150</course>
        <hdop>1.80</hdop>
      </trkpt>
      <trkpt lat="50.1400567" lon="14.4183983">
        <ele>271.78</ele>
        <time>2026-03-29T06:40:15.000Z</time>
        <course>110.100</course>
        <hdop>1.80</hdop>
      </trkpt>
      <trkpt lat="50.1400533" lon="14.4184500">
        <ele>271.63</ele>
        <time>2026-03-29T06:40:18.000Z</time>
        <course>93.750</course>
        <hdop>1.80</hdop>
      </trkpt>
      <trkpt lat="50.1400417" lon="14.4184983">
        <ele>271.20</ele>
        <time>2026-03-29T06:40:21.000Z</time>
        <course>106.760</course>
        <hdop>1.80</hdop>
      </trkpt>
      <trkpt lat="50.1400350" lon="14.4185433">
        <ele>270.89</ele>
        <time>2026-03-29T06:40:24.000Z</time>
        <course>116.160</course>
        <hdop>2.00</hdop>
      </trkpt>
      <trkpt lat="50.1400300" lon="14.4185833">
        <ele>270.71</ele>
        <time>2026-03-29T06:40:27.000Z</time>
        <course>96.650</course>
        <hdop>1.90</hdop>
      </trkpt>
      <trkpt lat="50.1400133" lon="14.4186233">
        <ele>270.27</ele>
        <time>2026-03-29T06:40:30.000Z</time>
        <course>125.300</course>
        <hdop>1.80</hdop>
      </trkpt>
      <trkpt lat="50.1399983" lon="14.4186783">
        <ele>270.14</ele>
        <time>2026-03-29T06:40:33.000Z</time>
        <course>118.460</course>
        <hdop>1.80</hdop>
      </trkpt>
      <trkpt lat="50.1399933" lon="14.4187200">
        <ele>270.32</ele>
        <time>2026-03-29T06:40:35.000Z</time>
        <course>111.690</course>
        <hdop>1.90</hdop>
      </trkpt>
      <trkpt lat="50.1399833" lon="14.4187667">
        <ele>270.67</ele>
        <time>2026-03-29T06:40:38.000Z</time>
        <course>118.080</course>
        <hdop>1.80</hdop>
      </trkpt>
      <trkpt lat="50.1399800" lon="14.4188117">
        <ele>270.52</ele>
        <time>2026-03-29T06:40:41.000Z</time>
        <course>104.620</course>
        <hdop>1.80</hdop>
      </trkpt>
      <trkpt lat="50.1399817" lon="14.4188567">
        <ele>270.90</ele>
        <time>2026-03-29T06:40:44.000Z</time>
        <course>85.230</course>
        <hdop>1.90</hdop>
      </trkpt>
      <trkpt lat="50.1399867" lon="14.4189000">
        <ele>271.34</ele>
        <time>2026-03-29T06:40:47.000Z</time>
        <course>53.370</course>
        <hdop>2.00</hdop>
      </trkpt>
      <trkpt lat="50.1399867" lon="14.4189333">
        <ele>272.15</ele>
        <time>2026-03-29T06:40:50.000Z</time>
        <course>90.190</course>
        <hdop>1.90</hdop>
      </trkpt>
      <trkpt lat="50.1399800" lon="14.4189400">
        <ele>272.02</ele>
        <time>2026-03-29T06:40:53.000Z</time>
        <course>119.300</course>
        <hdop>1.90</hdop>
      </trkpt>
      <trkpt lat="50.1399800" lon="14.4190000">
        <ele>272.33</ele>
        <time>2026-03-29T06:41:15.000Z</time>
        <course>115.750</course>
        <hdop>2.00</hdop>
      </trkpt>
      <trkpt lat="50.1399750" lon="14.4190300">
        <ele>273.23</ele>
        <time>2026-03-29T06:41:18.000Z</time>
        <course>115.750</course>
        <hdop>2.00</hdop>
      </trkpt>
      <trkpt lat="50.1399783" lon="14.4190583">
        <ele>273.96</ele>
        <time>2026-03-29T06:41:21.000Z</time>
        <course>78.650</course>
        <hdop>2.00</hdop>
      </trkpt>
      <trkpt lat="50.1399967" lon="14.4190950">
        <ele>274.30</ele>
        <time>2026-03-29T06:41:24.000Z</time>
        <course>85.380</course>
        <hdop>2.10</hdop>
      </trkpt>
      <trkpt lat="50.1400083" lon="14.4191467">
        <ele>274.78</ele>
        <time>2026-03-29T06:41:27.000Z</time>
        <course>68.270</course>
        <hdop>2.00</hdop>
      </trkpt>
      <trkpt lat="50.1400200" lon="14.4191817">
        <ele>275.37</ele>
        <time>2026-03-29T06:41:30.000Z</time>
        <course>65.320</course>
        <hdop>1.90</hdop>
      </trkpt>
      <trkpt lat="50.1400183" lon="14.4192150">
        <ele>275.55</ele>
        <time>2026-03-29T06:41:33.000Z</time>
        <course>83.250</course>
        <hdop>1.90</hdop>
      </trkpt>
      <trkpt lat="50.1400150" lon="14.4192400">
        <ele>275.51</ele>
        <time>2026-03-29T06:41:36.000Z</time>
        <course>88.560</course>
        <hdop>1.80</hdop>
      </trkpt>
      <trkpt lat="50.1400067" lon="14.4192683">
        <ele>275.80</ele>
        <time>2026-03-29T06:41:39.000Z</time>
        <course>100.990</course>
        <hdop>1.80</hdop>
      </trkpt>
      <trkpt lat="50.1399900" lon="14.4193150">
        <ele>276.66</ele>
        <time>2026-03-29T06:41:46.000Z</time>
        <course>116.940</course>
        <hdop>1.80</hdop>
      </trkpt>
      <trkpt lat="50.1399817" lon="14.4193400">
        <ele>277.02</ele>
        <time>2026-03-29T06:41:49.000Z</time>
        <course>108.990</course>
        <hdop>1.80</hdop>
      </trkpt>
      <trkpt lat="50.1399683" lon="14.4193683">
        <ele>276.72</ele>
        <time>2026-03-29T06:41:52.000Z</time>
        <course>121.670</course>
        <hdop>1.90</hdop>
      </trkpt>
      <trkpt lat="50.1399600" lon="14.4194033">
        <ele>275.95</ele>
        <time>2026-03-29T06:41:55.000Z</time>
        <course>103.900</course>
        <hdop>1.80</hdop>
      </trkpt>
      <trkpt lat="50.1399517" lon="14.4194550">
        <ele>275.57</ele>
        <time>2026-03-29T06:41:58.000Z</time>
        <course>93.570</course>
        <hdop>1.80</hdop>
      </trkpt>
      <trkpt lat="50.1399467" lon="14.4194867">
        <ele>274.96</ele>
        <time>2026-03-29T06:42:01.000Z</time>
        <course>98.540</course>
        <hdop>1.80</hdop>
      </trkpt>
      <trkpt lat="50.1399400" lon="14.4195233">
        <ele>274.23</ele>
        <time>2026-03-29T06:42:04.000Z</time>
        <course>94.510</course>
        <hdop>1.80</hdop>
      </trkpt>
      <trkpt lat="50.1399333" lon="14.4195600">
        <ele>273.31</ele>
        <time>2026-03-29T06:42:07.000Z</time>
        <course>106.670</course>
        <hdop>1.80</hdop>
      </trkpt>
      <trkpt lat="50.1399200" lon="14.4196067">
        <ele>272.43</ele>
        <time>2026-03-29T06:42:10.000Z</time>
        <course>115.110</course>
        <hdop>1.80</hdop>
      </trkpt>
      <trkpt lat="50.1399033" lon="14.4196550">
        <ele>271.94</ele>
        <time>2026-03-29T06:42:13.000Z</time>
        <course>124.970</course>
        <hdop>1.80</hdop>
      </trkpt>
      <trkpt lat="50.1398967" lon="14.4197017">
        <ele>271.76</ele>
        <time>2026-03-29T06:42:16.000Z</time>
        <course>70.620</course>
        <hdop>1.70</hdop>
      </trkpt>
      <trkpt lat="50.1399083" lon="14.4197333">
        <ele>271.93</ele>
        <time>2026-03-29T06:42:19.000Z</time>
        <course>51.720</course>
        <hdop>1.80</hdop>
      </trkpt>
      <trkpt lat="50.1399133" lon="14.4197467">
        <ele>271.59</ele>
        <time>2026-03-29T06:42:22.000Z</time>
        <course>48.800</course>
        <hdop>1.80</hdop>
      </trkpt>
      <trkpt lat="50.1399183" lon="14.4197683">
        <ele>271.76</ele>
        <time>2026-03-29T06:42:25.000Z</time>
        <course>50.580</course>
        <hdop>1.80</hdop>
      </trkpt>
      <trkpt lat="50.1399233" lon="14.4198000">
        <ele>272.08</ele>
        <time>2026-03-29T06:42:28.000Z</time>
        <course>43.350</course>
        <hdop>2.00</hdop>
      </trkpt>
      <trkpt lat="50.1399267" lon="14.4198317">
        <ele>272.43</ele>
        <time>2026-03-29T06:42:31.000Z</time>
        <course>59.020</course>
        <hdop>2.00</hdop>
      </trkpt>
      <trkpt lat="50.1399183" lon="14.4198550">
        <ele>272.55</ele>
        <time>2026-03-29T06:42:34.000Z</time>
        <course>131.480</course>
        <hdop>1.70</hdop>
      </trkpt>
      <trkpt lat="50.1399100" lon="14.4198633">
        <ele>272.35</ele>
        <time>2026-03-29T06:42:37.000Z</time>
        <course>135.140</course>
        <hdop>1.80</hdop>
      </trkpt>
      <trkpt lat="50.1399017" lon="14.4198867">
        <ele>272.07</ele>
        <time>2026-03-29T06:42:40.000Z</time>
        <course>122.870</course>
        <hdop>1.80</hdop>
      </trkpt>
      <trkpt lat="50.1398833" lon="14.4199200">
        <ele>272.13</ele>
        <time>2026-03-29T06:42:43.000Z</time>
        <course>142.960</course>
        <hdop>1.80</hdop>
      </trkpt>
      <trkpt lat="50.1398650" lon="14.4199567">
        <ele>272.64</ele>
        <time>2026-03-29T06:42:46.000Z</time>
        <course>146.480</course>
        <hdop>1.80</hdop>
      </trkpt>
      <trkpt lat="50.1398483" lon="14.4199917">
        <ele>272.54</ele>
        <time>2026-03-29T06:42:49.000Z</time>
        <course>129.800</course>
        <hdop>1.80</hdop>
      </trkpt>
      <trkpt lat="50.1398400" lon="14.4200217">
        <ele>272.15</ele>
        <time>2026-03-29T06:42:52.000Z</time>
        <course>126.100</course>
        <hdop>1.80</hdop>
      </trkpt>
      <trkpt lat="50.1398283" lon="14.4200683">
        <ele>272.10</ele>
        <time>2026-03-29T06:42:55.000Z</time>
        <course>130.860</course>
        <hdop>1.80</hdop>
      </trkpt>
      <trkpt lat="50.1398167" lon="14.4201117">
        <ele>272.59</ele>
        <time>2026-03-29T06:42:58.000Z</time>
        <course>92.110</course>
        <hdop>1.70</hdop>
      </trkpt>
      <trkpt lat="50.1398167" lon="14.4201483">
        <ele>272.95</ele>
        <time>2026-03-29T06:43:01.000Z</time>
        <course>97.970</course>
        <hdop>1.80</hdop>
      </trkpt>
      <trkpt lat="50.1398150" lon="14.4201817">
        <ele>273.32</ele>
        <time>2026-03-29T06:43:04.000Z</time>
        <course>107.700</course>
        <hdop>1.80</hdop>
      </trkpt>
      <trkpt lat="50.1398150" lon="14.4202317">
        <ele>273.53</ele>
        <time>2026-03-29T06:43:07.000Z</time>
        <course>98.240</course>
        <hdop>1.80</hdop>
      </trkpt>
      <trkpt lat="50.1398100" lon="14.4202683">
        <ele>273.39</ele>
        <time>2026-03-29T06:43:10.000Z</time>
        <course>135.280</course>
        <hdop>1.70</hdop>
      </trkpt>
      <trkpt lat="50.1398033" lon="14.4203067">
        <ele>273.21</ele>
        <time>2026-03-29T06:43:13.000Z</time>
        <course>111.370</course>
        <hdop>1.80</hdop>
      </trkpt>
      <trkpt lat="50.1398083" lon="14.4203250">
        <ele>272.75</ele>
        <time>2026-03-29T06:43:16.000Z</time>
        <course>50.070</course>
        <hdop>1.80</hdop>
      </trkpt>
      <trkpt lat="50.1397933" lon="14.4203400">
        <ele>272.09</ele>
        <time>2026-03-29T06:43:19.000Z</time>
        <course>133.530</course>
        <hdop>1.80</hdop>
      </trkpt>
      <trkpt lat="50.1397817" lon="14.4203767">
        <ele>271.45</ele>
        <time>2026-03-29T06:43:22.000Z</time>
        <course>114.320</course>
        <hdop>1.80</hdop>
      </trkpt>
      <trkpt lat="50.1397617" lon="14.4203950">
        <ele>271.04</ele>
        <time>2026-03-29T06:43:25.000Z</time>
        <course>131.750</course>
        <hdop>1.90</hdop>
      </trkpt>
      <trkpt lat="50.1397317" lon="14.4203967">
        <ele>270.24</ele>
        <time>2026-03-29T06:43:28.000Z</time>
        <course>155.190</course>
        <hdop>1.80</hdop>
      </trkpt>
      <trkpt lat="50.1397200" lon="14.4204217">
        <ele>270.18</ele>
        <time>2026-03-29T06:43:31.000Z</time>
        <course>110.600</course>
        <hdop>1.80</hdop>
      </trkpt>
      <trkpt lat="50.1397133" lon="14.4204783">
        <ele>270.48</ele>
        <time>2026-03-29T06:43:34.000Z</time>
        <course>108.680</course>
        <hdop>1.80</hdop>
      </trkpt>
      <trkpt lat="50.1397133" lon="14.4205200">
        <ele>271.00</ele>
        <time>2026-03-29T06:43:37.000Z</time>
        <course>93.190</course>
        <hdop>1.80</hdop>
      </trkpt>
      <trkpt lat="50.1397150" lon="14.4205517">
        <ele>271.02</ele>
        <time>2026-03-29T06:43:40.000Z</time>
        <course>88.800</course>
        <hdop>1.90</hdop>
      </trkpt>
      <trkpt lat="50.1397250" lon="14.4205567">
        <ele>270.61</ele>
        <time>2026-03-29T06:43:43.000Z</time>
        <course>54.990</course>
        <hdop>1.90</hdop>
      </trkpt>
      <trkpt lat="50.1397383" lon="14.4206050">
        <ele>270.98</ele>
        <time>2026-03-29T06:43:48.000Z</time>
        <course>54.990</course>
        <hdop>1.90</hdop>
      </trkpt>
      <trkpt lat="50.1397283" lon="14.4206467">
        <ele>271.96</ele>
        <time>2026-03-29T06:43:51.000Z</time>
        <course>54.990</course>
        <hdop>1.80</hdop>
      </trkpt>
      <trkpt lat="50.1397100" lon="14.4206817">
        <ele>272.67</ele>
        <time>2026-03-29T06:43:53.000Z</time>
        <course>119.980</course>
        <hdop>1.80</hdop>
      </trkpt>
      <trkpt lat="50.1396850" lon="14.4207250">
        <ele>274.38</ele>
        <time>2026-03-29T06:43:56.000Z</time>
        <course>119.590</course>
        <hdop>1.90</hdop>
      </trkpt>
      <trkpt lat="50.1396767" lon="14.4207733">
        <ele>275.26</ele>
        <time>2026-03-29T06:43:59.000Z</time>
        <course>102.590</course>
        <hdop>1.90</hdop>
      </trkpt>
      <trkpt lat="50.1396817" lon="14.4207967">
        <ele>275.85</ele>
        <time>2026-03-29T06:44:02.000Z</time>
        <course>83.950</course>
        <hdop>1.80</hdop>
      </trkpt>
      <trkpt lat="50.1396833" lon="14.4208433">
        <ele>276.23</ele>
        <time>2026-03-29T06:44:05.000Z</time>
        <course>82.140</course>
        <hdop>1.80</hdop>
      </trkpt>
      <trkpt lat="50.1396917" lon="14.4208867">
        <ele>275.96</ele>
        <time>2026-03-29T06:44:08.000Z</time>
        <course>71.370</course>
        <hdop>1.80</hdop>
      </trkpt>
      <trkpt lat="50.1396933" lon="14.4209333">
        <ele>276.41</ele>
        <time>2026-03-29T06:44:11.000Z</time>
        <course>77.500</course>
        <hdop>1.80</hdop>
      </trkpt>
      <trkpt lat="50.1396933" lon="14.4209933">
        <ele>277.51</ele>
        <time>2026-03-29T06:44:14.000Z</time>
        <course>76.190</course>
        <hdop>1.80</hdop>
      </trkpt>
      <trkpt lat="50.1396967" lon="14.4210467">
        <ele>277.82</ele>
        <time>2026-03-29T06:44:17.000Z</time>
        <course>78.450</course>
        <hdop>1.80</hdop>
      </trkpt>
      <trkpt lat="50.1397050" lon="14.4210917">
        <ele>277.79</ele>
        <time>2026-03-29T06:44:20.000Z</time>
        <course>70.990</course>
        <hdop>1.80</hdop>
      </trkpt>
      <trkpt lat="50.1397050" lon="14.4211550">
        <ele>277.92</ele>
        <time>2026-03-29T06:44:23.000Z</time>
        <course>83.460</course>
        <hdop>1.80</hdop>
      </trkpt>
      <trkpt lat="50.1397050" lon="14.4212133">
        <ele>277.61</ele>
        <time>2026-03-29T06:44:26.000Z</time>
        <course>88.450</course>
        <hdop>1.80</hdop>
      </trkpt>
      <trkpt lat="50.1396933" lon="14.4212717">
        <ele>277.14</ele>
        <time>2026-03-29T06:44:29.000Z</time>
        <course>101.380</course>
        <hdop>1.80</hdop>
      </trkpt>
      <trkpt lat="50.1396850" lon="14.4213167">
        <ele>276.82</ele>
        <time>2026-03-29T06:44:32.000Z</time>
        <course>115.760</course>
        <hdop>1.80</hdop>
      </trkpt>
      <trkpt lat="50.1396750" lon="14.4213700">
        <ele>276.15</ele>
        <time>2026-03-29T06:44:35.000Z</time>
        <course>119.450</course>
        <hdop>1.80</hdop>
      </trkpt>
      <trkpt lat="50.1396667" lon="14.4214117">
        <ele>275.48</ele>
        <time>2026-03-29T06:44:38.000Z</time>
        <course>114.010</course>
        <hdop>1.80</hdop>
      </trkpt>
      <trkpt lat="50.1396633" lon="14.4214583">
        <ele>275.14</ele>
        <time>2026-03-29T06:44:41.000Z</time>
        <course>125.790</course>
        <hdop>1.90</hdop>
      </trkpt>
      <trkpt lat="50.1396533" lon="14.4215183">
        <ele>274.30</ele>
        <time>2026-03-29T06:44:44.000Z</time>
        <course>102.560</course>
        <hdop>1.90</hdop>
      </trkpt>
      <trkpt lat="50.1396500" lon="14.4215700">
        <ele>274.11</ele>
        <time>2026-03-29T06:44:46.000Z</time>
        <course>32.240</course>
        <hdop>1.90</hdop>
      </trkpt>
      <trkpt lat="50.1396433" lon="14.4216150">
        <ele>273.87</ele>
        <time>2026-03-29T06:44:49.000Z</time>
        <course>88.410</course>
        <hdop>1.90</hdop>
      </trkpt>
      <trkpt lat="50.1396333" lon="14.4216683">
        <ele>272.85</ele>
        <time>2026-03-29T06:44:52.000Z</time>
        <course>106.460</course>
        <hdop>1.80</hdop>
      </trkpt>
      <trkpt lat="50.1396167" lon="14.4217067">
        <ele>272.14</ele>
        <time>2026-03-29T06:44:54.000Z</time>
        <course>129.160</course>
        <hdop>1.90</hdop>
      </trkpt>
      <trkpt lat="50.1396117" lon="14.4217500">
        <ele>271.63</ele>
        <time>2026-03-29T06:44:57.000Z</time>
        <course>31.550</course>
        <hdop>1.80</hdop>
      </trkpt>
      <trkpt lat="50.1396083" lon="14.4217750">
        <ele>271.39</ele>
        <time>2026-03-29T06:45:00.000Z</time>
        <course>86.610</course>
        <hdop>1.80</hdop>
      </trkpt>
      <trkpt lat="50.1395950" lon="14.4218017">
        <ele>271.61</ele>
        <time>2026-03-29T06:45:03.000Z</time>
        <course>108.630</course>
        <hdop>2.00</hdop>
      </trkpt>
      <trkpt lat="50.1395817" lon="14.4217967">
        <ele>271.98</ele>
        <time>2026-03-29T06:45:06.000Z</time>
        <course>108.630</course>
        <hdop>1.90</hdop>
      </trkpt>
      <trkpt lat="50.1395533" lon="14.4217883">
        <ele>272.39</ele>
        <time>2026-03-29T06:45:09.000Z</time>
        <course>222.590</course>
        <hdop>1.90</hdop>
      </trkpt>
      <trkpt lat="50.1395383" lon="14.4217900">
        <ele>272.97</ele>
        <time>2026-03-29T06:45:12.000Z</time>
        <course>235.740</course>
        <hdop>1.80</hdop>
      </trkpt>
      <trkpt lat="50.1395167" lon="14.4217933">
        <ele>273.68</ele>
        <time>2026-03-29T06:45:15.000Z</time>
        <course>235.740</course>
        <hdop>1.80</hdop>
      </trkpt>
      <trkpt lat="50.1394967" lon="14.4217933">
        <ele>274.37</ele>
        <time>2026-03-29T06:45:18.000Z</time>
        <course>235.740</course>
        <hdop>1.80</hdop>
      </trkpt>
      <trkpt lat="50.1394917" lon="14.4217800">
        <ele>274.78</ele>
        <time>2026-03-29T06:45:21.000Z</time>
        <course>232.300</course>
        <hdop>1.80</hdop>
      </trkpt>
      <trkpt lat="50.1394667" lon="14.4217133">
        <ele>275.95</ele>
        <time>2026-03-29T06:45:39.000Z</time>
        <course>201.800</course>
        <hdop>1.90</hdop>
      </trkpt>
      <trkpt lat="50.1394567" lon="14.4216883">
        <ele>276.23</ele>
        <time>2026-03-29T06:45:42.000Z</time>
        <course>201.800</course>
        <hdop>2.00</hdop>
      </trkpt>
      <trkpt lat="50.1394417" lon="14.4216667">
        <ele>276.19</ele>
        <time>2026-03-29T06:45:45.000Z</time>
        <course>268.880</course>
        <hdop>2.00</hdop>
      </trkpt>
      <trkpt lat="50.1394250" lon="14.4216633">
        <ele>276.96</ele>
        <time>2026-03-29T06:45:48.000Z</time>
        <course>171.990</course>
        <hdop>1.90</hdop>
      </trkpt>
      <trkpt lat="50.1394017" lon="14.4216883">
        <ele>277.95</ele>
        <time>2026-03-29T06:45:51.000Z</time>
        <course>148.230</course>
        <hdop>1.80</hdop>
      </trkpt>
      <trkpt lat="50.1393750" lon="14.4217200">
        <ele>278.56</ele>
        <time>2026-03-29T06:45:54.000Z</time>
        <course>168.650</course>
        <hdop>1.80</hdop>
      </trkpt>
      <trkpt lat="50.1393550" lon="14.4217283">
        <ele>278.67</ele>
        <time>2026-03-29T06:45:57.000Z</time>
        <course>178.220</course>
        <hdop>1.70</hdop>
      </trkpt>
      <trkpt lat="50.1393267" lon="14.4217300">
        <ele>278.75</ele>
        <time>2026-03-29T06:46:00.000Z</time>
        <course>182.070</course>
        <hdop>1.80</hdop>
      </trkpt>
      <trkpt lat="50.1392950" lon="14.4217317">
        <ele>278.67</ele>
        <time>2026-03-29T06:46:03.000Z</time>
        <course>177.030</course>
        <hdop>1.70</hdop>
      </trkpt>
      <trkpt lat="50.1392550" lon="14.4217400">
        <ele>278.34</ele>
        <time>2026-03-29T06:46:06.000Z</time>
        <course>184.000</course>
        <hdop>1.80</hdop>
      </trkpt>
      <trkpt lat="50.1392417" lon="14.4217383">
        <ele>278.65</ele>
        <time>2026-03-29T06:46:09.000Z</time>
        <course>184.000</course>
        <hdop>1.70</hdop>
      </trkpt>
      <trkpt lat="50.1392350" lon="14.4217367">
        <ele>278.98</ele>
        <time>2026-03-29T06:46:12.000Z</time>
        <course>184.000</course>
        <hdop>1.60</hdop>
      </trkpt>
      <trkpt lat="50.1392267" lon="14.4217617">
        <ele>279.54</ele>
        <time>2026-03-29T06:46:15.000Z</time>
        <course>206.460</course>
        <hdop>1.70</hdop>
      </trkpt>
      <trkpt lat="50.1392200" lon="14.4218167">
        <ele>280.47</ele>
        <time>2026-03-29T06:46:20.000Z</time>
        <course>206.460</course>
        <hdop>1.80</hdop>
      </trkpt>
      <trkpt lat="50.1392217" lon="14.4218567">
        <ele>280.65</ele>
        <time>2026-03-29T06:46:23.000Z</time>
        <course>206.460</course>
        <hdop>1.80</hdop>
      </trkpt>
      <trkpt lat="50.1392233" lon="14.4218933">
        <ele>279.95</ele>
        <time>2026-03-29T06:46:26.000Z</time>
        <course>94.240</course>
        <hdop>1.80</hdop>
      </trkpt>
      <trkpt lat="50.1392283" lon="14.4219483">
        <ele>279.40</ele>
        <time>2026-03-29T06:46:29.000Z</time>
        <course>102.720</course>
        <hdop>1.80</hdop>
      </trkpt>
      <trkpt lat="50.1392183" lon="14.4219900">
        <ele>279.55</ele>
        <time>2026-03-29T06:46:32.000Z</time>
        <course>115.180</course>
        <hdop>1.70</hdop>
      </trkpt>
      <trkpt lat="50.1392083" lon="14.4220083">
        <ele>279.85</ele>
        <time>2026-03-29T06:46:35.000Z</time>
        <course>122.530</course>
        <hdop>1.70</hdop>
      </trkpt>
      <trkpt lat="50.1392117" lon="14.4220017">
        <ele>279.54</ele>
        <time>2026-03-29T06:46:38.000Z</time>
        <course>184.680</course>
        <hdop>1.60</hdop>
      </trkpt>
      <trkpt lat="50.1391900" lon="14.4220000">
        <ele>279.52</ele>
        <time>2026-03-29T06:46:41.000Z</time>
        <course>164.560</course>
        <hdop>1.80</hdop>
      </trkpt>
      <trkpt lat="50.1391483" lon="14.4220067">
        <ele>279.02</ele>
        <time>2026-03-29T06:46:44.000Z</time>
        <course>156.600</course>
        <hdop>1.80</hdop>
      </trkpt>
      <trkpt lat="50.1391233" lon="14.4220117">
        <ele>277.68</ele>
        <time>2026-03-29T06:46:47.000Z</time>
        <course>190.320</course>
        <hdop>1.80</hdop>
      </trkpt>
      <trkpt lat="50.1390933" lon="14.4220000">
        <ele>276.58</ele>
        <time>2026-03-29T06:46:50.000Z</time>
        <course>161.560</course>
        <hdop>1.80</hdop>
      </trkpt>
      <trkpt lat="50.1390767" lon="14.4219933">
        <ele>276.80</ele>
        <time>2026-03-29T06:46:53.000Z</time>
        <course>189.530</course>
        <hdop>1.70</hdop>
      </trkpt>
      <trkpt lat="50.1390550" lon="14.4219733">
        <ele>276.93</ele>
        <time>2026-03-29T06:46:56.000Z</time>
        <course>178.980</course>
        <hdop>1.70</hdop>
      </trkpt>
      <trkpt lat="50.1390267" lon="14.4219733">
        <ele>277.35</ele>
        <time>2026-03-29T06:46:59.000Z</time>
        <course>179.510</course>
        <hdop>1.70</hdop>
      </trkpt>
      <trkpt lat="50.1390050" lon="14.4219733">
        <ele>277.69</ele>
        <time>2026-03-29T06:47:02.000Z</time>
        <course>181.580</course>
        <hdop>1.70</hdop>
      </trkpt>
      <trkpt lat="50.1389950" lon="14.4219650">
        <ele>278.09</ele>
        <time>2026-03-29T06:47:05.000Z</time>
        <course>194.020</course>
        <hdop>1.60</hdop>
      </trkpt>
      <trkpt lat="50.1389800" lon="14.4219600">
        <ele>278.49</ele>
        <time>2026-03-29T06:47:08.000Z</time>
        <course>207.590</course>
        <hdop>1.60</hdop>
      </trkpt>
      <trkpt lat="50.1389583" lon="14.4219567">
        <ele>278.78</ele>
        <time>2026-03-29T06:47:11.000Z</time>
        <course>194.530</course>
        <hdop>1.60</hdop>
      </trkpt>
      <trkpt lat="50.1389350" lon="14.4219650">
        <ele>279.24</ele>
        <time>2026-03-29T06:47:14.000Z</time>
        <course>168.640</course>
        <hdop>1.60</hdop>
      </trkpt>
      <trkpt lat="50.1389150" lon="14.4219817">
        <ele>279.06</ele>
        <time>2026-03-29T06:47:17.000Z</time>
        <course>285.510</course>
        <hdop>1.70</hdop>
      </trkpt>
      <trkpt lat="50.1388983" lon="14.4219650">
        <ele>279.10</ele>
        <time>2026-03-29T06:47:20.000Z</time>
        <course>245.120</course>
        <hdop>1.70</hdop>
      </trkpt>
      <trkpt lat="50.1388700" lon="14.4219600">
        <ele>279.58</ele>
        <time>2026-03-29T06:47:23.000Z</time>
        <course>180.650</course>
        <hdop>1.70</hdop>
      </trkpt>
      <trkpt lat="50.1388383" lon="14.4219667">
        <ele>279.74</ele>
        <time>2026-03-29T06:47:26.000Z</time>
        <course>165.830</course>
        <hdop>1.70</hdop>
      </trkpt>
      <trkpt lat="50.1388083" lon="14.4219767">
        <ele>279.58</ele>
        <time>2026-03-29T06:47:29.000Z</time>
        <course>192.250</course>
        <hdop>1.70</hdop>
      </trkpt>
      <trkpt lat="50.1387833" lon="14.4219767">
        <ele>279.59</ele>
        <time>2026-03-29T06:47:32.000Z</time>
        <course>168.400</course>
        <hdop>1.70</hdop>
      </trkpt>
      <trkpt lat="50.1387617" lon="14.4219950">
        <ele>279.85</ele>
        <time>2026-03-29T06:47:35.000Z</time>
        <course>123.020</course>
        <hdop>1.60</hdop>
      </trkpt>
      <trkpt lat="50.1387483" lon="14.4220300">
        <ele>278.89</ele>
        <time>2026-03-29T06:47:38.000Z</time>
        <course>144.360</course>
        <hdop>1.60</hdop>
      </trkpt>
      <trkpt lat="50.1387333" lon="14.4220767">
        <ele>278.66</ele>
        <time>2026-03-29T06:47:41.000Z</time>
        <course>149.330</course>
        <hdop>1.70</hdop>
      </trkpt>
      <trkpt lat="50.1387083" lon="14.4220917">
        <ele>278.06</ele>
        <time>2026-03-29T06:47:44.000Z</time>
        <course>126.900</course>
        <hdop>1.70</hdop>
      </trkpt>
      <trkpt lat="50.1386917" lon="14.4221067">
        <ele>277.77</ele>
        <time>2026-03-29T06:47:47.000Z</time>
        <course>127.070</course>
        <hdop>1.80</hdop>
      </trkpt>
      <trkpt lat="50.1386817" lon="14.4221433">
        <ele>278.90</ele>
        <time>2026-03-29T06:47:50.000Z</time>
        <course>135.970</course>
        <hdop>1.70</hdop>
      </trkpt>
      <trkpt lat="50.1386683" lon="14.4221867">
        <ele>279.49</ele>
        <time>2026-03-29T06:47:53.000Z</time>
        <course>152.780</course>
        <hdop>1.70</hdop>
      </trkpt>
      <trkpt lat="50.1386567" lon="14.4222317">
        <ele>279.70</ele>
        <time>2026-03-29T06:47:55.000Z</time>
        <course>138.530</course>
        <hdop>1.80</hdop>
      </trkpt>
      <trkpt lat="50.1386433" lon="14.4222783">
        <ele>280.29</ele>
        <time>2026-03-29T06:47:58.000Z</time>
        <course>101.110</course>
        <hdop>1.80</hdop>
      </trkpt>
      <trkpt lat="50.1386317" lon="14.4223250">
        <ele>280.85</ele>
        <time>2026-03-29T06:48:01.000Z</time>
        <course>100.420</course>
        <hdop>1.90</hdop>
      </trkpt>
      <trkpt lat="50.1386333" lon="14.4223817">
        <ele>281.20</ele>
        <time>2026-03-29T06:48:04.000Z</time>
        <course>122.300</course>
        <hdop>1.90</hdop>
      </trkpt>
      <trkpt lat="50.1386183" lon="14.4224183">
        <ele>282.98</ele>
        <time>2026-03-29T06:48:07.000Z</time>
        <course>120.620</course>
        <hdop>1.90</hdop>
      </trkpt>
      <trkpt lat="50.1386083" lon="14.4224533">
        <ele>284.51</ele>
        <time>2026-03-29T06:48:10.000Z</time>
        <course>99.510</course>
        <hdop>1.80</hdop>
      </trkpt>
      <trkpt lat="50.1385950" lon="14.4224833">
        <ele>285.77</ele>
        <time>2026-03-29T06:48:13.000Z</time>
        <course>104.190</course>
        <hdop>1.80</hdop>
      </trkpt>
      <trkpt lat="50.1385867" lon="14.4225117">
        <ele>286.80</ele>
        <time>2026-03-29T06:48:16.000Z</time>
        <course>94.890</course>
        <hdop>1.80</hdop>
      </trkpt>
      <trkpt lat="50.1385933" lon="14.4225450">
        <ele>287.20</ele>
        <time>2026-03-29T06:48:19.000Z</time>
        <course>97.720</course>
        <hdop>1.80</hdop>
      </trkpt>
      <trkpt lat="50.1386017" lon="14.4225867">
        <ele>287.31</ele>
        <time>2026-03-29T06:48:22.000Z</time>
        <course>93.890</course>
        <hdop>1.80</hdop>
      </trkpt>
      <trkpt lat="50.1385950" lon="14.4226217">
        <ele>286.75</ele>
        <time>2026-03-29T06:48:25.000Z</time>
        <course>81.930</course>
        <hdop>1.80</hdop>
      </trkpt>
      <trkpt lat="50.1385950" lon="14.4226450">
        <ele>287.56</ele>
        <time>2026-03-29T06:48:28.000Z</time>
        <course>84.800</course>
        <hdop>1.70</hdop>
      </trkpt>
      <trkpt lat="50.1385967" lon="14.4226717">
        <ele>288.48</ele>
        <time>2026-03-29T06:48:31.000Z</time>
        <course>102.890</course>
        <hdop>1.80</hdop>
      </trkpt>
      <trkpt lat="50.1385900" lon="14.4227017">
        <ele>288.59</ele>
        <time>2026-03-29T06:48:34.000Z</time>
        <course>95.200</course>
        <hdop>1.70</hdop>
      </trkpt>
    </trkseg>
  </trk>
  <trk>
    <extensions>
      <k9:TrackType>DogTrack</k9:TrackType>
    </extensions>
    <name>2026-03-29 09:03</name>
    <trkseg>
      <trkpt lat="50.1413267" lon="14.423325">
        <ele>288.47</ele>
        <time>2026-03-29T07:03:36.999Z</time>
        <speed>0.00</speed>
      </trkpt>
      <trkpt lat="50.1413183" lon="14.4233783">
        <ele>284.92</ele>
        <time>2026-03-29T07:03:37.999Z</time>
        <speed>3.91</speed>
      </trkpt>
      <trkpt lat="50.1413217" lon="14.42343">
        <ele>284.81</ele>
        <time>2026-03-29T07:03:39.999Z</time>
        <speed>1.85</speed>
      </trkpt>
      <trkpt lat="50.1413233" lon="14.4234417">
        <ele>284.7</ele>
        <time>2026-03-29T07:03:42.999Z</time>
        <speed>0.28</speed>
      </trkpt>
      <trkpt lat="50.1413167" lon="14.4234417">
        <ele>284.42</ele>
        <time>2026-03-29T07:03:45.999Z</time>
        <speed>0.24</speed>
      </trkpt>
      <trkpt lat="50.1412983" lon="14.423445">
        <ele>283.96</ele>
        <time>2026-03-29T07:03:48.999Z</time>
        <speed>0.69</speed>
      </trkpt>
      <trkpt lat="50.1412867" lon="14.4234483">
        <ele>283.89</ele>
        <time>2026-03-29T07:03:52.000Z</time>
        <speed>0.44</speed>
      </trkpt>
      <trkpt lat="50.1412533" lon="14.42346">
        <ele>283.2</ele>
        <time>2026-03-29T07:03:55.000Z</time>
        <speed>1.27</speed>
      </trkpt>
      <trkpt lat="50.1412333" lon="14.42348">
        <ele>281.98</ele>
        <time>2026-03-29T07:03:58.000Z</time>
        <speed>0.88</speed>
      </trkpt>
      <trkpt lat="50.14123" lon="14.4235">
        <ele>281.14</ele>
        <time>2026-03-29T07:04:01.000Z</time>
        <speed>0.49</speed>
      </trkpt>
      <trkpt lat="50.1412367" lon="14.423525">
        <ele>280.52</ele>
        <time>2026-03-29T07:04:04.000Z</time>
        <speed>0.64</speed>
      </trkpt>
      <trkpt lat="50.141255" lon="14.4235383">
        <ele>280.66</ele>
        <time>2026-03-29T07:04:56.000Z</time>
        <speed>0.04</speed>
      </trkpt>
      <trkpt lat="50.1412217" lon="14.4235583">
        <ele>280.07</ele>
        <time>2026-03-29T07:05:17.000Z</time>
        <speed>0.19</speed>
      </trkpt>
      <trkpt lat="50.1412333" lon="14.4235417">
        <ele>278.42</ele>
        <time>2026-03-29T07:06:11.000Z</time>
        <speed>0.03</speed>
      </trkpt>
      <trkpt lat="50.141225" lon="14.4235767">
        <ele>278.22</ele>
        <time>2026-03-29T07:06:16.000Z</time>
        <speed>0.53</speed>
      </trkpt>
      <trkpt lat="50.1412117" lon="14.4235633">
        <ele>279.58</ele>
        <time>2026-03-29T07:06:19.000Z</time>
        <speed>0.59</speed>
      </trkpt>
      <trkpt lat="50.1412217" lon="14.423555">
        <ele>281.34</ele>
        <time>2026-03-29T07:06:26.000Z</time>
        <speed>0.18</speed>
      </trkpt>
      <trkpt lat="50.141235" lon="14.4235733">
        <ele>282.99</ele>
        <time>2026-03-29T07:06:29.000Z</time>
        <speed>0.66</speed>
      </trkpt>
      <trkpt lat="50.1412383" lon="14.4235767">
        <ele>283.75</ele>
        <time>2026-03-29T07:06:32.000Z</time>
        <speed>0.15</speed>
      </trkpt>
      <trkpt lat="50.1411967" lon="14.4236783">
        <ele>284.67</ele>
        <time>2026-03-29T07:07:06.000Z</time>
        <speed>0.25</speed>
      </trkpt>
      <trkpt lat="50.14121" lon="14.4236433">
        <ele>285.92</ele>
        <time>2026-03-29T07:07:21.000Z</time>
        <speed>0.19</speed>
      </trkpt>
      <trkpt lat="50.1412267" lon="14.4236767">
        <ele>286.42</ele>
        <time>2026-03-29T07:07:24.000Z</time>
        <speed>1.01</speed>
      </trkpt>
      <trkpt lat="50.14124" lon="14.4237133">
        <ele>286.38</ele>
        <time>2026-03-29T07:07:27.000Z</time>
        <speed>1.00</speed>
      </trkpt>
      <trkpt lat="50.14126" lon="14.4237567">
        <ele>285.91</ele>
        <time>2026-03-29T07:07:30.000Z</time>
        <speed>1.27</speed>
      </trkpt>
      <trkpt lat="50.1412717" lon="14.4237967">
        <ele>285.56</ele>
        <time>2026-03-29T07:07:32.000Z</time>
        <speed>1.57</speed>
      </trkpt>
      <trkpt lat="50.14129" lon="14.4238517">
        <ele>285.54</ele>
        <time>2026-03-29T07:07:35.000Z</time>
        <speed>1.47</speed>
      </trkpt>
      <trkpt lat="50.1412967" lon="14.423895">
        <ele>285.66</ele>
        <time>2026-03-29T07:07:38.000Z</time>
        <speed>1.06</speed>
      </trkpt>
      <trkpt lat="50.1413" lon="14.4239133">
        <ele>285.74</ele>
        <time>2026-03-29T07:07:41.000Z</time>
        <speed>0.45</speed>
      </trkpt>
      <trkpt lat="50.1412883" lon="14.42393">
        <ele>285.75</ele>
        <time>2026-03-29T07:07:44.000Z</time>
        <speed>0.59</speed>
      </trkpt>
      <trkpt lat="50.14126" lon="14.4239517">
        <ele>285.06</ele>
        <time>2026-03-29T07:07:47.000Z</time>
        <speed>1.17</speed>
      </trkpt>
      <trkpt lat="50.1412233" lon="14.4239783">
        <ele>283.97</ele>
        <time>2026-03-29T07:07:50.000Z</time>
        <speed>1.50</speed>
      </trkpt>
      <trkpt lat="50.1411967" lon="14.4239967">
        <ele>282.93</ele>
        <time>2026-03-29T07:07:52.000Z</time>
        <speed>1.62</speed>
      </trkpt>
      <trkpt lat="50.1411667" lon="14.424015">
        <ele>281.47</ele>
        <time>2026-03-29T07:07:55.000Z</time>
        <speed>1.19</speed>
      </trkpt>
      <trkpt lat="50.1411417" lon="14.4240267">
        <ele>280.62</ele>
        <time>2026-03-29T07:07:58.000Z</time>
        <speed>0.97</speed>
      </trkpt>
      <trkpt lat="50.141115" lon="14.4240367">
        <ele>280</ele>
        <time>2026-03-29T07:08:00.000Z</time>
        <speed>1.53</speed>
      </trkpt>
      <trkpt lat="50.141085" lon="14.424035">
        <ele>279.51</ele>
        <time>2026-03-29T07:08:02.000Z</time>
        <speed>1.67</speed>
      </trkpt>
      <trkpt lat="50.1410433" lon="14.4240383">
        <ele>279.13</ele>
        <time>2026-03-29T07:08:04.000Z</time>
        <speed>2.32</speed>
      </trkpt>
      <trkpt lat="50.1409967" lon="14.4240583">
        <ele>279.2</ele>
        <time>2026-03-29T07:08:06.000Z</time>
        <speed>2.69</speed>
      </trkpt>
      <trkpt lat="50.140995" lon="14.4241017">
        <ele>279.38</ele>
        <time>2026-03-29T07:08:09.000Z</time>
        <speed>1.03</speed>
      </trkpt>
      <trkpt lat="50.1409983" lon="14.4241517">
        <ele>279.46</ele>
        <time>2026-03-29T07:08:12.000Z</time>
        <speed>1.19</speed>
      </trkpt>
      <trkpt lat="50.1410083" lon="14.4242117">
        <ele>279.37</ele>
        <time>2026-03-29T07:08:15.000Z</time>
        <speed>1.47</speed>
      </trkpt>
      <trkpt lat="50.1410083" lon="14.42427">
        <ele>279.78</ele>
        <time>2026-03-29T07:08:18.000Z</time>
        <speed>1.39</speed>
      </trkpt>
      <trkpt lat="50.1410167" lon="14.4243133">
        <ele>280.32</ele>
        <time>2026-03-29T07:08:20.000Z</time>
        <speed>1.61</speed>
      </trkpt>
      <trkpt lat="50.14103" lon="14.4243733">
        <ele>280.31</ele>
        <time>2026-03-29T07:08:23.000Z</time>
        <speed>1.51</speed>
      </trkpt>
      <trkpt lat="50.1410383" lon="14.424415">
        <ele>281.13</ele>
        <time>2026-03-29T07:08:25.000Z</time>
        <speed>1.56</speed>
      </trkpt>
      <trkpt lat="50.1410483" lon="14.4244717">
        <ele>281.64</ele>
        <time>2026-03-29T07:08:28.000Z</time>
        <speed>1.40</speed>
      </trkpt>
      <trkpt lat="50.14105" lon="14.4245317">
        <ele>281.81</ele>
        <time>2026-03-29T07:08:31.000Z</time>
        <speed>1.43</speed>
      </trkpt>
      <trkpt lat="50.1410633" lon="14.4245817">
        <ele>281.53</ele>
        <time>2026-03-29T07:08:34.000Z</time>
        <speed>1.29</speed>
      </trkpt>
      <trkpt lat="50.1410783" lon="14.4246133">
        <ele>282.01</ele>
        <time>2026-03-29T07:08:37.000Z</time>
        <speed>0.93</speed>
      </trkpt>
      <trkpt lat="50.1410833" lon="14.4246617">
        <ele>281.98</ele>
        <time>2026-03-29T07:08:40.000Z</time>
        <speed>1.16</speed>
      </trkpt>
      <trkpt lat="50.1410833" lon="14.4246917">
        <ele>281.94</ele>
        <time>2026-03-29T07:08:43.000Z</time>
        <speed>0.71</speed>
      </trkpt>
      <trkpt lat="50.1410933" lon="14.4247383">
        <ele>282.04</ele>
        <time>2026-03-29T07:08:46.000Z</time>
        <speed>1.17</speed>
      </trkpt>
      <trkpt lat="50.1410983" lon="14.42479">
        <ele>282.22</ele>
        <time>2026-03-29T07:08:49.000Z</time>
        <speed>1.24</speed>
      </trkpt>
      <trkpt lat="50.1411167" lon="14.4248583">
        <ele>282.93</ele>
        <time>2026-03-29T07:08:51.000Z</time>
        <speed>2.64</speed>
      </trkpt>
      <trkpt lat="50.14114" lon="14.4249033">
        <ele>283.11</ele>
        <time>2026-03-29T07:08:53.000Z</time>
        <speed>2.06</speed>
      </trkpt>
      <trkpt lat="50.1411733" lon="14.4249583">
        <ele>283.93</ele>
        <time>2026-03-29T07:08:55.000Z</time>
        <speed>2.70</speed>
      </trkpt>
      <trkpt lat="50.1411867" lon="14.4250167">
        <ele>284.73</ele>
        <time>2026-03-29T07:08:57.000Z</time>
        <speed>2.21</speed>
      </trkpt>
      <trkpt lat="50.1411883" lon="14.4250617">
        <ele>285.77</ele>
        <time>2026-03-29T07:08:59.000Z</time>
        <speed>1.61</speed>
      </trkpt>
      <trkpt lat="50.1411933" lon="14.42512">
        <ele>285.89</ele>
        <time>2026-03-29T07:09:01.000Z</time>
        <speed>2.10</speed>
      </trkpt>
      <trkpt lat="50.1411933" lon="14.425175">
        <ele>286.04</ele>
        <time>2026-03-29T07:09:04.000Z</time>
        <speed>1.31</speed>
      </trkpt>
      <trkpt lat="50.1412017" lon="14.4252133">
        <ele>285.78</ele>
        <time>2026-03-29T07:09:07.000Z</time>
        <speed>0.96</speed>
      </trkpt>
      <trkpt lat="50.1412" lon="14.4252617">
        <ele>285.09</ele>
        <time>2026-03-29T07:09:10.000Z</time>
        <speed>1.15</speed>
      </trkpt>
      <trkpt lat="50.1411883" lon="14.4253033">
        <ele>284.75</ele>
        <time>2026-03-29T07:09:13.000Z</time>
        <speed>1.08</speed>
      </trkpt>
      <trkpt lat="50.1411667" lon="14.4253383">
        <ele>283.53</ele>
        <time>2026-03-29T07:09:16.000Z</time>
        <speed>1.16</speed>
      </trkpt>
      <trkpt lat="50.1411483" lon="14.4253533">
        <ele>283.31</ele>
        <time>2026-03-29T07:09:19.000Z</time>
        <speed>0.77</speed>
      </trkpt>
      <trkpt lat="50.1411283" lon="14.4253733">
        <ele>283.12</ele>
        <time>2026-03-29T07:09:22.000Z</time>
        <speed>0.88</speed>
      </trkpt>
      <trkpt lat="50.1411083" lon="14.4253967">
        <ele>282.59</ele>
        <time>2026-03-29T07:09:25.000Z</time>
        <speed>0.93</speed>
      </trkpt>
      <trkpt lat="50.1410967" lon="14.42541">
        <ele>281.68</ele>
        <time>2026-03-29T07:09:28.000Z</time>
        <speed>0.53</speed>
      </trkpt>
      <trkpt lat="50.14109" lon="14.42541">
        <ele>280.93</ele>
        <time>2026-03-29T07:09:31.000Z</time>
        <speed>0.25</speed>
      </trkpt>
      <trkpt lat="50.141095" lon="14.4254267">
        <ele>281.39</ele>
        <time>2026-03-29T07:09:59.000Z</time>
        <speed>0.05</speed>
      </trkpt>
      <trkpt lat="50.14107" lon="14.4254667">
        <ele>281.44</ele>
        <time>2026-03-29T07:10:02.000Z</time>
        <speed>1.33</speed>
      </trkpt>
      <trkpt lat="50.1410433" lon="14.42549">
        <ele>281.29</ele>
        <time>2026-03-29T07:10:05.000Z</time>
        <speed>1.13</speed>
      </trkpt>
      <trkpt lat="50.141005" lon="14.425485">
        <ele>280.38</ele>
        <time>2026-03-29T07:10:08.000Z</time>
        <speed>1.43</speed>
      </trkpt>
      <trkpt lat="50.140975" lon="14.4254883">
        <ele>279.41</ele>
        <time>2026-03-29T07:10:10.000Z</time>
        <speed>1.67</speed>
      </trkpt>
      <trkpt lat="50.1409433" lon="14.425495">
        <ele>277.52</ele>
        <time>2026-03-29T07:10:13.000Z</time>
        <speed>1.19</speed>
      </trkpt>
      <trkpt lat="50.140905" lon="14.425515">
        <ele>275.59</ele>
        <time>2026-03-29T07:10:16.000Z</time>
        <speed>1.50</speed>
      </trkpt>
      <trkpt lat="50.1408917" lon="14.4255567">
        <ele>273.4</ele>
        <time>2026-03-29T07:10:19.000Z</time>
        <speed>1.11</speed>
      </trkpt>
      <trkpt lat="50.1408783" lon="14.42559">
        <ele>271.59</ele>
        <time>2026-03-29T07:10:22.000Z</time>
        <speed>0.93</speed>
      </trkpt>
      <trkpt lat="50.1408567" lon="14.4256117">
        <ele>270.05</ele>
        <time>2026-03-29T07:10:25.000Z</time>
        <speed>0.95</speed>
      </trkpt>
      <trkpt lat="50.1408417" lon="14.42564">
        <ele>268.82</ele>
        <time>2026-03-29T07:10:28.000Z</time>
        <speed>0.87</speed>
      </trkpt>
      <trkpt lat="50.1408183" lon="14.4256833">
        <ele>267.61</ele>
        <time>2026-03-29T07:10:31.000Z</time>
        <speed>1.34</speed>
      </trkpt>
      <trkpt lat="50.14081" lon="14.4257117">
        <ele>266.74</ele>
        <time>2026-03-29T07:10:34.000Z</time>
        <speed>0.74</speed>
      </trkpt>
      <trkpt lat="50.1408133" lon="14.42576">
        <ele>265.31</ele>
        <time>2026-03-29T07:10:37.000Z</time>
        <speed>1.15</speed>
      </trkpt>
      <trkpt lat="50.1408167" lon="14.4258017">
        <ele>264.4</ele>
        <time>2026-03-29T07:10:39.000Z</time>
        <speed>1.50</speed>
      </trkpt>
      <trkpt lat="50.1408233" lon="14.4258517">
        <ele>263.31</ele>
        <time>2026-03-29T07:10:42.000Z</time>
        <speed>1.21</speed>
      </trkpt>
      <trkpt lat="50.14082" lon="14.4259133">
        <ele>262.06</ele>
        <time>2026-03-29T07:10:45.000Z</time>
        <speed>1.47</speed>
      </trkpt>
      <trkpt lat="50.140815" lon="14.4259767">
        <ele>261.11</ele>
        <time>2026-03-29T07:10:48.000Z</time>
        <speed>1.52</speed>
      </trkpt>
      <trkpt lat="50.1408117" lon="14.42602">
        <ele>260.77</ele>
        <time>2026-03-29T07:10:50.000Z</time>
        <speed>1.55</speed>
      </trkpt>
      <trkpt lat="50.1408083" lon="14.426065">
        <ele>260.59</ele>
        <time>2026-03-29T07:10:52.000Z</time>
        <speed>1.61</speed>
      </trkpt>
      <trkpt lat="50.140805" lon="14.4261117">
        <ele>260.51</ele>
        <time>2026-03-29T07:10:54.000Z</time>
        <speed>1.68</speed>
      </trkpt>
      <trkpt lat="50.1407967" lon="14.42617">
        <ele>261.14</ele>
        <time>2026-03-29T07:10:56.000Z</time>
        <speed>2.13</speed>
      </trkpt>
      <trkpt lat="50.1407867" lon="14.4262217">
        <ele>262.51</ele>
        <time>2026-03-29T07:10:58.000Z</time>
        <speed>1.92</speed>
      </trkpt>
      <trkpt lat="50.1407783" lon="14.4262633">
        <ele>264.14</ele>
        <time>2026-03-29T07:11:01.000Z</time>
        <speed>1.04</speed>
      </trkpt>
      <trkpt lat="50.1407733" lon="14.4262933">
        <ele>265.03</ele>
        <time>2026-03-29T07:11:04.000Z</time>
        <speed>0.74</speed>
      </trkpt>
      <trkpt lat="50.14076" lon="14.4263383">
        <ele>265.8</ele>
        <time>2026-03-29T07:11:07.000Z</time>
        <speed>1.18</speed>
      </trkpt>
      <trkpt lat="50.1407483" lon="14.4263833">
        <ele>265.76</ele>
        <time>2026-03-29T07:11:09.000Z</time>
        <speed>1.73</speed>
      </trkpt>
      <trkpt lat="50.1407333" lon="14.4264383">
        <ele>265.01</ele>
        <time>2026-03-29T07:11:12.000Z</time>
        <speed>1.42</speed>
      </trkpt>
      <trkpt lat="50.1407233" lon="14.4264783">
        <ele>264.98</ele>
        <time>2026-03-29T07:11:15.000Z</time>
        <speed>1.02</speed>
      </trkpt>
      <trkpt lat="50.1407183" lon="14.42646">
        <ele>265.14</ele>
        <time>2026-03-29T07:11:18.000Z</time>
        <speed>0.47</speed>
      </trkpt>
      <trkpt lat="50.1407" lon="14.4264067">
        <ele>266.25</ele>
        <time>2026-03-29T07:11:21.000Z</time>
        <speed>1.44</speed>
      </trkpt>
      <trkpt lat="50.1406733" lon="14.42636">
        <ele>266.5</ele>
        <time>2026-03-29T07:11:24.000Z</time>
        <speed>1.49</speed>
      </trkpt>
      <trkpt lat="50.1406567" lon="14.4263083">
        <ele>267.21</ele>
        <time>2026-03-29T07:11:26.000Z</time>
        <speed>2.06</speed>
      </trkpt>
      <trkpt lat="50.14064" lon="14.4262617">
        <ele>267.67</ele>
        <time>2026-03-29T07:11:28.000Z</time>
        <speed>1.90</speed>
      </trkpt>
      <trkpt lat="50.140625" lon="14.42622">
        <ele>268.37</ele>
        <time>2026-03-29T07:11:30.000Z</time>
        <speed>1.70</speed>
      </trkpt>
      <trkpt lat="50.1406067" lon="14.4261883">
        <ele>269.68</ele>
        <time>2026-03-29T07:11:33.000Z</time>
        <speed>1.01</speed>
      </trkpt>
      <trkpt lat="50.14059" lon="14.4261533">
        <ele>270.52</ele>
        <time>2026-03-29T07:11:36.000Z</time>
        <speed>1.04</speed>
      </trkpt>
      <trkpt lat="50.1405567" lon="14.4261367">
        <ele>269.59</ele>
        <time>2026-03-29T07:11:39.000Z</time>
        <speed>1.29</speed>
      </trkpt>
      <trkpt lat="50.1405267" lon="14.4261167">
        <ele>269.06</ele>
        <time>2026-03-29T07:11:42.000Z</time>
        <speed>1.21</speed>
      </trkpt>
      <trkpt lat="50.1404967" lon="14.4260833">
        <ele>268.46</ele>
        <time>2026-03-29T07:11:45.000Z</time>
        <speed>1.37</speed>
      </trkpt>
      <trkpt lat="50.1404867" lon="14.42607">
        <ele>267.96</ele>
        <time>2026-03-29T07:11:48.000Z</time>
        <speed>0.49</speed>
      </trkpt>
      <trkpt lat="50.1404783" lon="14.4260533">
        <ele>268.11</ele>
        <time>2026-03-29T07:11:51.000Z</time>
        <speed>0.51</speed>
      </trkpt>
      <trkpt lat="50.1404517" lon="14.42604">
        <ele>268.31</ele>
        <time>2026-03-29T07:11:54.000Z</time>
        <speed>1.04</speed>
      </trkpt>
      <trkpt lat="50.1404217" lon="14.4260167">
        <ele>268.71</ele>
        <time>2026-03-29T07:11:57.000Z</time>
        <speed>1.24</speed>
      </trkpt>
      <trkpt lat="50.1403967" lon="14.4259783">
        <ele>268.76</ele>
        <time>2026-03-29T07:12:00.000Z</time>
        <speed>1.30</speed>
      </trkpt>
      <trkpt lat="50.1403833" lon="14.4259183">
        <ele>268.33</ele>
        <time>2026-03-29T07:12:03.000Z</time>
        <speed>1.51</speed>
      </trkpt>
      <trkpt lat="50.1403783" lon="14.4258517">
        <ele>267.74</ele>
        <time>2026-03-29T07:12:05.000Z</time>
        <speed>2.39</speed>
      </trkpt>
      <trkpt lat="50.1403783" lon="14.4258083">
        <ele>267.14</ele>
        <time>2026-03-29T07:12:08.000Z</time>
        <speed>1.03</speed>
      </trkpt>
      <trkpt lat="50.1403733" lon="14.4257683">
        <ele>266.43</ele>
        <time>2026-03-29T07:12:11.000Z</time>
        <speed>0.97</speed>
      </trkpt>
      <trkpt lat="50.140375" lon="14.4257083">
        <ele>265.21</ele>
        <time>2026-03-29T07:12:14.000Z</time>
        <speed>1.43</speed>
      </trkpt>
      <trkpt lat="50.1403767" lon="14.4256633">
        <ele>264.86</ele>
        <time>2026-03-29T07:12:16.000Z</time>
        <speed>1.61</speed>
      </trkpt>
      <trkpt lat="50.1403633" lon="14.4256067">
        <ele>264.23</ele>
        <time>2026-03-29T07:12:19.000Z</time>
        <speed>1.43</speed>
      </trkpt>
      <trkpt lat="50.1403633" lon="14.4255683">
        <ele>263.13</ele>
        <time>2026-03-29T07:12:22.000Z</time>
        <speed>0.91</speed>
      </trkpt>
      <trkpt lat="50.1403567" lon="14.425515">
        <ele>263.45</ele>
        <time>2026-03-29T07:12:25.000Z</time>
        <speed>1.29</speed>
      </trkpt>
      <trkpt lat="50.1403533" lon="14.42547">
        <ele>263.5</ele>
        <time>2026-03-29T07:12:27.000Z</time>
        <speed>1.61</speed>
      </trkpt>
      <trkpt lat="50.1403517" lon="14.4254117">
        <ele>263.13</ele>
        <time>2026-03-29T07:12:30.000Z</time>
        <speed>1.39</speed>
      </trkpt>
      <trkpt lat="50.140345" lon="14.42537">
        <ele>262.8</ele>
        <time>2026-03-29T07:12:32.000Z</time>
        <speed>1.53</speed>
      </trkpt>
      <trkpt lat="50.140345" lon="14.4253167">
        <ele>262.18</ele>
        <time>2026-03-29T07:12:35.000Z</time>
        <speed>1.27</speed>
      </trkpt>
      <trkpt lat="50.1403433" lon="14.4252817">
        <ele>262.49</ele>
        <time>2026-03-29T07:12:38.000Z</time>
        <speed>0.83</speed>
      </trkpt>
      <trkpt lat="50.1403467" lon="14.4252817">
        <ele>262.59</ele>
        <time>2026-03-29T07:12:41.000Z</time>
        <speed>0.13</speed>
      </trkpt>
      <trkpt lat="50.140345" lon="14.4252817">
        <ele>262.18</ele>
        <time>2026-03-29T07:12:44.000Z</time>
        <speed>0.06</speed>
      </trkpt>
      <trkpt lat="50.140335" lon="14.4252317">
        <ele>262.11</ele>
        <time>2026-03-29T07:12:48.000Z</time>
        <speed>0.93</speed>
      </trkpt>
      <trkpt lat="50.1403383" lon="14.425185">
        <ele>261.31</ele>
        <time>2026-03-29T07:12:51.000Z</time>
        <speed>1.12</speed>
      </trkpt>
      <trkpt lat="50.1403267" lon="14.425135">
        <ele>260.61</ele>
        <time>2026-03-29T07:12:54.000Z</time>
        <speed>1.26</speed>
      </trkpt>
      <trkpt lat="50.140315" lon="14.4250933">
        <ele>260.32</ele>
        <time>2026-03-29T07:12:56.000Z</time>
        <speed>1.62</speed>
      </trkpt>
      <trkpt lat="50.1403017" lon="14.4250417">
        <ele>260.17</ele>
        <time>2026-03-29T07:12:59.000Z</time>
        <speed>1.32</speed>
      </trkpt>
      <trkpt lat="50.1402917" lon="14.4250017">
        <ele>259.95</ele>
        <time>2026-03-29T07:13:02.000Z</time>
        <speed>1.02</speed>
      </trkpt>
      <trkpt lat="50.1402917" lon="14.4249583">
        <ele>260.71</ele>
        <time>2026-03-29T07:13:04.000Z</time>
        <speed>1.55</speed>
      </trkpt>
      <trkpt lat="50.14029" lon="14.4249183">
        <ele>261.09</ele>
        <time>2026-03-29T07:13:07.000Z</time>
        <speed>0.95</speed>
      </trkpt>
      <trkpt lat="50.1402767" lon="14.4248967">
        <ele>261.14</ele>
        <time>2026-03-29T07:13:10.000Z</time>
        <speed>0.71</speed>
      </trkpt>
      <trkpt lat="50.1402667" lon="14.4248567">
        <ele>260.7</ele>
        <time>2026-03-29T07:13:13.000Z</time>
        <speed>1.02</speed>
      </trkpt>
      <trkpt lat="50.1402533" lon="14.4248183">
        <ele>260.4</ele>
        <time>2026-03-29T07:13:15.000Z</time>
        <speed>1.56</speed>
      </trkpt>
      <trkpt lat="50.140245" lon="14.4247833">
        <ele>260.52</ele>
        <time>2026-03-29T07:13:18.000Z</time>
        <speed>0.89</speed>
      </trkpt>
      <trkpt lat="50.1401883" lon="14.4247733">
        <ele>260.15</ele>
        <time>2026-03-29T07:13:21.000Z</time>
        <speed>2.11</speed>
      </trkpt>
      <trkpt lat="50.14019" lon="14.4247567">
        <ele>260.85</ele>
        <time>2026-03-29T07:13:24.000Z</time>
        <speed>0.40</speed>
      </trkpt>
      <trkpt lat="50.1401733" lon="14.4247417">
        <ele>261.93</ele>
        <time>2026-03-29T07:13:27.000Z</time>
        <speed>0.71</speed>
      </trkpt>
      <trkpt lat="50.140145" lon="14.424745">
        <ele>262.28</ele>
        <time>2026-03-29T07:13:29.000Z</time>
        <speed>1.58</speed>
      </trkpt>
      <trkpt lat="50.1401133" lon="14.4247133">
        <ele>262.66</ele>
        <time>2026-03-29T07:13:32.000Z</time>
        <speed>1.39</speed>
      </trkpt>
      <trkpt lat="50.140085" lon="14.4246733">
        <ele>262.48</ele>
        <time>2026-03-29T07:13:35.000Z</time>
        <speed>1.42</speed>
      </trkpt>
      <trkpt lat="50.1400933" lon="14.4246433">
        <ele>263.58</ele>
        <time>2026-03-29T07:13:38.000Z</time>
        <speed>0.78</speed>
      </trkpt>
      <trkpt lat="50.1400967" lon="14.4246133">
        <ele>263.34</ele>
        <time>2026-03-29T07:13:41.000Z</time>
        <speed>0.72</speed>
      </trkpt>
      <trkpt lat="50.140095" lon="14.42457">
        <ele>262.72</ele>
        <time>2026-03-29T07:13:43.000Z</time>
        <speed>1.54</speed>
      </trkpt>
      <trkpt lat="50.1401" lon="14.4245283">
        <ele>262.94</ele>
        <time>2026-03-29T07:13:45.000Z</time>
        <speed>1.51</speed>
      </trkpt>
      <trkpt lat="50.1401033" lon="14.4244833">
        <ele>262.7</ele>
        <time>2026-03-29T07:13:47.000Z</time>
        <speed>1.61</speed>
      </trkpt>
      <trkpt lat="50.14012" lon="14.4244433">
        <ele>262.85</ele>
        <time>2026-03-29T07:13:49.000Z</time>
        <speed>1.70</speed>
      </trkpt>
      <trkpt lat="50.140125" lon="14.4244117">
        <ele>263.12</ele>
        <time>2026-03-29T07:13:52.000Z</time>
        <speed>0.77</speed>
      </trkpt>
      <trkpt lat="50.140135" lon="14.4244">
        <ele>263.61</ele>
        <time>2026-03-29T07:13:55.000Z</time>
        <speed>0.46</speed>
      </trkpt>
      <trkpt lat="50.14014" lon="14.4243883">
        <ele>263.64</ele>
        <time>2026-03-29T07:13:58.000Z</time>
        <speed>0.33</speed>
      </trkpt>
      <trkpt lat="50.1401417" lon="14.42435">
        <ele>263.47</ele>
        <time>2026-03-29T07:14:01.000Z</time>
        <speed>0.91</speed>
      </trkpt>
      <trkpt lat="50.1401317" lon="14.4242967">
        <ele>262.59</ele>
        <time>2026-03-29T07:14:04.000Z</time>
        <speed>1.32</speed>
      </trkpt>
      <trkpt lat="50.1401217" lon="14.4242483">
        <ele>262.34</ele>
        <time>2026-03-29T07:14:07.000Z</time>
        <speed>1.21</speed>
      </trkpt>
      <trkpt lat="50.1401167" lon="14.424205">
        <ele>261.61</ele>
        <time>2026-03-29T07:14:10.000Z</time>
        <speed>1.04</speed>
      </trkpt>
      <trkpt lat="50.140115" lon="14.4241633">
        <ele>261.06</ele>
        <time>2026-03-29T07:14:13.000Z</time>
        <speed>0.99</speed>
      </trkpt>
      <trkpt lat="50.14012" lon="14.4241183">
        <ele>260.78</ele>
        <time>2026-03-29T07:14:16.000Z</time>
        <speed>1.09</speed>
      </trkpt>
      <trkpt lat="50.1401233" lon="14.4240733">
        <ele>260.34</ele>
        <time>2026-03-29T07:14:19.000Z</time>
        <speed>1.07</speed>
      </trkpt>
      <trkpt lat="50.1401433" lon="14.42403">
        <ele>261.12</ele>
        <time>2026-03-29T07:14:22.000Z</time>
        <speed>1.27</speed>
      </trkpt>
      <trkpt lat="50.1401417" lon="14.423985">
        <ele>261.64</ele>
        <time>2026-03-29T07:14:24.000Z</time>
        <speed>1.61</speed>
      </trkpt>
      <trkpt lat="50.140135" lon="14.4239317">
        <ele>261.91</ele>
        <time>2026-03-29T07:14:27.000Z</time>
        <speed>1.29</speed>
      </trkpt>
      <trkpt lat="50.1401217" lon="14.4238783">
        <ele>261.09</ele>
        <time>2026-03-29T07:14:30.000Z</time>
        <speed>1.36</speed>
      </trkpt>
      <trkpt lat="50.1401183" lon="14.4238433">
        <ele>260.53</ele>
        <time>2026-03-29T07:14:33.000Z</time>
        <speed>0.84</speed>
      </trkpt>
      <trkpt lat="50.1401117" lon="14.4238083">
        <ele>260.42</ele>
        <time>2026-03-29T07:14:36.000Z</time>
        <speed>0.87</speed>
      </trkpt>
      <trkpt lat="50.1401033" lon="14.4237533">
        <ele>261.32</ele>
        <time>2026-03-29T07:14:38.000Z</time>
        <speed>2.01</speed>
      </trkpt>
      <trkpt lat="50.1400883" lon="14.4237033">
        <ele>262.26</ele>
        <time>2026-03-29T07:14:41.000Z</time>
        <speed>1.31</speed>
      </trkpt>
      <trkpt lat="50.1400833" lon="14.4236583">
        <ele>262.5</ele>
        <time>2026-03-29T07:14:43.000Z</time>
        <speed>1.63</speed>
      </trkpt>
      <trkpt lat="50.1400733" lon="14.4235917">
        <ele>262.58</ele>
        <time>2026-03-29T07:14:46.000Z</time>
        <speed>1.62</speed>
      </trkpt>
      <trkpt lat="50.140075" lon="14.4235367">
        <ele>262.62</ele>
        <time>2026-03-29T07:14:48.000Z</time>
        <speed>1.96</speed>
      </trkpt>
      <trkpt lat="50.1400667" lon="14.4234783">
        <ele>262.28</ele>
        <time>2026-03-29T07:14:50.000Z</time>
        <speed>2.13</speed>
      </trkpt>
      <trkpt lat="50.1400733" lon="14.42342">
        <ele>261.85</ele>
        <time>2026-03-29T07:14:52.000Z</time>
        <speed>2.11</speed>
      </trkpt>
      <trkpt lat="50.1400767" lon="14.4233667">
        <ele>262.4</ele>
        <time>2026-03-29T07:14:54.000Z</time>
        <speed>1.91</speed>
      </trkpt>
      <trkpt lat="50.14008" lon="14.4233233">
        <ele>262.98</ele>
        <time>2026-03-29T07:14:56.000Z</time>
        <speed>1.56</speed>
      </trkpt>
      <trkpt lat="50.1401117" lon="14.423295">
        <ele>262.79</ele>
        <time>2026-03-29T07:14:59.000Z</time>
        <speed>1.35</speed>
      </trkpt>
      <trkpt lat="50.1401017" lon="14.42322">
        <ele>263.27</ele>
        <time>2026-03-29T07:15:01.000Z</time>
        <speed>2.73</speed>
      </trkpt>
      <trkpt lat="50.1401233" lon="14.4232533">
        <ele>262.68</ele>
        <time>2026-03-29T07:15:03.000Z</time>
        <speed>1.69</speed>
      </trkpt>
      <trkpt lat="50.1401533" lon="14.423225">
        <ele>262.7</ele>
        <time>2026-03-29T07:15:06.000Z</time>
        <speed>1.30</speed>
      </trkpt>
      <trkpt lat="50.1402233" lon="14.4231767">
        <ele>262.12</ele>
        <time>2026-03-29T07:15:12.000Z</time>
        <speed>1.42</speed>
      </trkpt>
      <trkpt lat="50.1401933" lon="14.4231783">
        <ele>263.17</ele>
        <time>2026-03-29T07:15:14.000Z</time>
        <speed>1.67</speed>
      </trkpt>
      <trkpt lat="50.1401667" lon="14.42317">
        <ele>263.27</ele>
        <time>2026-03-29T07:15:17.000Z</time>
        <speed>1.01</speed>
      </trkpt>
      <trkpt lat="50.14016" lon="14.4231417">
        <ele>263.22</ele>
        <time>2026-03-29T07:15:20.000Z</time>
        <speed>0.72</speed>
      </trkpt>
      <trkpt lat="50.1401783" lon="14.4231033">
        <ele>263.5</ele>
        <time>2026-03-29T07:15:22.000Z</time>
        <speed>1.71</speed>
      </trkpt>
      <trkpt lat="50.140195" lon="14.4230417">
        <ele>263.7</ele>
        <time>2026-03-29T07:15:24.000Z</time>
        <speed>2.38</speed>
      </trkpt>
      <trkpt lat="50.140215" lon="14.42301">
        <ele>263.72</ele>
        <time>2026-03-29T07:15:26.000Z</time>
        <speed>1.59</speed>
      </trkpt>
      <trkpt lat="50.1402517" lon="14.422995">
        <ele>263.94</ele>
        <time>2026-03-29T07:15:29.000Z</time>
        <speed>1.41</speed>
      </trkpt>
      <trkpt lat="50.1402783" lon="14.4229717">
        <ele>265.04</ele>
        <time>2026-03-29T07:15:32.000Z</time>
        <speed>1.13</speed>
      </trkpt>
      <trkpt lat="50.1402933" lon="14.4229367">
        <ele>266.44</ele>
        <time>2026-03-29T07:15:35.000Z</time>
        <speed>1.00</speed>
      </trkpt>
      <trkpt lat="50.1403183" lon="14.422905">
        <ele>267.97</ele>
        <time>2026-03-29T07:15:38.000Z</time>
        <speed>1.19</speed>
      </trkpt>
      <trkpt lat="50.1403383" lon="14.4228683">
        <ele>268.91</ele>
        <time>2026-03-29T07:15:41.000Z</time>
        <speed>1.14</speed>
      </trkpt>
      <trkpt lat="50.1403533" lon="14.4228317">
        <ele>270.59</ele>
        <time>2026-03-29T07:15:43.000Z</time>
        <speed>1.55</speed>
      </trkpt>
      <trkpt lat="50.1403517" lon="14.4227983">
        <ele>272.03</ele>
        <time>2026-03-29T07:15:46.000Z</time>
        <speed>0.79</speed>
      </trkpt>
      <trkpt lat="50.1403483" lon="14.42278">
        <ele>272.18</ele>
        <time>2026-03-29T07:15:49.000Z</time>
        <speed>0.45</speed>
      </trkpt>
      <trkpt lat="50.1403583" lon="14.4227467">
        <ele>272.73</ele>
        <time>2026-03-29T07:15:52.000Z</time>
        <speed>0.87</speed>
      </trkpt>
      <trkpt lat="50.1403683" lon="14.4227483">
        <ele>272.93</ele>
        <time>2026-03-29T07:15:55.000Z</time>
        <speed>0.37</speed>
      </trkpt>
      <trkpt lat="50.1404033" lon="14.4227383">
        <ele>276.01</ele>
        <time>2026-03-29T07:16:17.000Z</time>
        <speed>0.18</speed>
      </trkpt>
      <trkpt lat="50.1403617" lon="14.422715">
        <ele>277.19</ele>
        <time>2026-03-29T07:16:36.000Z</time>
        <speed>0.26</speed>
      </trkpt>
      <trkpt lat="50.140335" lon="14.4226967">
        <ele>277.2</ele>
        <time>2026-03-29T07:16:39.000Z</time>
        <speed>1.08</speed>
      </trkpt>
      <trkpt lat="50.1403067" lon="14.422705">
        <ele>277.01</ele>
        <time>2026-03-29T07:16:42.000Z</time>
        <speed>1.07</speed>
      </trkpt>
      <trkpt lat="50.1402783" lon="14.42272">
        <ele>276.74</ele>
        <time>2026-03-29T07:16:45.000Z</time>
        <speed>1.11</speed>
      </trkpt>
      <trkpt lat="50.1402367" lon="14.4227217">
        <ele>276.15</ele>
        <time>2026-03-29T07:16:48.000Z</time>
        <speed>1.54</speed>
      </trkpt>
      <trkpt lat="50.14021" lon="14.42273">
        <ele>275.98</ele>
        <time>2026-03-29T07:16:51.000Z</time>
        <speed>1.01</speed>
      </trkpt>
      <trkpt lat="50.140215" lon="14.4227167">
        <ele>275.65</ele>
        <time>2026-03-29T07:16:54.000Z</time>
        <speed>0.37</speed>
      </trkpt>
      <trkpt lat="50.1402033" lon="14.42271">
        <ele>274.42</ele>
        <time>2026-03-29T07:16:57.000Z</time>
        <speed>0.46</speed>
      </trkpt>
      <trkpt lat="50.1401517" lon="14.422675">
        <ele>271.34</ele>
        <time>2026-03-29T07:17:24.000Z</time>
        <speed>0.23</speed>
      </trkpt>
      <trkpt lat="50.140125" lon="14.4226567">
        <ele>270.21</ele>
        <time>2026-03-29T07:17:26.000Z</time>
        <speed>1.62</speed>
      </trkpt>
      <trkpt lat="50.1401067" lon="14.4226233">
        <ele>269.64</ele>
        <time>2026-03-29T07:17:28.000Z</time>
        <speed>1.57</speed>
      </trkpt>
      <trkpt lat="50.140085" lon="14.4225917">
        <ele>269.51</ele>
        <time>2026-03-29T07:17:30.000Z</time>
        <speed>1.65</speed>
      </trkpt>
      <trkpt lat="50.1400617" lon="14.4225517">
        <ele>269.59</ele>
        <time>2026-03-29T07:17:32.000Z</time>
        <speed>1.92</speed>
      </trkpt>
      <trkpt lat="50.14005" lon="14.422505">
        <ele>269.33</ele>
        <time>2026-03-29T07:17:34.000Z</time>
        <speed>1.79</speed>
      </trkpt>
      <trkpt lat="50.1400383" lon="14.42246">
        <ele>268.96</ele>
        <time>2026-03-29T07:17:36.000Z</time>
        <speed>1.73</speed>
      </trkpt>
      <trkpt lat="50.140035" lon="14.4224183">
        <ele>268.88</ele>
        <time>2026-03-29T07:17:38.000Z</time>
        <speed>1.50</speed>
      </trkpt>
      <trkpt lat="50.1400283" lon="14.4223633">
        <ele>268.94</ele>
        <time>2026-03-29T07:17:41.000Z</time>
        <speed>1.33</speed>
      </trkpt>
      <trkpt lat="50.14004" lon="14.422315">
        <ele>268.41</ele>
        <time>2026-03-29T07:17:44.000Z</time>
        <speed>1.23</speed>
      </trkpt>
      <trkpt lat="50.1400467" lon="14.422265">
        <ele>267.05</ele>
        <time>2026-03-29T07:17:47.000Z</time>
        <speed>1.21</speed>
      </trkpt>
      <trkpt lat="50.1400633" lon="14.4222283">
        <ele>265.21</ele>
        <time>2026-03-29T07:17:50.000Z</time>
        <speed>1.07</speed>
      </trkpt>
      <trkpt lat="50.14007" lon="14.4221733">
        <ele>263.39</ele>
        <time>2026-03-29T07:17:53.000Z</time>
        <speed>1.33</speed>
      </trkpt>
      <trkpt lat="50.140085" lon="14.42213">
        <ele>261.95</ele>
        <time>2026-03-29T07:17:56.000Z</time>
        <speed>1.17</speed>
      </trkpt>
      <trkpt lat="50.1400883" lon="14.4220867">
        <ele>261.9</ele>
        <time>2026-03-29T07:17:58.000Z</time>
        <speed>1.55</speed>
      </trkpt>
      <trkpt lat="50.1400983" lon="14.4220317">
        <ele>261.69</ele>
        <time>2026-03-29T07:18:01.000Z</time>
        <speed>1.36</speed>
      </trkpt>
      <trkpt lat="50.1401033" lon="14.4219867">
        <ele>261.01</ele>
        <time>2026-03-29T07:18:04.000Z</time>
        <speed>1.09</speed>
      </trkpt>
      <trkpt lat="50.1401083" lon="14.421955">
        <ele>260.06</ele>
        <time>2026-03-29T07:18:07.000Z</time>
        <speed>0.78</speed>
      </trkpt>
      <trkpt lat="50.1401117" lon="14.4219017">
        <ele>259.14</ele>
        <time>2026-03-29T07:18:10.000Z</time>
        <speed>1.27</speed>
      </trkpt>
      <trkpt lat="50.14014" lon="14.421865">
        <ele>257.28</ele>
        <time>2026-03-29T07:18:13.000Z</time>
        <speed>1.36</speed>
      </trkpt>
      <trkpt lat="50.1401633" lon="14.4218367">
        <ele>256.13</ele>
        <time>2026-03-29T07:18:15.000Z</time>
        <speed>1.64</speed>
      </trkpt>
      <trkpt lat="50.1401917" lon="14.4217217">
        <ele>253.02</ele>
        <time>2026-03-29T07:18:19.000Z</time>
        <speed>2.19</speed>
      </trkpt>
      <trkpt lat="50.1401833" lon="14.42168">
        <ele>250.52</ele>
        <time>2026-03-29T07:18:22.000Z</time>
        <speed>1.04</speed>
      </trkpt>
      <trkpt lat="50.1401867" lon="14.4216317">
        <ele>247.96</ele>
        <time>2026-03-29T07:18:25.000Z</time>
        <speed>1.16</speed>
      </trkpt>
      <trkpt lat="50.1401617" lon="14.4215983">
        <ele>246.29</ele>
        <time>2026-03-29T07:18:28.000Z</time>
        <speed>1.22</speed>
      </trkpt>
      <trkpt lat="50.140145" lon="14.4215583">
        <ele>245.45</ele>
        <time>2026-03-29T07:18:31.000Z</time>
        <speed>1.13</speed>
      </trkpt>
      <trkpt lat="50.1401317" lon="14.4215233">
        <ele>245.38</ele>
        <time>2026-03-29T07:18:34.000Z</time>
        <speed>0.97</speed>
      </trkpt>
      <trkpt lat="50.140115" lon="14.4214933">
        <ele>244.73</ele>
        <time>2026-03-29T07:18:37.000Z</time>
        <speed>0.94</speed>
      </trkpt>
      <trkpt lat="50.1400967" lon="14.4214783">
        <ele>243.57</ele>
        <time>2026-03-29T07:18:40.000Z</time>
        <speed>0.77</speed>
      </trkpt>
      <trkpt lat="50.1400783" lon="14.4214433">
        <ele>242.18</ele>
        <time>2026-03-29T07:18:43.000Z</time>
        <speed>1.07</speed>
      </trkpt>
      <trkpt lat="50.1400717" lon="14.4214033">
        <ele>241.22</ele>
        <time>2026-03-29T07:18:46.000Z</time>
        <speed>0.98</speed>
      </trkpt>
      <trkpt lat="50.1400683" lon="14.4213383">
        <ele>240.59</ele>
        <time>2026-03-29T07:18:51.000Z</time>
        <speed>0.93</speed>
      </trkpt>
      <trkpt lat="50.140065" lon="14.42129">
        <ele>240.24</ele>
        <time>2026-03-29T07:18:53.000Z</time>
        <speed>1.73</speed>
      </trkpt>
      <trkpt lat="50.1400483" lon="14.42123">
        <ele>239.42</ele>
        <time>2026-03-29T07:18:56.000Z</time>
        <speed>1.55</speed>
      </trkpt>
      <trkpt lat="50.1400133" lon="14.4211867">
        <ele>239.3</ele>
        <time>2026-03-29T07:18:59.000Z</time>
        <speed>1.66</speed>
      </trkpt>
      <trkpt lat="50.140005" lon="14.4211583">
        <ele>238.71</ele>
        <time>2026-03-29T07:19:02.000Z</time>
        <speed>0.74</speed>
      </trkpt>
      <trkpt lat="50.139985" lon="14.4211267">
        <ele>238.58</ele>
        <time>2026-03-29T07:19:05.000Z</time>
        <speed>1.06</speed>
      </trkpt>
      <trkpt lat="50.1399883" lon="14.421125">
        <ele>237.81</ele>
        <time>2026-03-29T07:19:08.000Z</time>
        <speed>0.13</speed>
      </trkpt>
      <trkpt lat="50.1399517" lon="14.4209717">
        <ele>258.73</ele>
        <time>2026-03-29T07:19:23.000Z</time>
        <speed>0.78</speed>
      </trkpt>
      <trkpt lat="50.1399683" lon="14.4209233">
        <ele>261.21</ele>
        <time>2026-03-29T07:19:24.000Z</time>
        <speed>3.91</speed>
      </trkpt>
      <trkpt lat="50.1399683" lon="14.4208817">
        <ele>262.21</ele>
        <time>2026-03-29T07:19:27.000Z</time>
        <speed>0.99</speed>
      </trkpt>
      <trkpt lat="50.1399567" lon="14.420845">
        <ele>259.82</ele>
        <time>2026-03-29T07:19:31.000Z</time>
        <speed>0.73</speed>
      </trkpt>
      <trkpt lat="50.13996" lon="14.420815">
        <ele>257.94</ele>
        <time>2026-03-29T07:19:34.000Z</time>
        <speed>0.72</speed>
      </trkpt>
      <trkpt lat="50.1399817" lon="14.42074">
        <ele>255.06</ele>
        <time>2026-03-29T07:19:38.000Z</time>
        <speed>1.47</speed>
      </trkpt>
      <trkpt lat="50.1399917" lon="14.4206667">
        <ele>253.33</ele>
        <time>2026-03-29T07:19:40.000Z</time>
        <speed>2.67</speed>
      </trkpt>
      <trkpt lat="50.1400017" lon="14.4206167">
        <ele>253.13</ele>
        <time>2026-03-29T07:19:43.000Z</time>
        <speed>1.24</speed>
      </trkpt>
      <trkpt lat="50.14002" lon="14.420595">
        <ele>252.43</ele>
        <time>2026-03-29T07:19:46.000Z</time>
        <speed>0.85</speed>
      </trkpt>
      <trkpt lat="50.1400333" lon="14.42057">
        <ele>252.06</ele>
        <time>2026-03-29T07:19:49.000Z</time>
        <speed>0.77</speed>
      </trkpt>
      <trkpt lat="50.1400467" lon="14.4205467">
        <ele>251.74</ele>
        <time>2026-03-29T07:19:52.000Z</time>
        <speed>0.74</speed>
      </trkpt>
      <trkpt lat="50.1400633" lon="14.42053">
        <ele>251.43</ele>
        <time>2026-03-29T07:19:55.000Z</time>
        <speed>0.73</speed>
      </trkpt>
      <trkpt lat="50.14007" lon="14.42052">
        <ele>250.98</ele>
        <time>2026-03-29T07:19:58.000Z</time>
        <speed>0.34</speed>
      </trkpt>
      <trkpt lat="50.1400933" lon="14.42048">
        <ele>250.41</ele>
        <time>2026-03-29T07:20:07.000Z</time>
        <speed>0.43</speed>
      </trkpt>
      <trkpt lat="50.1400983" lon="14.42052">
        <ele>251.85</ele>
        <time>2026-03-29T07:20:15.000Z</time>
        <speed>0.36</speed>
      </trkpt>
      <trkpt lat="50.1400833" lon="14.4205067">
        <ele>253.14</ele>
        <time>2026-03-29T07:20:20.000Z</time>
        <speed>0.38</speed>
      </trkpt>
      <trkpt lat="50.1401333" lon="14.4204233">
        <ele>259.58</ele>
        <time>2026-03-29T07:20:40.000Z</time>
        <speed>0.41</speed>
      </trkpt>
      <trkpt lat="50.14015" lon="14.4204017">
        <ele>261.53</ele>
        <time>2026-03-29T07:20:43.000Z</time>
        <speed>0.80</speed>
      </trkpt>
      <trkpt lat="50.140175" lon="14.4203683">
        <ele>261.49</ele>
        <time>2026-03-29T07:20:46.000Z</time>
        <speed>1.22</speed>
      </trkpt>
      <trkpt lat="50.1401883" lon="14.4203233">
        <ele>261.48</ele>
        <time>2026-03-29T07:20:48.000Z</time>
        <speed>1.77</speed>
      </trkpt>
      <trkpt lat="50.1402017" lon="14.4202817">
        <ele>261.21</ele>
        <time>2026-03-29T07:20:51.000Z</time>
        <speed>1.11</speed>
      </trkpt>
      <trkpt lat="50.1402183" lon="14.42024">
        <ele>261.06</ele>
        <time>2026-03-29T07:20:54.000Z</time>
        <speed>1.17</speed>
      </trkpt>
      <trkpt lat="50.1402317" lon="14.4202033">
        <ele>260.84</ele>
        <time>2026-03-29T07:20:57.000Z</time>
        <speed>1.00</speed>
      </trkpt>
      <trkpt lat="50.1402483" lon="14.4201867">
        <ele>260.59</ele>
        <time>2026-03-29T07:21:00.000Z</time>
        <speed>0.73</speed>
      </trkpt>
      <trkpt lat="50.1402617" lon="14.4201533">
        <ele>260.44</ele>
        <time>2026-03-29T07:21:03.000Z</time>
        <speed>0.94</speed>
      </trkpt>
      <trkpt lat="50.140285" lon="14.420125">
        <ele>259.88</ele>
        <time>2026-03-29T07:21:06.000Z</time>
        <speed>1.09</speed>
      </trkpt>
      <trkpt lat="50.140305" lon="14.42008">
        <ele>259.45</ele>
        <time>2026-03-29T07:21:09.000Z</time>
        <speed>1.30</speed>
      </trkpt>
      <trkpt lat="50.14032" lon="14.4200433">
        <ele>259.14</ele>
        <time>2026-03-29T07:21:11.000Z</time>
        <speed>1.55</speed>
      </trkpt>
      <trkpt lat="50.14034" lon="14.4199983">
        <ele>258.53</ele>
        <time>2026-03-29T07:21:13.000Z</time>
        <speed>1.95</speed>
      </trkpt>
      <trkpt lat="50.1403583" lon="14.41996">
        <ele>257.77</ele>
        <time>2026-03-29T07:21:15.000Z</time>
        <speed>1.70</speed>
      </trkpt>
      <trkpt lat="50.1403817" lon="14.419915">
        <ele>256.35</ele>
        <time>2026-03-29T07:21:18.000Z</time>
        <speed>1.38</speed>
      </trkpt>
      <trkpt lat="50.1403983" lon="14.4198783">
        <ele>255.62</ele>
        <time>2026-03-29T07:21:21.000Z</time>
        <speed>1.07</speed>
      </trkpt>
      <trkpt lat="50.1404267" lon="14.41982">
        <ele>255.52</ele>
        <time>2026-03-29T07:21:23.000Z</time>
        <speed>2.61</speed>
      </trkpt>
      <trkpt lat="50.140455" lon="14.4197783">
        <ele>255.65</ele>
        <time>2026-03-29T07:21:25.000Z</time>
        <speed>2.16</speed>
      </trkpt>
      <trkpt lat="50.14048" lon="14.419725">
        <ele>256.18</ele>
        <time>2026-03-29T07:21:27.000Z</time>
        <speed>2.35</speed>
      </trkpt>
      <trkpt lat="50.1404967" lon="14.419675">
        <ele>255.32</ele>
        <time>2026-03-29T07:21:30.000Z</time>
        <speed>1.34</speed>
      </trkpt>
      <trkpt lat="50.140515" lon="14.419635">
        <ele>254.05</ele>
        <time>2026-03-29T07:21:33.000Z</time>
        <speed>1.17</speed>
      </trkpt>
      <trkpt lat="50.140525" lon="14.4196017">
        <ele>252.79</ele>
        <time>2026-03-29T07:21:36.000Z</time>
        <speed>0.87</speed>
      </trkpt>
      <trkpt lat="50.1405233" lon="14.41956">
        <ele>250.77</ele>
        <time>2026-03-29T07:21:39.000Z</time>
        <speed>0.99</speed>
      </trkpt>
      <trkpt lat="50.14053" lon="14.4195">
        <ele>250.44</ele>
        <time>2026-03-29T07:21:42.000Z</time>
        <speed>1.45</speed>
      </trkpt>
      <trkpt lat="50.1405333" lon="14.41945">
        <ele>250.92</ele>
        <time>2026-03-29T07:21:44.000Z</time>
        <speed>1.79</speed>
      </trkpt>
      <trkpt lat="50.1405433" lon="14.4193983">
        <ele>251.48</ele>
        <time>2026-03-29T07:21:46.000Z</time>
        <speed>1.92</speed>
      </trkpt>
      <trkpt lat="50.1405667" lon="14.4193667">
        <ele>252.04</ele>
        <time>2026-03-29T07:21:48.000Z</time>
        <speed>1.72</speed>
      </trkpt>
      <trkpt lat="50.14059" lon="14.4193383">
        <ele>251.87</ele>
        <time>2026-03-29T07:21:50.000Z</time>
        <speed>1.64</speed>
      </trkpt>
      <trkpt lat="50.14061" lon="14.4193233">
        <ele>251.89</ele>
        <time>2026-03-29T07:21:53.000Z</time>
        <speed>0.82</speed>
      </trkpt>
      <trkpt lat="50.140625" lon="14.4192967">
        <ele>253.39</ele>
        <time>2026-03-29T07:21:56.000Z</time>
        <speed>0.84</speed>
      </trkpt>
      <trkpt lat="50.140645" lon="14.4192883">
        <ele>254.96</ele>
        <time>2026-03-29T07:21:59.000Z</time>
        <speed>0.77</speed>
      </trkpt>
      <trkpt lat="50.140655" lon="14.419285">
        <ele>255.96</ele>
        <time>2026-03-29T07:22:04.000Z</time>
        <speed>0.23</speed>
      </trkpt>
      <trkpt lat="50.1406717" lon="14.4192983">
        <ele>255.82</ele>
        <time>2026-03-29T07:22:07.000Z</time>
        <speed>0.69</speed>
      </trkpt>
      <trkpt lat="50.14069" lon="14.4192967">
        <ele>254.67</ele>
        <time>2026-03-29T07:22:10.000Z</time>
        <speed>0.68</speed>
      </trkpt>
      <trkpt lat="50.1406783" lon="14.41929">
        <ele>254.24</ele>
        <time>2026-03-29T07:22:13.000Z</time>
        <speed>0.46</speed>
      </trkpt>
      <trkpt lat="50.14067" lon="14.4192767">
        <ele>255.69</ele>
        <time>2026-03-29T07:22:26.000Z</time>
        <speed>0.10</speed>
      </trkpt>
      <trkpt lat="50.1406783" lon="14.4192417">
        <ele>255.93</ele>
        <time>2026-03-29T07:22:29.000Z</time>
        <speed>0.89</speed>
      </trkpt>
      <trkpt lat="50.140705" lon="14.41924">
        <ele>255.94</ele>
        <time>2026-03-29T07:22:32.000Z</time>
        <speed>0.99</speed>
      </trkpt>
      <trkpt lat="50.140705" lon="14.4192517">
        <ele>256.43</ele>
        <time>2026-03-29T07:22:35.000Z</time>
        <speed>0.28</speed>
      </trkpt>
      <trkpt lat="50.1407133" lon="14.4193">
        <ele>258.1</ele>
        <time>2026-03-29T07:22:38.000Z</time>
        <speed>1.19</speed>
      </trkpt>
      <trkpt lat="50.1407267" lon="14.4193417">
        <ele>260.77</ele>
        <time>2026-03-29T07:22:41.000Z</time>
        <speed>1.11</speed>
      </trkpt>
      <trkpt lat="50.1407583" lon="14.4193567">
        <ele>262.44</ele>
        <time>2026-03-29T07:22:43.000Z</time>
        <speed>1.84</speed>
      </trkpt>
      <trkpt lat="50.1407667" lon="14.4193533">
        <ele>265.28</ele>
        <time>2026-03-29T07:22:46.000Z</time>
        <speed>0.32</speed>
      </trkpt>
      <trkpt lat="50.140775" lon="14.4193267">
        <ele>266.16</ele>
        <time>2026-03-29T07:22:49.000Z</time>
        <speed>0.70</speed>
      </trkpt>
      <trkpt lat="50.14077" lon="14.4193167">
        <ele>266.67</ele>
        <time>2026-03-29T07:22:52.000Z</time>
        <speed>0.30</speed>
      </trkpt>
      <trkpt lat="50.1407483" lon="14.41931">
        <ele>265.55</ele>
        <time>2026-03-29T07:22:55.000Z</time>
        <speed>0.82</speed>
      </trkpt>
      <trkpt lat="50.140755" lon="14.4192883">
        <ele>263.79</ele>
        <time>2026-03-29T07:22:58.000Z</time>
        <speed>0.57</speed>
      </trkpt>
      <trkpt lat="50.1407517" lon="14.4192633">
        <ele>263.13</ele>
        <time>2026-03-29T07:23:01.000Z</time>
        <speed>0.61</speed>
      </trkpt>
      <trkpt lat="50.1407633" lon="14.419255">
        <ele>263.42</ele>
        <time>2026-03-29T07:23:04.000Z</time>
        <speed>0.47</speed>
      </trkpt>
      <trkpt lat="50.1407767" lon="14.41923">
        <ele>263.1</ele>
        <time>2026-03-29T07:23:07.000Z</time>
        <speed>0.78</speed>
      </trkpt>
      <trkpt lat="50.14079" lon="14.41921">
        <ele>262.43</ele>
        <time>2026-03-29T07:23:10.000Z</time>
        <speed>0.68</speed>
      </trkpt>
      <trkpt lat="50.1408033" lon="14.4191833">
        <ele>261.52</ele>
        <time>2026-03-29T07:23:13.000Z</time>
        <speed>0.80</speed>
      </trkpt>
      <trkpt lat="50.1408133" lon="14.419135">
        <ele>261.2</ele>
        <time>2026-03-29T07:23:16.000Z</time>
        <speed>1.21</speed>
      </trkpt>
      <trkpt lat="50.1408167" lon="14.41909">
        <ele>260.89</ele>
        <time>2026-03-29T07:23:19.000Z</time>
        <speed>1.07</speed>
      </trkpt>
      <trkpt lat="50.1408183" lon="14.4190417">
        <ele>260.63</ele>
        <time>2026-03-29T07:23:22.000Z</time>
        <speed>1.15</speed>
      </trkpt>
      <trkpt lat="50.1408067" lon="14.4189917">
        <ele>261.16</ele>
        <time>2026-03-29T07:23:25.000Z</time>
        <speed>1.26</speed>
      </trkpt>
      <trkpt lat="50.140795" lon="14.41894">
        <ele>261.29</ele>
        <time>2026-03-29T07:23:28.000Z</time>
        <speed>1.30</speed>
      </trkpt>
      <trkpt lat="50.1408" lon="14.4189183">
        <ele>262.26</ele>
        <time>2026-03-29T07:23:31.000Z</time>
        <speed>0.55</speed>
      </trkpt>
      <trkpt lat="50.1407867" lon="14.4188783">
        <ele>263.87</ele>
        <time>2026-03-29T07:23:34.000Z</time>
        <speed>1.07</speed>
      </trkpt>
      <trkpt lat="50.1407817" lon="14.418865">
        <ele>264.07</ele>
        <time>2026-03-29T07:23:37.000Z</time>
        <speed>0.37</speed>
      </trkpt>
      <trkpt lat="50.1407933" lon="14.41885">
        <ele>263.58</ele>
        <time>2026-03-29T07:23:40.000Z</time>
        <speed>0.56</speed>
      </trkpt>
      <trkpt lat="50.1407817" lon="14.4188033">
        <ele>263.11</ele>
        <time>2026-03-29T07:23:43.000Z</time>
        <speed>1.19</speed>
      </trkpt>
      <trkpt lat="50.1407733" lon="14.4187633">
        <ele>263.23</ele>
        <time>2026-03-29T07:23:45.000Z</time>
        <speed>1.50</speed>
      </trkpt>
      <trkpt lat="50.1407633" lon="14.4187167">
        <ele>264.2</ele>
        <time>2026-03-29T07:23:48.000Z</time>
        <speed>1.17</speed>
      </trkpt>
      <trkpt lat="50.1407583" lon="14.418695">
        <ele>265.57</ele>
        <time>2026-03-29T07:23:51.000Z</time>
        <speed>0.55</speed>
      </trkpt>
      <trkpt lat="50.140775" lon="14.4186817">
        <ele>266.07</ele>
        <time>2026-03-29T07:23:54.000Z</time>
        <speed>0.69</speed>
      </trkpt>
      <trkpt lat="50.1407817" lon="14.4186683">
        <ele>266.42</ele>
        <time>2026-03-29T07:23:57.000Z</time>
        <speed>0.40</speed>
      </trkpt>
      <trkpt lat="50.1407767" lon="14.4186583">
        <ele>266.55</ele>
        <time>2026-03-29T07:24:00.000Z</time>
        <speed>0.30</speed>
      </trkpt>
      <trkpt lat="50.1407717" lon="14.4185917">
        <ele>266.42</ele>
        <time>2026-03-29T07:24:02.000Z</time>
        <speed>2.39</speed>
      </trkpt>
      <trkpt lat="50.1407583" lon="14.4185433">
        <ele>265.59</ele>
        <time>2026-03-29T07:24:04.000Z</time>
        <speed>1.88</speed>
      </trkpt>
      <trkpt lat="50.140745" lon="14.4185033">
        <ele>266.23</ele>
        <time>2026-03-29T07:24:07.000Z</time>
        <speed>1.07</speed>
      </trkpt>
      <trkpt lat="50.1407783" lon="14.4184783">
        <ele>266.73</ele>
        <time>2026-03-29T07:24:10.000Z</time>
        <speed>1.37</speed>
      </trkpt>
      <trkpt lat="50.1408133" lon="14.4184767">
        <ele>267.8</ele>
        <time>2026-03-29T07:24:12.000Z</time>
        <speed>1.95</speed>
      </trkpt>
      <trkpt lat="50.1408367" lon="14.4184683">
        <ele>268.22</ele>
        <time>2026-03-29T07:24:15.000Z</time>
        <speed>0.89</speed>
      </trkpt>
      <trkpt lat="50.1408633" lon="14.4184833">
        <ele>268.08</ele>
        <time>2026-03-29T07:24:17.000Z</time>
        <speed>1.57</speed>
      </trkpt>
      <trkpt lat="50.1408833" lon="14.4185117">
        <ele>267.5</ele>
        <time>2026-03-29T07:24:20.000Z</time>
        <speed>1.00</speed>
      </trkpt>
      <trkpt lat="50.1408833" lon="14.418505">
        <ele>266.87</ele>
        <time>2026-03-29T07:24:23.000Z</time>
        <speed>0.16</speed>
      </trkpt>
      <trkpt lat="50.1408983" lon="14.4185117">
        <ele>266.53</ele>
        <time>2026-03-29T07:24:26.000Z</time>
        <speed>0.58</speed>
      </trkpt>
      <trkpt lat="50.140925" lon="14.4185217">
        <ele>266.44</ele>
        <time>2026-03-29T07:24:28.000Z</time>
        <speed>1.53</speed>
      </trkpt>
      <trkpt lat="50.1409517" lon="14.418555">
        <ele>266.27</ele>
        <time>2026-03-29T07:24:30.000Z</time>
        <speed>1.90</speed>
      </trkpt>
      <trkpt lat="50.140975" lon="14.41859">
        <ele>266.24</ele>
        <time>2026-03-29T07:24:32.000Z</time>
        <speed>1.80</speed>
      </trkpt>
      <trkpt lat="50.14101" lon="14.4186183">
        <ele>266.52</ele>
        <time>2026-03-29T07:24:34.000Z</time>
        <speed>2.19</speed>
      </trkpt>
      <trkpt lat="50.1410517" lon="14.41864">
        <ele>265.56</ele>
        <time>2026-03-29T07:24:37.000Z</time>
        <speed>1.63</speed>
      </trkpt>
      <trkpt lat="50.141085" lon="14.4186367">
        <ele>266.53</ele>
        <time>2026-03-29T07:24:39.000Z</time>
        <speed>1.86</speed>
      </trkpt>
      <trkpt lat="50.1411117" lon="14.4186267">
        <ele>267.75</ele>
        <time>2026-03-29T07:24:41.000Z</time>
        <speed>1.53</speed>
      </trkpt>
      <trkpt lat="50.1411317" lon="14.4186367">
        <ele>268.27</ele>
        <time>2026-03-29T07:24:44.000Z</time>
        <speed>0.78</speed>
      </trkpt>
      <trkpt lat="50.1411517" lon="14.418665">
        <ele>268.44</ele>
        <time>2026-03-29T07:24:46.000Z</time>
        <speed>1.50</speed>
      </trkpt>
      <trkpt lat="50.14118" lon="14.4187017">
        <ele>268.12</ele>
        <time>2026-03-29T07:24:48.000Z</time>
        <speed>2.05</speed>
      </trkpt>
      <trkpt lat="50.14121" lon="14.4187267">
        <ele>268.15</ele>
        <time>2026-03-29T07:24:51.000Z</time>
        <speed>1.26</speed>
      </trkpt>
      <trkpt lat="50.1412367" lon="14.41876">
        <ele>267.49</ele>
        <time>2026-03-29T07:24:54.000Z</time>
        <speed>1.27</speed>
      </trkpt>
      <trkpt lat="50.14126" lon="14.4187883">
        <ele>266.6</ele>
        <time>2026-03-29T07:24:56.000Z</time>
        <speed>1.64</speed>
      </trkpt>
      <trkpt lat="50.141295" lon="14.4188033">
        <ele>264.98</ele>
        <time>2026-03-29T07:24:59.000Z</time>
        <speed>1.34</speed>
      </trkpt>
      <trkpt lat="50.14133" lon="14.4188067">
        <ele>264.13</ele>
        <time>2026-03-29T07:25:01.000Z</time>
        <speed>1.95</speed>
      </trkpt>
      <trkpt lat="50.141365" lon="14.418815">
        <ele>263.63</ele>
        <time>2026-03-29T07:25:03.000Z</time>
        <speed>1.97</speed>
      </trkpt>
      <trkpt lat="50.1413983" lon="14.418815">
        <ele>263.36</ele>
        <time>2026-03-29T07:25:06.000Z</time>
        <speed>1.23</speed>
      </trkpt>
      <trkpt lat="50.141425" lon="14.4188267">
        <ele>263.34</ele>
        <time>2026-03-29T07:25:09.000Z</time>
        <speed>1.03</speed>
      </trkpt>
      <trkpt lat="50.1414517" lon="14.4188517">
        <ele>263.01</ele>
        <time>2026-03-29T07:25:12.000Z</time>
        <speed>1.15</speed>
      </trkpt>
      <trkpt lat="50.1414767" lon="14.41889">
        <ele>262.41</ele>
        <time>2026-03-29T07:25:15.000Z</time>
        <speed>1.30</speed>
      </trkpt>
      <trkpt lat="50.1414983" lon="14.418925">
        <ele>261.27</ele>
        <time>2026-03-29T07:25:18.000Z</time>
        <speed>1.16</speed>
      </trkpt>
      <trkpt lat="50.1415117" lon="14.4189633">
        <ele>260.38</ele>
        <time>2026-03-29T07:25:20.000Z</time>
        <speed>1.56</speed>
      </trkpt>
      <trkpt lat="50.141545" lon="14.4189967">
        <ele>260.06</ele>
        <time>2026-03-29T07:25:22.000Z</time>
        <speed>2.20</speed>
      </trkpt>
      <trkpt lat="50.1415733" lon="14.4190267">
        <ele>259.74</ele>
        <time>2026-03-29T07:25:24.000Z</time>
        <speed>1.90</speed>
      </trkpt>
      <trkpt lat="50.141595" lon="14.4190667">
        <ele>259.37</ele>
        <time>2026-03-29T07:25:27.000Z</time>
        <speed>1.24</speed>
      </trkpt>
      <trkpt lat="50.1416117" lon="14.4191">
        <ele>258.81</ele>
        <time>2026-03-29T07:25:30.000Z</time>
        <speed>1.01</speed>
      </trkpt>
      <trkpt lat="50.1416417" lon="14.4191233">
        <ele>258.57</ele>
        <time>2026-03-29T07:25:32.000Z</time>
        <speed>1.86</speed>
      </trkpt>
      <trkpt lat="50.1416717" lon="14.4191517">
        <ele>257.83</ele>
        <time>2026-03-29T07:25:34.000Z</time>
        <speed>1.95</speed>
      </trkpt>
      <trkpt lat="50.1417033" lon="14.4191583">
        <ele>256.81</ele>
        <time>2026-03-29T07:25:36.000Z</time>
        <speed>1.77</speed>
      </trkpt>
      <trkpt lat="50.1417317" lon="14.41915">
        <ele>256.03</ele>
        <time>2026-03-29T07:25:38.000Z</time>
        <speed>1.61</speed>
      </trkpt>
      <trkpt lat="50.14177" lon="14.4191167">
        <ele>254.79</ele>
        <time>2026-03-29T07:25:41.000Z</time>
        <speed>1.62</speed>
      </trkpt>
      <trkpt lat="50.1418033" lon="14.4190883">
        <ele>255.21</ele>
        <time>2026-03-29T07:25:43.000Z</time>
        <speed>2.11</speed>
      </trkpt>
      <trkpt lat="50.1418283" lon="14.4190483">
        <ele>255.22</ele>
        <time>2026-03-29T07:25:45.000Z</time>
        <speed>1.99</speed>
      </trkpt>
      <trkpt lat="50.1418533" lon="14.419015">
        <ele>254.97</ele>
        <time>2026-03-29T07:25:47.000Z</time>
        <speed>1.83</speed>
      </trkpt>
      <trkpt lat="50.141875" lon="14.4189883">
        <ele>254.85</ele>
        <time>2026-03-29T07:25:49.000Z</time>
        <speed>1.54</speed>
      </trkpt>
      <trkpt lat="50.1418933" lon="14.41895">
        <ele>253.88</ele>
        <time>2026-03-29T07:25:51.000Z</time>
        <speed>1.70</speed>
      </trkpt>
      <trkpt lat="50.1419083" lon="14.41891">
        <ele>253.58</ele>
        <time>2026-03-29T07:25:53.000Z</time>
        <speed>1.65</speed>
      </trkpt>
      <trkpt lat="50.1419117" lon="14.4188633">
        <ele>253.54</ele>
        <time>2026-03-29T07:25:55.000Z</time>
        <speed>1.68</speed>
      </trkpt>
      <trkpt lat="50.1419167" lon="14.4188067">
        <ele>253.44</ele>
        <time>2026-03-29T07:25:57.000Z</time>
        <speed>2.04</speed>
      </trkpt>
      <trkpt lat="50.1419267" lon="14.4187617">
        <ele>253.03</ele>
        <time>2026-03-29T07:25:59.000Z</time>
        <speed>1.70</speed>
      </trkpt>
      <trkpt lat="50.1419367" lon="14.41872">
        <ele>252.72</ele>
        <time>2026-03-29T07:26:02.000Z</time>
        <speed>1.06</speed>
      </trkpt>
      <trkpt lat="50.1419333" lon="14.41868">
        <ele>252.2</ele>
        <time>2026-03-29T07:26:05.000Z</time>
        <speed>0.96</speed>
      </trkpt>
      <trkpt lat="50.1419333" lon="14.418625">
        <ele>251.59</ele>
        <time>2026-03-29T07:26:08.000Z</time>
        <speed>1.31</speed>
      </trkpt>
      <trkpt lat="50.1419217" lon="14.4185933">
        <ele>250.67</ele>
        <time>2026-03-29T07:26:11.000Z</time>
        <speed>0.87</speed>
      </trkpt>
      <trkpt lat="50.1419067" lon="14.4185683">
        <ele>249.82</ele>
        <time>2026-03-29T07:26:14.000Z</time>
        <speed>0.81</speed>
      </trkpt>
      <trkpt lat="50.1418817" lon="14.4185233">
        <ele>249.26</ele>
        <time>2026-03-29T07:26:17.000Z</time>
        <speed>1.41</speed>
      </trkpt>
      <trkpt lat="50.1418733" lon="14.4184783">
        <ele>248.88</ele>
        <time>2026-03-29T07:26:19.000Z</time>
        <speed>1.67</speed>
      </trkpt>
      <trkpt lat="50.14186" lon="14.418425">
        <ele>248.48</ele>
        <time>2026-03-29T07:26:22.000Z</time>
        <speed>1.36</speed>
      </trkpt>
      <trkpt lat="50.1418583" lon="14.4183883">
        <ele>248.15</ele>
        <time>2026-03-29T07:26:25.000Z</time>
        <speed>0.88</speed>
      </trkpt>
      <trkpt lat="50.1418567" lon="14.4183483">
        <ele>248.91</ele>
        <time>2026-03-29T07:26:28.000Z</time>
        <speed>0.95</speed>
      </trkpt>
      <trkpt lat="50.141865" lon="14.4183133">
        <ele>249.41</ele>
        <time>2026-03-29T07:26:31.000Z</time>
        <speed>0.89</speed>
      </trkpt>
      <trkpt lat="50.1418667" lon="14.41827">
        <ele>248.63</ele>
        <time>2026-03-29T07:26:33.000Z</time>
        <speed>1.54</speed>
      </trkpt>
      <trkpt lat="50.14185" lon="14.4182317">
        <ele>247.35</ele>
        <time>2026-03-29T07:26:36.000Z</time>
        <speed>1.10</speed>
      </trkpt>
      <trkpt lat="50.1418183" lon="14.418215">
        <ele>246.54</ele>
        <time>2026-03-29T07:26:39.000Z</time>
        <speed>1.24</speed>
      </trkpt>
      <trkpt lat="50.1417867" lon="14.4181817">
        <ele>247.19</ele>
        <time>2026-03-29T07:26:42.000Z</time>
        <speed>1.41</speed>
      </trkpt>
      <trkpt lat="50.14176" lon="14.4181533">
        <ele>247.2</ele>
        <time>2026-03-29T07:26:44.000Z</time>
        <speed>1.80</speed>
      </trkpt>
      <trkpt lat="50.1417367" lon="14.418115">
        <ele>246.82</ele>
        <time>2026-03-29T07:26:46.000Z</time>
        <speed>1.88</speed>
      </trkpt>
      <trkpt lat="50.1417167" lon="14.41807">
        <ele>247.17</ele>
        <time>2026-03-29T07:26:48.000Z</time>
        <speed>1.95</speed>
      </trkpt>
      <trkpt lat="50.141705" lon="14.4180183">
        <ele>246.35</ele>
        <time>2026-03-29T07:26:51.000Z</time>
        <speed>1.30</speed>
      </trkpt>
      <trkpt lat="50.1416933" lon="14.41798">
        <ele>245.33</ele>
        <time>2026-03-29T07:26:53.000Z</time>
        <speed>1.51</speed>
      </trkpt>
      <trkpt lat="50.1416783" lon="14.4179267">
        <ele>244.57</ele>
        <time>2026-03-29T07:26:55.000Z</time>
        <speed>2.07</speed>
      </trkpt>
      <trkpt lat="50.1416583" lon="14.4178883">
        <ele>243.77</ele>
        <time>2026-03-29T07:26:57.000Z</time>
        <speed>1.76</speed>
      </trkpt>
      <trkpt lat="50.1416417" lon="14.417845">
        <ele>243.38</ele>
        <time>2026-03-29T07:26:59.000Z</time>
        <speed>1.80</speed>
      </trkpt>
      <trkpt lat="50.1416317" lon="14.4178033">
        <ele>243.34</ele>
        <time>2026-03-29T07:27:01.000Z</time>
        <speed>1.59</speed>
      </trkpt>
      <trkpt lat="50.14163" lon="14.417745">
        <ele>244.25</ele>
        <time>2026-03-29T07:27:04.000Z</time>
        <speed>1.39</speed>
      </trkpt>
      <trkpt lat="50.14162" lon="14.4176833">
        <ele>245.55</ele>
        <time>2026-03-29T07:27:06.000Z</time>
        <speed>2.27</speed>
      </trkpt>
      <trkpt lat="50.141605" lon="14.417635">
        <ele>245.78</ele>
        <time>2026-03-29T07:27:08.000Z</time>
        <speed>1.91</speed>
      </trkpt>
      <trkpt lat="50.14159" lon="14.4175833">
        <ele>245.33</ele>
        <time>2026-03-29T07:27:11.000Z</time>
        <speed>1.35</speed>
      </trkpt>
      <trkpt lat="50.14158" lon="14.4175383">
        <ele>244.7</ele>
        <time>2026-03-29T07:27:14.000Z</time>
        <speed>1.13</speed>
      </trkpt>
      <trkpt lat="50.1415667" lon="14.4175">
        <ele>244.38</ele>
        <time>2026-03-29T07:27:16.000Z</time>
        <speed>1.55</speed>
      </trkpt>
      <trkpt lat="50.141545" lon="14.4174633">
        <ele>244.38</ele>
        <time>2026-03-29T07:27:18.000Z</time>
        <speed>1.78</speed>
      </trkpt>
      <trkpt lat="50.141535" lon="14.4174367">
        <ele>243.56</ele>
        <time>2026-03-29T07:27:21.000Z</time>
        <speed>0.73</speed>
      </trkpt>
      <trkpt lat="50.1415233" lon="14.4173967">
        <ele>242.78</ele>
        <time>2026-03-29T07:27:24.000Z</time>
        <speed>1.04</speed>
      </trkpt>
      <trkpt lat="50.1415117" lon="14.4173467">
        <ele>242.07</ele>
        <time>2026-03-29T07:27:27.000Z</time>
        <speed>1.26</speed>
      </trkpt>
      <trkpt lat="50.1414917" lon="14.4173167">
        <ele>242.23</ele>
        <time>2026-03-29T07:27:30.000Z</time>
        <speed>1.03</speed>
      </trkpt>
      <trkpt lat="50.1414767" lon="14.4173">
        <ele>242.52</ele>
        <time>2026-03-29T07:27:33.000Z</time>
        <speed>0.68</speed>
      </trkpt>
      <trkpt lat="50.1414483" lon="14.4172933">
        <ele>242.8</ele>
        <time>2026-03-29T07:27:36.000Z</time>
        <speed>1.06</speed>
      </trkpt>
      <trkpt lat="50.141415" lon="14.4172833">
        <ele>243.03</ele>
        <time>2026-03-29T07:27:39.000Z</time>
        <speed>1.26</speed>
      </trkpt>
      <trkpt lat="50.1413767" lon="14.4172567">
        <ele>244.02</ele>
        <time>2026-03-29T07:27:42.000Z</time>
        <speed>1.55</speed>
      </trkpt>
      <trkpt lat="50.1413517" lon="14.4172483">
        <ele>245.01</ele>
        <time>2026-03-29T07:27:45.000Z</time>
        <speed>0.95</speed>
      </trkpt>
      <trkpt lat="50.1413133" lon="14.4172717">
        <ele>246.3</ele>
        <time>2026-03-29T07:27:48.000Z</time>
        <speed>1.53</speed>
      </trkpt>
      <trkpt lat="50.141285" lon="14.417285">
        <ele>247.26</ele>
        <time>2026-03-29T07:27:51.000Z</time>
        <speed>1.09</speed>
      </trkpt>
      <trkpt lat="50.1412433" lon="14.417285">
        <ele>247.94</ele>
        <time>2026-03-29T07:27:54.000Z</time>
        <speed>1.54</speed>
      </trkpt>
      <trkpt lat="50.1412133" lon="14.4172717">
        <ele>248.63</ele>
        <time>2026-03-29T07:27:56.000Z</time>
        <speed>1.73</speed>
      </trkpt>
      <trkpt lat="50.1412233" lon="14.4172733">
        <ele>251.18</ele>
        <time>2026-03-29T07:27:59.000Z</time>
        <speed>0.37</speed>
      </trkpt>
      <trkpt lat="50.1412117" lon="14.4172933">
        <ele>251.73</ele>
        <time>2026-03-29T07:28:02.000Z</time>
        <speed>0.64</speed>
      </trkpt>
      <trkpt lat="50.1411817" lon="14.4173183">
        <ele>251.52</ele>
        <time>2026-03-29T07:28:05.000Z</time>
        <speed>1.26</speed>
      </trkpt>
      <trkpt lat="50.141155" lon="14.4173433">
        <ele>251.4</ele>
        <time>2026-03-29T07:28:07.000Z</time>
        <speed>1.73</speed>
      </trkpt>
      <trkpt lat="50.1411233" lon="14.4173567">
        <ele>251.45</ele>
        <time>2026-03-29T07:28:10.000Z</time>
        <speed>1.22</speed>
      </trkpt>
      <trkpt lat="50.141095" lon="14.41737">
        <ele>251.26</ele>
        <time>2026-03-29T07:28:13.000Z</time>
        <speed>1.09</speed>
      </trkpt>
      <trkpt lat="50.1410567" lon="14.41736">
        <ele>251.38</ele>
        <time>2026-03-29T07:28:16.000Z</time>
        <speed>1.44</speed>
      </trkpt>
      <trkpt lat="50.141025" lon="14.4173583">
        <ele>251.14</ele>
        <time>2026-03-29T07:28:19.000Z</time>
        <speed>1.18</speed>
      </trkpt>
      <trkpt lat="50.1410017" lon="14.4173533">
        <ele>251.29</ele>
        <time>2026-03-29T07:28:22.000Z</time>
        <speed>0.87</speed>
      </trkpt>
      <trkpt lat="50.1409633" lon="14.4173567">
        <ele>251.43</ele>
        <time>2026-03-29T07:28:25.000Z</time>
        <speed>1.43</speed>
      </trkpt>
      <trkpt lat="50.14093" lon="14.4173533">
        <ele>251.6</ele>
        <time>2026-03-29T07:28:27.000Z</time>
        <speed>1.86</speed>
      </trkpt>
      <trkpt lat="50.1408933" lon="14.41735">
        <ele>251.81</ele>
        <time>2026-03-29T07:28:30.000Z</time>
        <speed>1.36</speed>
      </trkpt>
      <trkpt lat="50.1408633" lon="14.417345">
        <ele>251.93</ele>
        <time>2026-03-29T07:28:32.000Z</time>
        <speed>1.68</speed>
      </trkpt>
      <trkpt lat="50.1408333" lon="14.4173317">
        <ele>252.22</ele>
        <time>2026-03-29T07:28:35.000Z</time>
        <speed>1.16</speed>
      </trkpt>
      <trkpt lat="50.1407967" lon="14.4173183">
        <ele>252.13</ele>
        <time>2026-03-29T07:28:38.000Z</time>
        <speed>1.39</speed>
      </trkpt>
      <trkpt lat="50.1407633" lon="14.4173183">
        <ele>252.3</ele>
        <time>2026-03-29T07:28:41.000Z</time>
        <speed>1.24</speed>
      </trkpt>
      <trkpt lat="50.1407333" lon="14.4173217">
        <ele>252</ele>
        <time>2026-03-29T07:28:44.000Z</time>
        <speed>1.11</speed>
      </trkpt>
      <trkpt lat="50.1407033" lon="14.4173233">
        <ele>252.03</ele>
        <time>2026-03-29T07:28:47.000Z</time>
        <speed>1.11</speed>
      </trkpt>
      <trkpt lat="50.1406733" lon="14.4173217">
        <ele>251.77</ele>
        <time>2026-03-29T07:28:49.000Z</time>
        <speed>1.67</speed>
      </trkpt>
      <trkpt lat="50.1406433" lon="14.4173283">
        <ele>251.74</ele>
        <time>2026-03-29T07:28:51.000Z</time>
        <speed>1.68</speed>
      </trkpt>
      <trkpt lat="50.1406233" lon="14.4173433">
        <ele>252.79</ele>
        <time>2026-03-29T07:28:54.000Z</time>
        <speed>0.82</speed>
      </trkpt>
      <trkpt lat="50.1406017" lon="14.4173333">
        <ele>255.01</ele>
        <time>2026-03-29T07:28:57.000Z</time>
        <speed>0.84</speed>
      </trkpt>
      <trkpt lat="50.1405733" lon="14.4173267">
        <ele>255.78</ele>
        <time>2026-03-29T07:28:59.000Z</time>
        <speed>1.60</speed>
      </trkpt>
      <trkpt lat="50.1405417" lon="14.4173267">
        <ele>256.64</ele>
        <time>2026-03-29T07:29:01.000Z</time>
        <speed>1.76</speed>
      </trkpt>
      <trkpt lat="50.1405067" lon="14.41734">
        <ele>256.56</ele>
        <time>2026-03-29T07:29:03.000Z</time>
        <speed>2.00</speed>
      </trkpt>
      <trkpt lat="50.1404767" lon="14.4173433">
        <ele>256.46</ele>
        <time>2026-03-29T07:29:05.000Z</time>
        <speed>1.67</speed>
      </trkpt>
      <trkpt lat="50.1404433" lon="14.4173517">
        <ele>256.88</ele>
        <time>2026-03-29T07:29:07.000Z</time>
        <speed>1.88</speed>
      </trkpt>
      <trkpt lat="50.1404117" lon="14.417355">
        <ele>257.66</ele>
        <time>2026-03-29T07:29:09.000Z</time>
        <speed>1.76</speed>
      </trkpt>
      <trkpt lat="50.14038" lon="14.4173567">
        <ele>257.71</ele>
        <time>2026-03-29T07:29:12.000Z</time>
        <speed>1.18</speed>
      </trkpt>
      <trkpt lat="50.1403467" lon="14.417375">
        <ele>257.83</ele>
        <time>2026-03-29T07:29:15.000Z</time>
        <speed>1.31</speed>
      </trkpt>
      <trkpt lat="50.14033" lon="14.4173967">
        <ele>257.94</ele>
        <time>2026-03-29T07:29:18.000Z</time>
        <speed>0.81</speed>
      </trkpt>
      <trkpt lat="50.1403267" lon="14.41743">
        <ele>257.64</ele>
        <time>2026-03-29T07:29:21.000Z</time>
        <speed>0.80</speed>
      </trkpt>
      <trkpt lat="50.1402967" lon="14.4174817">
        <ele>258.61</ele>
        <time>2026-03-29T07:29:25.000Z</time>
        <speed>1.24</speed>
      </trkpt>
      <trkpt lat="50.1402933" lon="14.4175133">
        <ele>260.32</ele>
        <time>2026-03-29T07:29:28.000Z</time>
        <speed>0.76</speed>
      </trkpt>
      <trkpt lat="50.1402883" lon="14.4175367">
        <ele>261.78</ele>
        <time>2026-03-29T07:29:31.000Z</time>
        <speed>0.59</speed>
      </trkpt>
      <trkpt lat="50.140265" lon="14.4175683">
        <ele>263.21</ele>
        <time>2026-03-29T07:29:35.000Z</time>
        <speed>0.86</speed>
      </trkpt>
      <trkpt lat="50.14026" lon="14.41759">
        <ele>263.6</ele>
        <time>2026-03-29T07:29:38.000Z</time>
        <speed>0.55</speed>
      </trkpt>
      <trkpt lat="50.1402517" lon="14.41763">
        <ele>263.91</ele>
        <time>2026-03-29T07:29:47.000Z</time>
        <speed>0.33</speed>
      </trkpt>
      <trkpt lat="50.1402467" lon="14.4176517">
        <ele>263.59</ele>
        <time>2026-03-29T07:29:50.000Z</time>
        <speed>0.55</speed>
      </trkpt>
      <trkpt lat="50.140265" lon="14.41769">
        <ele>263.7</ele>
        <time>2026-03-29T07:29:51.000Z</time>
        <speed>3.41</speed>
      </trkpt>
      <trkpt lat="50.1402517" lon="14.41775">
        <ele>263.22</ele>
        <time>2026-03-29T07:29:55.000Z</time>
        <speed>1.13</speed>
      </trkpt>
      <trkpt lat="50.1402467" lon="14.4177883">
        <ele>263.32</ele>
        <time>2026-03-29T07:29:58.000Z</time>
        <speed>0.93</speed>
      </trkpt>
      <trkpt lat="50.1402417" lon="14.4178233">
        <ele>262.46</ele>
        <time>2026-03-29T07:30:01.000Z</time>
        <speed>0.85</speed>
      </trkpt>
      <trkpt lat="50.140225" lon="14.4178383">
        <ele>262.43</ele>
        <time>2026-03-29T07:30:04.000Z</time>
        <speed>0.71</speed>
      </trkpt>
      <trkpt lat="50.1402083" lon="14.417895">
        <ele>262.99</ele>
        <time>2026-03-29T07:30:06.000Z</time>
        <speed>2.22</speed>
      </trkpt>
      <trkpt lat="50.14019" lon="14.4179433">
        <ele>263.65</ele>
        <time>2026-03-29T07:30:08.000Z</time>
        <speed>2.00</speed>
      </trkpt>
      <trkpt lat="50.1401717" lon="14.41799">
        <ele>264.1</ele>
        <time>2026-03-29T07:30:10.000Z</time>
        <speed>1.95</speed>
      </trkpt>
      <trkpt lat="50.14015" lon="14.4180417">
        <ele>264.67</ele>
        <time>2026-03-29T07:30:12.000Z</time>
        <speed>2.20</speed>
      </trkpt>
      <trkpt lat="50.140125" lon="14.4181033">
        <ele>265.25</ele>
        <time>2026-03-29T07:30:14.000Z</time>
        <speed>2.60</speed>
      </trkpt>
      <trkpt lat="50.14011" lon="14.418165">
        <ele>266.64</ele>
        <time>2026-03-29T07:30:16.000Z</time>
        <speed>2.35</speed>
      </trkpt>
      <trkpt lat="50.1401017" lon="14.4182333">
        <ele>267.08</ele>
        <time>2026-03-29T07:30:18.000Z</time>
        <speed>2.48</speed>
      </trkpt>
      <trkpt lat="50.1401" lon="14.418285">
        <ele>267.59</ele>
        <time>2026-03-29T07:30:21.000Z</time>
        <speed>1.23</speed>
      </trkpt>
      <trkpt lat="50.1400867" lon="14.4183">
        <ele>267.63</ele>
        <time>2026-03-29T07:30:24.000Z</time>
        <speed>0.61</speed>
      </trkpt>
      <trkpt lat="50.14006" lon="14.4183267">
        <ele>267.71</ele>
        <time>2026-03-29T07:30:27.000Z</time>
        <speed>1.18</speed>
      </trkpt>
      <trkpt lat="50.1400483" lon="14.4183233">
        <ele>267.16</ele>
        <time>2026-03-29T07:30:30.000Z</time>
        <speed>0.44</speed>
      </trkpt>
      <trkpt lat="50.1400333" lon="14.4184017">
        <ele>266.64</ele>
        <time>2026-03-29T07:30:41.000Z</time>
        <speed>0.53</speed>
      </trkpt>
      <trkpt lat="50.14004" lon="14.4184517">
        <ele>266.73</ele>
        <time>2026-03-29T07:30:44.000Z</time>
        <speed>1.21</speed>
      </trkpt>
      <trkpt lat="50.1400367" lon="14.4185067">
        <ele>266.3</ele>
        <time>2026-03-29T07:30:47.000Z</time>
        <speed>1.31</speed>
      </trkpt>
      <trkpt lat="50.140035" lon="14.4185483">
        <ele>265.68</ele>
        <time>2026-03-29T07:30:50.000Z</time>
        <speed>0.99</speed>
      </trkpt>
      <trkpt lat="50.140025" lon="14.4185917">
        <ele>265.73</ele>
        <time>2026-03-29T07:30:53.000Z</time>
        <speed>1.09</speed>
      </trkpt>
      <trkpt lat="50.1400217" lon="14.4186433">
        <ele>264.79</ele>
        <time>2026-03-29T07:30:56.000Z</time>
        <speed>1.23</speed>
      </trkpt>
      <trkpt lat="50.1400133" lon="14.418685">
        <ele>263.82</ele>
        <time>2026-03-29T07:30:58.000Z</time>
        <speed>1.56</speed>
      </trkpt>
      <trkpt lat="50.1400033" lon="14.4187283">
        <ele>262.84</ele>
        <time>2026-03-29T07:31:00.000Z</time>
        <speed>1.64</speed>
      </trkpt>
      <trkpt lat="50.13999" lon="14.4187833">
        <ele>261.11</ele>
        <time>2026-03-29T07:31:03.000Z</time>
        <speed>1.40</speed>
      </trkpt>
      <trkpt lat="50.139985" lon="14.418835">
        <ele>260.08</ele>
        <time>2026-03-29T07:31:06.000Z</time>
        <speed>1.24</speed>
      </trkpt>
      <trkpt lat="50.1399817" lon="14.4188883">
        <ele>259.49</ele>
        <time>2026-03-29T07:31:09.000Z</time>
        <speed>1.27</speed>
      </trkpt>
      <trkpt lat="50.139985" lon="14.41893">
        <ele>258.8</ele>
        <time>2026-03-29T07:31:12.000Z</time>
        <speed>1.00</speed>
      </trkpt>
      <trkpt lat="50.13999" lon="14.41897">
        <ele>258.73</ele>
        <time>2026-03-29T07:31:15.000Z</time>
        <speed>0.97</speed>
      </trkpt>
      <trkpt lat="50.14" lon="14.4190267">
        <ele>258.83</ele>
        <time>2026-03-29T07:31:18.000Z</time>
        <speed>1.40</speed>
      </trkpt>
      <trkpt lat="50.14" lon="14.41907">
        <ele>258.93</ele>
        <time>2026-03-29T07:31:21.000Z</time>
        <speed>1.03</speed>
      </trkpt>
      <trkpt lat="50.13999" lon="14.4191033">
        <ele>258.63</ele>
        <time>2026-03-29T07:31:24.000Z</time>
        <speed>0.87</speed>
      </trkpt>
      <trkpt lat="50.13998" lon="14.4191467">
        <ele>258.68</ele>
        <time>2026-03-29T07:31:27.000Z</time>
        <speed>1.09</speed>
      </trkpt>
      <trkpt lat="50.1399667" lon="14.4191867">
        <ele>259.54</ele>
        <time>2026-03-29T07:31:30.000Z</time>
        <speed>1.07</speed>
      </trkpt>
      <trkpt lat="50.1399633" lon="14.4192283">
        <ele>260.83</ele>
        <time>2026-03-29T07:31:33.000Z</time>
        <speed>1.00</speed>
      </trkpt>
      <trkpt lat="50.1399583" lon="14.4192733">
        <ele>261.47</ele>
        <time>2026-03-29T07:31:36.000Z</time>
        <speed>1.09</speed>
      </trkpt>
      <trkpt lat="50.1399467" lon="14.4193183">
        <ele>261.37</ele>
        <time>2026-03-29T07:31:39.000Z</time>
        <speed>1.15</speed>
      </trkpt>
      <trkpt lat="50.1399433" lon="14.4193633">
        <ele>261.02</ele>
        <time>2026-03-29T07:31:42.000Z</time>
        <speed>1.08</speed>
      </trkpt>
      <trkpt lat="50.1399433" lon="14.419395">
        <ele>260.18</ele>
        <time>2026-03-29T07:31:45.000Z</time>
        <speed>0.75</speed>
      </trkpt>
      <trkpt lat="50.1399317" lon="14.4194283">
        <ele>259.24</ele>
        <time>2026-03-29T07:31:48.000Z</time>
        <speed>0.90</speed>
      </trkpt>
      <trkpt lat="50.13993" lon="14.4194667">
        <ele>259.83</ele>
        <time>2026-03-29T07:31:51.000Z</time>
        <speed>0.91</speed>
      </trkpt>
      <trkpt lat="50.139945" lon="14.4195117">
        <ele>260.78</ele>
        <time>2026-03-29T07:31:54.000Z</time>
        <speed>1.21</speed>
      </trkpt>
      <trkpt lat="50.1399467" lon="14.419555">
        <ele>261.3</ele>
        <time>2026-03-29T07:31:57.000Z</time>
        <speed>1.03</speed>
      </trkpt>
      <trkpt lat="50.139945" lon="14.4196">
        <ele>262.05</ele>
        <time>2026-03-29T07:32:00.000Z</time>
        <speed>1.07</speed>
      </trkpt>
      <trkpt lat="50.1399367" lon="14.419645">
        <ele>263.15</ele>
        <time>2026-03-29T07:32:03.000Z</time>
        <speed>1.11</speed>
      </trkpt>
      <trkpt lat="50.1399333" lon="14.419675">
        <ele>263.92</ele>
        <time>2026-03-29T07:32:06.000Z</time>
        <speed>0.72</speed>
      </trkpt>
      <trkpt lat="50.139925" lon="14.4196967">
        <ele>264.68</ele>
        <time>2026-03-29T07:32:09.000Z</time>
        <speed>0.60</speed>
      </trkpt>
      <trkpt lat="50.1399183" lon="14.4197167">
        <ele>265.36</ele>
        <time>2026-03-29T07:32:12.000Z</time>
        <speed>0.54</speed>
      </trkpt>
      <trkpt lat="50.13991" lon="14.419745">
        <ele>266.07</ele>
        <time>2026-03-29T07:32:15.000Z</time>
        <speed>0.74</speed>
      </trkpt>
      <trkpt lat="50.13991" lon="14.4197683">
        <ele>266.07</ele>
        <time>2026-03-29T07:32:18.000Z</time>
        <speed>0.55</speed>
      </trkpt>
      <trkpt lat="50.13984243880833" lon="14.419797065225762">
        <ele>265.26</ele>
        <time>2026-03-29T07:32:44.000Z</time>
        <speed>0.09</speed>
      </trkpt>
      <trkpt lat="50.13978742216208" lon="14.419839989977714">
        <ele>263.81</ele>
        <time>2026-03-29T07:32:57.000Z</time>
        <speed>0.48</speed>
      </trkpt>
      <trkpt lat="50.1397427210757" lon="14.419872183541688">
        <ele>264.1</ele>
        <time>2026-03-29T07:33:00.000Z</time>
        <speed>0.68</speed>
      </trkpt>
      <trkpt lat="50.13968770549122" lon="14.419866842642923">
        <ele>264.11</ele>
        <time>2026-03-29T07:33:03.000Z</time>
        <speed>0.59</speed>
      </trkpt>
      <trkpt lat="50.13963269054934" lon="14.419877611461722">
        <ele>263.76</ele>
        <time>2026-03-29T07:33:06.000Z</time>
        <speed>0.87</speed>
      </trkpt>
      <trkpt lat="50.139591429595505" lon="14.419915195314912">
        <ele>263.56</ele>
        <time>2026-03-29T07:33:09.000Z</time>
        <speed>1.35</speed>
      </trkpt>
      <trkpt lat="50.13954673044359" lon="14.41992057854837">
        <ele>263.27</ele>
        <time>2026-03-29T07:33:12.000Z</time>
        <speed>0.88</speed>
      </trkpt>
      <trkpt lat="50.1395089419332" lon="14.419861447649833">
        <ele>262.87</ele>
        <time>2026-03-29T07:33:15.000Z</time>
        <speed>0.49</speed>
      </trkpt>
      <trkpt lat="50.13949862767136" lon="14.41978640929946">
        <ele>262.47</ele>
        <time>2026-03-29T07:33:18.000Z</time>
        <speed>0.67</speed>
      </trkpt>
      <trkpt lat="50.139505500708964" lon="14.419743571568775">
        <ele>262.23</ele>
        <time>2026-03-29T07:33:21.000Z</time>
        <speed>1.30</speed>
      </trkpt>
      <trkpt lat="50.13952953421579" lon="14.419668559089587">
        <ele>261.88</ele>
        <time>2026-03-29T07:33:23.000Z</time>
        <speed>1.49</speed>
      </trkpt>
      <trkpt lat="50.13954328686925" lon="14.419582744864622">
        <ele>261.88</ele>
        <time>2026-03-29T07:33:26.000Z</time>
        <speed>1.36</speed>
      </trkpt>
      <trkpt lat="50.139557039518714" lon="14.419539827168464">
        <ele>262.23</ele>
        <time>2026-03-29T07:33:28.000Z</time>
        <speed>1.56</speed>
      </trkpt>
      <trkpt lat="50.13957766895611" lon="14.41947544944823">
        <ele>262.61</ele>
        <time>2026-03-29T07:33:31.000Z</time>
        <speed>1.19</speed>
      </trkpt>
      <trkpt lat="50.13955359853327" lon="14.41940575434854">
        <ele>263.44</ele>
        <time>2026-03-29T07:33:34.000Z</time>
        <speed>1.28</speed>
      </trkpt>
      <trkpt lat="50.13956047321" lon="14.419319973050513">
        <ele>264.1</ele>
        <time>2026-03-29T07:33:37.000Z</time>
        <speed>0.87</speed>
      </trkpt>
      <trkpt lat="50.13956047179827" lon="14.41925565177657">
        <ele>264.77</ele>
        <time>2026-03-29T07:33:40.000Z</time>
        <speed>0.91</speed>
      </trkpt>
      <trkpt lat="50.13957078557621" lon="14.419191328150662">
        <ele>265.15</ele>
        <time>2026-03-29T07:33:43.000Z</time>
        <speed>1.02</speed>
      </trkpt>
      <trkpt lat="50.13958109676373" lon="14.419127020988265">
        <ele>265.04</ele>
        <time>2026-03-29T07:33:46.000Z</time>
        <speed>0.93</speed>
      </trkpt>
      <trkpt lat="50.13956734129769" lon="14.4190734309023">
        <ele>265.1</ele>
        <time>2026-03-29T07:33:49.000Z</time>
        <speed>1.18</speed>
      </trkpt>
      <trkpt lat="50.139512324570376" lon="14.419046634683335">
        <ele>265.57</ele>
        <time>2026-03-29T07:33:52.000Z</time>
        <speed>0.63</speed>
      </trkpt>
      <trkpt lat="50.13947794008365" lon="14.419041300840366">
        <ele>268.31</ele>
        <time>2026-03-29T07:34:26.000Z</time>
        <speed>0.28</speed>
      </trkpt>
    </trkseg>
  </trk>
</gpx>